P001	Z001_Z002_Z003_Z004_Z004_Z005_Z003_Z006_Z007_Z008_Z006_Z009_Z010
P002	Z001_Z002_Z003_Z004_Z004_Z003_Z003_Z006_Z007_Z008_Z006_Z009_Z010
P003	Z001_Z002_Z003_Z004_Z004_Z003_Z003_Z006_Z011_Z008_Z012_Z008_Z009_Z010
P004	Z001_Z002_Z003_Z004_Z004_Z005_Z003_Z006_Z011_Z007_Z008_Z006_Z009_Z010
P005	Z001_Z002_Z003_Z004_Z008_Z006_Z009_Z010
P006	Z001_Z002_Z003_Z004_Z004_Z005_Z003_Z003_Z006_Z013_Z010
P007	Z001_Z002_Z003_Z004_Z014_Z003_Z006_Z007_Z007_Z008_Z006_Z009_Z010
P008	Z001_Z002_Z003_Z004_Z004_Z003_Z003_Z006_Z011_Z008_Z012_Z008_Z008_Z008_Z009_Z010
P009	Z001_Z002_Z003_Z004_Z004_Z005_Z013_Z013_Z008_Z008_Z006_Z007_Z008_Z006_Z009_Z010
P010	Z001_Z002_Z003_Z004_Z007_Z008_Z006_Z009_Z010
P011	Z001_Z002_Z003_Z004_Z004_Z003_Z006_Z007_Z008_Z006_Z009_Z010
P012	Z001_Z002_Z003_Z004_Z005_Z003_Z006_Z007_Z008_Z006_Z009_Z010
P013	Z001_Z002_Z003_Z004_Z004_Z003_Z003_Z003_Z004_Z004_Z003_Z006_Z011_Z008_Z012_Z008_Z009_Z010
P014	Z001_Z002_Z003_Z004_Z004_Z005_Z003_Z006_Z009_Z010
P015	Z001_Z002_Z003_Z004_Z004_Z003_Z003_Z003_Z006_Z011_Z008_Z012_Z015_Z009_Z010
P016	Z001_Z002_Z003_Z004_Z004_Z003_Z003_Z006_Z007_Z008_Z006_Z010
P017	Z001_Z002_Z003_Z004_Z004_Z005_Z003_Z003_Z006_Z011_Z008_Z012_Z008_Z009_Z010
P018	Z001_Z002_Z003_Z004_Z004_Z005_Z003_Z006_Z007_Z016_Z006_Z017_Z010
P019	Z001_Z003_Z004_Z004_Z005_Z003_Z006_Z007_Z008_Z006_Z009_Z010
P020	Z001_Z002_Z003_Z004_Z004_Z005_Z003_Z006_Z007_Z008_Z009_Z010
P021	Z001_Z002_Z003_Z004_Z004_Z003_Z003_Z003_Z006_Z007_Z008_Z006_Z010
P022	Z001_Z002_Z003_Z004_Z004_Z005_Z003_Z006_Z007_Z008_Z017_Z009_Z010
P023	Z001_Z002_Z003_Z004_Z004_Z003_Z003_Z006_Z011_Z008_Z012_Z015_Z009_Z010
P024	Z001_Z002_Z003_Z004_Z004_Z003_Z003_Z006_Z011_Z008_Z012_Z008_Z009
P025	Z001_Z002_Z003_Z004_Z018_Z003_Z006_Z011_Z008_Z012_Z008_Z009_Z010
P026	Z001_Z002_Z003_Z004_Z004_Z011_Z003_Z003_Z006_Z011_Z008_Z012_Z008_Z009_Z010
P027	Z001_Z002_Z004_Z004_Z019_Z003_Z006_Z011_Z008_Z012_Z015_Z009_Z010
P028	Z001_Z002_Z003_Z004_Z004_Z003_Z003_Z006_Z011_Z008_Z012_Z008_Z017_Z009_Z010
P029	Z001_Z002_Z003_Z004_Z004_Z005_Z003_Z006_Z007_Z011_Z006_Z017_Z010
P030	Z001_Z002_Z003_Z004_Z004_Z005_Z005_Z003_Z006_Z007_Z008_Z006_Z009_Z010
P031	Z001_Z002_Z003_Z004_Z004_Z005_Z003_Z006_Z007_Z008_Z008_Z006_Z009_Z010
P032	Z001_Z002_Z003_Z004_Z004_Z005_Z003_Z006_Z006_Z008_Z006_Z017_Z010
P033	Z001_Z002_Z003_Z004_Z004_Z005_Z003_Z006_Z020_Z016_Z006_Z017_Z010
P034	Z001_Z002_Z003_Z004_Z004_Z005_Z003_Z006_Z021_Z008_Z006_Z009_Z010
P035	Z001_Z002_Z003_Z004_Z004_Z005_Z003_Z006_Z007_Z008_Z006_Z017_Z010
P036	Z001_Z002_Z003_Z004_Z004_Z022_Z003_Z006_Z007_Z008_Z006_Z009_Z010
P037	Z001_Z002_Z003_Z004_Z007_Z008_Z006_Z009_Z007_Z008_Z006_Z009_Z010
P038	Z001_Z002_Z003_Z004_Z005_Z003_Z004_Z003_Z003_Z006_Z007_Z008_Z006_Z009_Z010
P039	Z001_Z002_Z003_Z004_Z004_Z008_Z003_Z006_Z011_Z008_Z012_Z008_Z009_Z010
P040	Z001_Z002_Z005_Z003_Z006_Z007_Z008_Z006_Z009_Z010
P041	Z001_Z002_Z003_Z069_Z004_Z005_Z003_Z006_Z007_Z008_Z006_Z009_Z010
P042	Z001_Z002_Z003_Z004_Z004_Z004_Z005_Z003_Z006_Z007_Z008_Z006_Z009_Z010
P043	Z001_Z002_Z003_Z004_Z004_Z005_Z003_Z006_Z007_Z008_Z006_Z070_Z010
P044	Z001_Z002_Z003_Z004_Z004_Z005_Z003_Z071_Z007_Z008_Z006_Z009_Z010
P045	Z001_Z002_Z018_Z004_Z004_Z005_Z003_Z006_Z007_Z008_Z006_Z009_Z010
P046	Z001_Z002_Z003_Z004_Z004_Z005_Z003_Z068_Z007_Z008_Z006_Z017_Z010
P047	Z001_Z002_Z003_Z006_Z007_Z008_Z006_Z009_Z010
P048	Z001_Z002_Z003_Z004_Z004_Z005_Z003_Z006_Z017_Z010
P049	Z001_Z002_Z003_Z004_Z051_Z004_Z004_Z005_Z003_Z006_Z007_Z008_Z006_Z009_Z010
P050	Z001_Z002_Z003_Z004_Z004_Z005_Z003_Z006_Z007_Z060_Z006_Z009_Z010
P051	Z001_Z002_Z003_Z004_Z004_Z005_Z003_Z006_Z007_Z008_Z006_Z008_Z009_Z010
P052	Z001_Z002_Z003_Z004_Z004_Z005_Z003_Z006_Z007_Z008_Z006_Z009
P053	Z001_Z081_Z003_Z004_Z004_Z005_Z003_Z071_Z007_Z008_Z006_Z009_Z010
P054	Z001_Z002_Z003_Z004_Z004_Z005_Z003_Z045_Z007_Z008_Z006_Z009_Z010
P055	Z001_Z002_Z003_Z004_Z085_Z005_Z003_Z006_Z007_Z008_Z006_Z009_Z010
P056	Z001_Z002_Z003_Z004_Z004_Z005_Z018_Z006_Z007_Z008_Z006_Z009_Z010
P057	Z001_Z002_Z003_Z004_Z085_Z003_Z087_Z006_Z007_Z008_Z006_Z009_Z010
P058	Z001_Z002_Z003_Z004_Z004_Z005_Z003_Z006_Z007_Z008_Z086_Z009_Z010
P059	Z001_Z084_Z003_Z004_Z004_Z005_Z003_Z006_Z007_Z008_Z006_Z009_Z010
P060	Z001_Z002_Z003_Z004_Z004_Z005_Z003_Z006_Z007_Z008_Z090_Z091_Z045_Z065_Z009_Z010
P061	Z001_Z002_Z003_Z004_Z004_Z003_Z003_Z088_Z012_Z015_Z089_Z010
P062	Z001_Z002_Z003_Z004_Z004_Z003_Z003_Z006_Z092_Z008_Z012_Z008_Z045_Z010
P074	Z001_Z002_Z003_Z003_Z006_Z007_Z008_Z006_Z009_Z010
P081	Z001_Z002_Z003_Z004_Z003_Z003_Z006_Z011_Z008_Z012_Z008_Z009_Z010
P601	Z001_Z002_Z003_Z004_Z003_Z003_Z006_Z007_Z008_Z006_Z009_Z010
P602	Z001_Z002_Z003_Z072_Z004_Z003_Z003_Z006_Z007_Z008_Z006_Z009_Z010
P603	Z001_Z002_Z003_Z018_Z004_Z005_Z003_Z006_Z007_Z008_Z006_Z009_Z010
P604	Z001_Z002_Z003_Z004_Z005_Z003_Z006_Z007_Z008_Z045_Z010
P605	Z001_Z002_Z003_Z004_Z004_Z073_Z003_Z006_Z007_Z008_Z006_Z009_Z010
P606	Z001_Z002_Z003_Z004_Z043_Z003_Z003_Z006_Z007_Z008_Z006_Z009_Z010
P607	Z001_Z002_Z003_Z004_Z004_Z003_Z003_Z006_Z007_Z074_Z006_Z009_Z010
P608	Z001_Z002_Z003_Z004_Z004_Z005_Z003_Z006_Z007_Z008_Z006_Z075_Z010
P609	Z001_Z002_Z003_Z004_Z004_Z005_Z003_Z006_Z007_Z011_Z017_Z010
P610	Z001_Z002_Z003_Z004_Z004_Z003_Z003_Z003_Z004_Z004_Z003_Z006_Z011_Z008_Z012_Z028_Z008_Z009_Z010
P611	Z001_Z002_Z043_Z004_Z004_Z003_Z003_Z003_Z006_Z011_Z008_Z012_Z015_Z009_Z010
P612	Z001_Z002_Z003_Z004_Z004_Z003_Z003_Z003_Z006_Z011_Z008_Z076_Z008_Z009_Z010
P613	Z001_Z002_Z003_Z004_Z004_Z043_Z004_Z004_Z043_Z043_Z003_Z006_Z007_Z008_Z006_Z009_Z010
P614	Z001_Z002_Z077_Z004_Z004_Z005_Z003_Z006_Z007_Z008_Z008_Z006_Z009_Z010
P615	Z001_Z002_Z003_Z004_Z004_Z004_Z003_Z003_Z006_Z007_Z008_Z006_Z010
P616	Z001_Z002_Z003_Z004_Z004_Z003_Z003_Z006_Z011_Z008_Z012_Z048_Z009_Z010
P617	Z001_Z002_Z003_Z004_Z004_Z005_Z003_Z068_Z007_Z008_Z006_Z009_Z010
P618	Z001_Z002_Z003_Z003_Z003_Z006_Z007_Z008_Z006_Z009_Z010
P619	Z001_Z002_Z003_Z004_Z004_Z005_Z003_Z004_Z005_Z003_Z006_Z007_Z008_Z008_Z006_Z009_Z010
P620	Z001_Z002_Z003_Z072_Z078_Z003_Z003_Z006_Z007_Z008_Z006_Z009_Z010
P621	Z001_Z002_Z003_Z004_Z004_Z079_Z003_Z006_Z007_Z008_Z006_Z009_Z010
P622	Z001_Z002_Z003_Z004_Z004_Z005_Z003_Z006_Z007_Z008_Z006_Z009_Z080
P623	Z001_Z002_Z003_Z004_Z004_Z003_Z003_Z006_Z048_Z008_Z008_Z009_Z010
P624	Z001_Z002_Z003_Z081_Z004_Z005_Z003_Z006_Z007_Z008_Z006_Z009_Z010
P625	Z001_Z002_Z003_Z004_Z004_Z005_Z082_Z006_Z007_Z008_Z006_Z009_Z010
P626	Z001_Z002_Z003_Z004_Z004_Z005_Z003_Z006_Z011_Z008_Z012_Z015_Z009_Z010
P627	Z001_Z002_Z003_Z004_Z004_Z003_Z003_Z006_Z048_Z008_Z012_Z008_Z009_Z010
P628	Z001_Z083_Z003_Z004_Z004_Z005_Z003_Z006_Z007_Z011_Z006_Z017_Z010
P629	Z001_Z002_Z003_Z004_Z004_Z003_Z003_Z006_Z007_Z008_Z006_Z063_Z009_Z010
P630	Z001_Z002_Z003_Z043_Z004_Z005_Z003_Z006_Z007_Z008_Z006_Z009_Z010
P631	Z001_Z002_Z002_Z003_Z004_Z004_Z003_Z003_Z006_Z011_Z008_Z003_Z008_Z009_Z010
P632	Z001_Z002_Z003_Z072_Z004_Z003_Z003_Z006_Z007_Z008_Z006_Z009_Z010_Z010
P633	Z001_Z002_Z003_Z004_Z004_Z003_Z003_Z006_Z007_Z008_Z008_Z006_Z009_Z010
P634	Z001_Z002_Z004_Z004_Z003_Z003_Z006_Z007_Z008_Z006_Z009_Z010
P635	Z001_Z002_Z003_Z004_Z004_Z005_Z005_Z093_Z007_Z008_Z008_Z006_Z009_Z010
P636	Z001_Z002_Z003_Z043_Z003_Z094_Z004_Z005_Z003_Z006_Z007_Z008_Z006_Z009_Z010
P637	Z001_Z002_Z003_Z004_Z018_Z003_Z006_Z007_Z008_Z006_Z009_Z010
P638	Z001_Z002_Z003_Z004_Z004_Z003_Z006_Z011_Z008_Z012_Z095_Z009_Z010
P639	Z001_Z096_Z003_Z004_Z018_Z003_Z097_Z007_Z011_Z048_Z008_Z006_Z009_Z010
P640	Z001_Z002_Z003_Z004_Z004_Z003_Z038_Z006_Z007_Z008_Z006_Z009_Z010
P641	Z001_Z002_Z003_Z004_Z098_Z003_Z003_Z006_Z007_Z008_Z006_Z009_Z010
P642	Z001_Z002_Z003_Z004_Z004_Z099_Z003_Z006_Z007_Z008_Z006_Z009_Z010
