alleva-2021	A	Z001_Z002_Z003_Z004_Z004_Z005_Z003_Z006_Z007_Z008_Z006_Z009_Z010
alleva-2021	Av:0020	Z001_Z002_Z046_Z003_Z004_Z004_Z005_Z003_Z006_Z007_Z008_Z006_Z009_Z010
alleva-2021	Av:0027	Z001_Z002_Z003_Z004_Z004_Z006_Z005_Z003_Z021_Z007_Z008_Z006_Z009_Z010
alleva-2021	Av:0029	Z001_Z002_Z003_Z004_Z004_Z005_Z043_Z005_Z006_Z007_Z008_Z006_Z009_Z010
alleva-2021	Av:0035	Z001_Z002_Z003_Z004_Z004_Z005_Z003_Z006_Z007_Z008_Z006_Z008_Z045_Z010
alleva-2021	Av:0041	Z001_Z002_Z003_Z004_Z004_Z005_Z003_Z006_Z007_Z007_Z007_Z008_Z006_Z009_Z010
alleva-2021	Av:0043	Z001_Z002_Z003_Z004_Z006_Z003_Z006_Z007_Z008_Z006_Z009_Z010
alleva-2021	Av:0047	Z001_Z002_Z003_Z004_Z004_Z005_Z004_Z004_Z047_Z004_Z005_Z003_Z006_Z007_Z008_Z006_Z009_Z010
alleva-2021	Av:0048	Z001_Z002_Z003_Z004_Z004_Z005_Z003_Z006_Z007_Z008_Z006_Z009_Z008_Z006_Z008_Z006_Z009_Z010
alleva-2021	Av:0049	Z001_Z002_Z003_Z004_Z004_Z005_Z003_Z006_Z004_Z004_Z004_Z005_Z003_Z006_Z007_Z008_Z006_Z009_Z010
alleva-2021	Av:0050	Z001_Z002_Z003_Z004_Z004_Z005_Z003_Z006_Z007_Z008_Z006_Z017_Z007_Z008_Z006_Z017_Z006_Z009_Z010
alleva-2021	Av:0051	Z001_Z002_Z003_Z004_Z004_Z005_Z003_Z006_Z007_Z008_Z006_Z009_Z008_Z006_Z009_Z008_Z006_Z009_Z010
alleva-2021	Av:0052	Z001_Z002_Z003_Z004_Z004_Z003_Z004_Z004_Z004_Z003_Z004_Z004_Z005_Z003_Z006_Z007_Z008_Z006_Z009_Z010
alleva-2021	Av:0065	Z001_Z002_Z003_Z004_Z004_Z005_Z050_Z050_Z003_Z004_Z004_Z005_Z003_Z006_Z007_Z008_Z006_Z009_Z010
alleva-2021	Av:0071	Z001_Z002_Z003_Z004_Z004_Z005_Z003_Z006_Z018_Z006_Z007_Z008_Z006_Z009_Z010
alleva-2021	Av:0081	Z001_Z002_Z004_Z004_Z003_Z004_Z004_Z005_Z003_Z006_Z007_Z008_Z006_Z009_Z010
alleva-2021	Av:0082	Z001_Z002_Z003_Z004_Z004_Z005_Z003_Z003_Z004_Z005_Z003_Z006_Z007_Z008_Z006_Z009_Z010
alleva-2021	Av:0083	Z001_Z002_Z003_Z004_Z004_Z005_Z003_Z006_Z007_Z008_Z006_Z008_Z052_Z009_Z010
alleva-2021	Av:0084	Z001_Z002_Z003_Z004_Z004_Z005_Z003_Z006_Z043_Z004_Z005_Z003_Z007_Z008_Z006_Z009_Z010
alleva-2021	Av:0088	Z001_Z002_Z003_Z004_Z004_Z003_Z043_Z018_Z004_Z004_Z005_Z003_Z006_Z007_Z008_Z006_Z009_Z010
alleva-2021	Av:0092	Z001_Z002_Z003_Z003_Z004_Z004_Z005_Z053_Z003_Z004_Z004_Z005_Z003_Z006_Z007_Z008_Z006_Z009_Z010
alleva-2021	Av:0094	Z001_Z002_Z003_Z004_Z004_Z005_Z043_Z043_Z005_Z043_Z004_Z005_Z003_Z006_Z007_Z008_Z006_Z009_Z010
alleva-2021	Av:0095	Z001_Z002_Z003_Z004_Z004_Z005_Z003_Z006_Z007_Z008_Z006_Z007_Z011_Z006_Z009_Z010
alleva-2021	Av:0107	Z001_Z002_Z003_Z004_Z055_Z053_Z003_Z004_Z004_Z005_Z003_Z006_Z007_Z008_Z006_Z009_Z010
alleva-2021	Av:0117	Z001_Z002_Z003_Z004_Z003_Z003_Z004_Z003_Z043_Z004_Z005_Z003_Z006_Z007_Z008_Z006_Z009_Z010
alleva-2021	Av:0119	Z001_Z002_Z003_Z004_Z004_Z005_Z043_Z006_Z007_Z008_Z006_Z009_Z006_Z006_Z006_Z007_Z008_Z006_Z009_Z010
alleva-2021	Av:0123	Z001_Z002_Z061_Z018_Z004_Z004_Z005_Z003_Z006_Z007_Z008_Z006_Z009_Z010
alleva-2021	Av:0129	Z001_Z002_Z003_Z004_Z004_Z005_Z003_Z006_Z007_Z006_Z008_Z006_Z009_Z010
alleva-2021	Av:0152	Z001_Z002_Z003_Z043_Z003_Z004_Z004_Z005_Z003_Z006_Z007_Z008_Z006_Z009_Z010
alleva-2021	Av:0154	Z001_Z002_Z003_Z004_Z004_Z005_Z004_Z004_Z003_Z006_Z007_Z008_Z006_Z009_Z010
alleva-2021	Av:0156	Z001_Z002_Z003_Z004_Z004_Z005_Z003_Z003_Z003_Z006_Z007_Z008_Z006_Z009_Z010
alleva-2021	Av:0168	Z001_Z002_Z003_Z004_Z004_Z003_Z004_Z004_Z014_Z003_Z006_Z007_Z008_Z006_Z009_Z010
alleva-2021	Av:0177	Z001_Z002_Z003_Z004_Z004_Z005_Z005_Z004_Z004_Z003_Z003_Z006_Z007_Z008_Z006_Z009_Z010
alleva-2021	Av:0178	Z001_Z002_Z003_Z004_Z004_Z005_Z006_Z007_Z006_Z006_Z003_Z006_Z007_Z008_Z006_Z009_Z010
alleva-2021	Av:0242	Z001_Z002_Z003_Z004_Z004_Z003_Z003_Z003_Z005_Z003_Z006_Z007_Z008_Z006_Z009_Z010
alleva-2021	Av:0243	Z001_Z002_Z003_Z004_Z004_Z005_Z003_Z006_Z007_Z008_Z006_Z017_Z017_Z009_Z010
alleva-2021	Av:0252	Z001_Z002_Z003_Z004_Z004_Z004_Z003_Z004_Z004_Z005_Z003_Z006_Z007_Z008_Z006_Z009_Z010
alleva-2021	Av:0342	Z001_Z002_Z003_Z004_Z004_Z005_Z003_Z006_Z007_Z003_Z006_Z008_Z006_Z009_Z010
alleva-2021	Av:0344	Z001_Z002_Z003_Z004_Z004_Z005_Z003_Z006_Z007_Z008_Z052_Z006_Z006_Z009_Z010
alleva-2021	Av:0352	Z001_Z002_Z003_Z004_Z004_Z005_Z003_Z006_Z008_Z005_Z003_Z006_Z006_Z007_Z008_Z006_Z009_Z010
alleva-2021	Av:0357	Z001_Z002_Z003_Z004_Z004_Z003_Z003_Z003_Z006_Z007_Z003_Z005_Z003_Z006_Z007_Z008_Z006_Z009_Z010
alleva-2021	Av:0358	Z001_Z002_Z003_Z003_Z003_Z003_Z004_Z004_Z005_Z003_Z006_Z007_Z008_Z006_Z009_Z010
alleva-2021	Av:0392	Z001_Z002_Z003_Z004_Z018_Z050_Z003_Z004_Z004_Z005_Z003_Z006_Z007_Z008_Z006_Z009_Z010
alleva-2021	Av:0400	Z001_Z002_Z043_Z003_Z004_Z003_Z004_Z003_Z004_Z004_Z005_Z003_Z006_Z007_Z008_Z006_Z009_Z010
alleva-2021	Av:0418	Z001_Z002_Z003_Z051_Z018_Z004_Z004_Z005_Z003_Z006_Z007_Z008_Z006_Z009_Z010
alleva-2021	Av:0419	Z001_Z002_Z003_Z004_Z004_Z005_Z003_Z006_Z005_Z005_Z003_Z006_Z007_Z008_Z006_Z009_Z010
alleva-2021	Av:0420	Z001_Z002_Z003_Z004_Z004_Z005_Z003_Z006_Z060_Z007_Z060_Z060_Z007_Z008_Z006_Z009_Z010
alleva-2021	Av:0428	Z001_Z002_Z003_Z004_Z004_Z005_Z003_Z006_Z007_Z008_Z006_Z009_Z017_Z009_Z010
alleva-2021	Av:0443	Z001_Z002_Z003_Z004_Z004_Z005_Z003_Z006_Z007_Z008_Z006_Z017_Z006_Z006_Z007_Z008_Z006_Z009_Z010
alleva-2021	Av:0462	Z001_Z002_Z003_Z004_Z004_Z005_Z043_Z043_Z005_Z003_Z006_Z007_Z008_Z006_Z009_Z010
alleva-2021	Av:0463	Z001_Z002_Z003_Z004_Z003_Z004_Z004_Z005_Z003_Z004_Z003_Z004_Z004_Z005_Z003_Z006_Z007_Z008_Z006_Z009_Z010
alleva-2021	Av:0464	Z001_Z002_Z003_Z004_Z004_Z005_Z003_Z006_Z007_Z008_Z049_Z004_Z004_Z005_Z003_Z006_Z007_Z008_Z006_Z009_Z010
alleva-2021	Av:0466	Z001_Z002_Z003_Z004_Z004_Z005_Z003_Z006_Z007_Z008_Z006_Z017_Z006_Z017_Z009_Z010
alleva-2021	Av:0476	Z001_Z002_Z003_Z004_Z004_Z005_Z003_Z006_Z007_Z008_Z004_Z005_Z003_Z006_Z004_Z005_Z003_Z006_Z007_Z008_Z006_Z009_Z010
alleva-2021	Av:0484	Z001_Z002_Z003_Z004_Z004_Z005_Z003_Z006_Z007_Z052_Z003_Z006_Z007_Z008_Z006_Z009_Z010
alleva-2021	Av:0485	Z001_Z002_Z003_Z004_Z004_Z005_Z003_Z006_Z007_Z008_Z008_Z006_Z017_Z008_Z006_Z009_Z010
alleva-2021	Av:0487	Z001_Z002_Z003_Z004_Z004_Z005_Z003_Z006_Z007_Z008_Z006_Z008_Z006_Z007_Z006_Z009_Z010
alleva-2021	Av:0495	Z001_Z002_Z003_Z004_Z004_Z005_Z003_Z043_Z003_Z004_Z004_Z005_Z048_Z007_Z008_Z006_Z009_Z010
alleva-2021	Av:0496	Z001_Z002_Z003_Z004_Z004_Z005_Z003_Z006_Z007_Z007_Z005_Z003_Z006_Z007_Z008_Z006_Z009_Z010
alleva-2021	Av:0498	Z001_Z002_Z003_Z004_Z004_Z005_Z003_Z006_Z007_Z008_Z006_Z017_Z017_Z008_Z006_Z027_Z009_Z010
alleva-2021	Av:0499	Z001_Z002_Z003_Z004_Z004_Z005_Z003_Z006_Z007_Z008_Z006_Z009_Z010_Z048_Z007_Z008_Z009_Z010
alleva-2021	Av:0501	Z001_Z002_Z003_Z004_Z043_Z004_Z004_Z005_Z003_Z006_Z007_Z008_Z006_Z009_Z010
alleva-2021	Av:0505	Z001_Z002_Z003_Z004_Z004_Z005_Z003_Z006_Z007_Z008_Z008_Z007_Z008_Z007_Z008_Z008_Z006_Z009_Z010
alleva-2021	Av:0506	Z001_Z002_Z003_Z004_Z004_Z005_Z003_Z006_Z007_Z008_Z006_Z017_Z063_Z009_Z010
alleva-2021	Av:0507	Z001_Z002_Z003_Z004_Z004_Z005_Z003_Z006_Z007_Z008_Z006_Z003_Z006_Z007_Z008_Z006_Z006_Z009_Z010
alleva-2021	Av:0509	Z001_Z002_Z003_Z004_Z004_Z005_Z003_Z006_Z007_Z008_Z006_Z009_Z017_Z006_Z007_Z008_Z006_Z009_Z010
alleva-2021	Av:0520	Z001_Z002_Z003_Z005_Z004_Z004_Z004_Z004_Z005_Z003_Z006_Z004_Z004_Z005_Z003_Z006_Z007_Z008_Z006_Z009_Z010
alleva-2021	Av:0524	Z001_Z002_Z003_Z004_Z004_Z005_Z003_Z049_Z006_Z006_Z007_Z008_Z005_Z003_Z049_Z006_Z006_Z007_Z008_Z006_Z009_Z010
alleva-2021	Av:0527	Z001_Z002_Z003_Z004_Z004_Z005_Z006_Z007_Z004_Z003_Z006_Z007_Z008_Z006_Z009_Z010
alleva-2021	Av:0529	Z001_Z002_Z003_Z004_Z004_Z005_Z003_Z006_Z048_Z048_Z049_Z007_Z008_Z006_Z009_Z010
alleva-2021	Av:0530	Z001_Z002_Z003_Z004_Z004_Z003_Z004_Z004_Z005_Z005_Z004_Z004_Z003_Z004_Z004_Z005_Z003_Z006_Z007_Z008_Z006_Z009_Z010
alleva-2021	Av:0532	Z001_Z002_Z003_Z004_Z004_Z005_Z003_Z006_Z007_Z008_Z004_Z004_Z005_Z003_Z006_Z008_Z004_Z004_Z005_Z003_Z006_Z009_Z010
alleva-2021	Av:0536	Z001_Z002_Z003_Z004_Z004_Z005_Z003_Z006_Z007_Z008_Z049_Z004_Z004_Z005_Z003_Z006_Z007_Z008_Z006_Z007_Z008_Z006_Z009_Z010
alleva-2021	Av:0538	Z001_Z002_Z003_Z004_Z004_Z005_Z003_Z006_Z007_Z008_Z006_Z045_Z004_Z003_Z006_Z004_Z005_Z003_Z006_Z007_Z008_Z006_Z009_Z010
alleva-2021	Av:0540	Z001_Z002_Z003_Z004_Z004_Z005_Z003_Z006_Z007_Z007_Z007_Z007_Z007_Z008_Z006_Z009_Z007_Z007_Z007_Z007_Z007_Z008_Z006_Z009_Z010
alleva-2021	Av:0001	Z001_Z002_Z003_Z006_Z007_Z008_Z006_Z009_Z010
alleva-2021	Av:0002	Z001_Z002_Z004_Z004_Z005_Z003_Z006_Z007_Z008_Z006_Z009_Z010
alleva-2021	Av:0003	Z001_Z002_Z003_Z003_Z006_Z007_Z008_Z006_Z009_Z010
alleva-2021	Av:0004	Z001_Z002_Z043_Z004_Z005_Z003_Z006_Z007_Z008_Z006_Z009_Z010
alleva-2021	Av:0005	Z001_Z002_Z003_Z004_Z006_Z007_Z008_Z006_Z009_Z010
alleva-2021	Av:0006	Z001_Z002_Z003_Z004_Z004_Z005_Z003_Z006_Z042_Z010
alleva-2021	Av:0007	Z001_Z002_Z003_Z004_Z004_Z005_Z006_Z007_Z008_Z006_Z009_Z010
alleva-2021	Av:0008	Z001_Z004_Z004_Z005_Z003_Z006_Z007_Z008_Z006_Z009_Z010
alleva-2021	Av:0009	Z001_Z002_Z003_Z004_Z004_Z005_Z003_Z007_Z008_Z006_Z009_Z010
alleva-2021	Av:0010	Z001_Z002_Z043_Z005_Z003_Z006_Z007_Z008_Z006_Z009_Z010
alleva-2021	Av:0011	Z001_Z002_Z003_Z004_Z004_Z005_Z003_Z006_Z008_Z006_Z009_Z010
alleva-2021	Av:0012	Z001_Z002_Z003_Z004_Z004_Z005_Z007_Z008_Z006_Z009_Z010
alleva-2021	Av:0013	Z001_Z002_Z003_Z004_Z004_Z005_Z003_Z006_Z007_Z006_Z009_Z010
alleva-2021	Av:0014	Z001_Z002_Z003_Z004_Z004_Z005_Z003_Z008_Z006_Z009_Z010
alleva-2021	Av:0015	Z001_Z002_Z003_Z004_Z004_Z005_Z003_Z006_Z006_Z009_Z010
alleva-2021	Av:0016	Z001_Z002_Z003_Z004_Z004_Z005_Z003_Z006_Z007_Z008_Z006_Z010
alleva-2021	Av:0017	Z001_Z002_Z003_Z004_Z004_Z005_Z003_Z006_Z007_Z008_Z006_Z009
alleva-2021	Av:0018	Z001_Z002_Z003_Z004_Z004_Z005_Z003_Z006_Z007_Z008_Z006_Z006_Z009_Z010
alleva-2021	Av:0019	Z001_Z006_Z007_Z008_Z006_Z009_Z010
alleva-2021	Av:0021	Z001_Z002_Z007_Z008_Z006_Z009_Z010
alleva-2021	Av:0022	Z001_Z002_Z003_Z003_Z004_Z004_Z005_Z003_Z006_Z007_Z008_Z006_Z009_Z010
alleva-2021	Av:0023	Z001_Z002_Z003_Z008_Z006_Z009_Z010
alleva-2021	Av:0024	Z001_Z002_Z003_Z004_Z004_Z004_Z005_Z003_Z006_Z007_Z008_Z006_Z009_Z010
alleva-2021	Av:0025	Z001_Z002_Z003_Z004_Z004_Z047_Z005_Z003_Z006_Z007_Z008_Z006_Z009_Z010
alleva-2021	Av:0026	Z001_Z002_Z003_Z004_Z004_Z005_Z006_Z009_Z010
alleva-2021	Av:0028	Z001_Z002_Z003_Z004_Z004_Z005_Z005_Z006_Z009_Z010
alleva-2021	Av:0030	Z001_Z002_Z003_Z005_Z003_Z006_Z007_Z008_Z006_Z009_Z010
alleva-2021	Av:0031	Z001_Z002_Z003_Z004_Z004_Z005_Z003_Z003_Z006_Z007_Z008_Z006_Z009_Z010
alleva-2021	Av:0032	Z001_Z002_Z003_Z004_Z004_Z006_Z007_Z008_Z006_Z009_Z010
alleva-2021	Av:0033	Z001_Z002_Z003_Z004_Z004_Z005_Z003_Z006_Z006_Z007_Z008_Z006_Z009_Z010
alleva-2021	Av:0034	Z001_Z002_Z003_Z004_Z004_Z005_Z003_Z006_Z007_Z008_Z006_Z017_Z009_Z010
alleva-2021	Av:0036	Z001_Z002_Z003_Z004_Z004_Z005_Z003_Z006_Z007_Z008_Z006_Z009_Z010_Z010
alleva-2021	Av:0037	Z001_Z002_Z003_Z004_Z004_Z005_Z003_Z006_Z007_Z008_Z006_Z009_Z045_Z010
alleva-2021	Av:0038	Z001_Z044_Z004_Z004_Z005_Z003_Z006_Z007_Z008_Z006_Z009_Z010
alleva-2021	Av:0039	Z001_Z002_Z003_Z004_Z004_Z004_Z004_Z005_Z003_Z006_Z007_Z008_Z006_Z009_Z010
alleva-2021	Av:0040	Z001_Z002_Z003_Z004_Z004_Z005_Z004_Z005_Z003_Z006_Z007_Z008_Z006_Z009_Z010
alleva-2021	Av:0042	Z001_Z002_Z003_Z004_Z004_Z003_Z004_Z004_Z005_Z003_Z006_Z007_Z008_Z006_Z009_Z010
alleva-2021	Av:0044	Z001_Z002_Z003_Z004_Z004_Z005_Z003_Z006_Z007_Z008_Z006_Z007_Z008_Z006_Z009_Z010
alleva-2021	Av:0045	Z001_Z002_Z003_Z004_Z014_Z003_Z006_Z007_Z008_Z006_Z009_Z010
alleva-2021	Av:0046	Z001_Z002_Z003_Z004_Z004_Z005_Z003_Z004_Z004_Z005_Z003_Z006_Z007_Z008_Z006_Z009_Z010
alleva-2021	Av:0053	Z001_Z002_Z003_Z004_Z004_Z005_Z003_Z006_Z007_Z008_Z045_Z010
alleva-2021	Av:0054	Z001_Z002_Z003_Z004_Z004_Z005_Z003_Z006_Z007_Z008_Z006_Z017_Z006_Z009_Z010
alleva-2021	Av:0055	Z001_Z002_Z003_Z004_Z004_Z005_Z004_Z004_Z005_Z003_Z006_Z007_Z008_Z006_Z009_Z010
alleva-2021	Av:0069	Z001_Z002_Z003_Z004_Z004_Z005_Z003_Z005_Z003_Z006_Z007_Z008_Z006_Z009_Z010
alleva-2021	Av:0101	Z001_Z002_Z003_Z004_Z003_Z004_Z004_Z005_Z003_Z006_Z007_Z008_Z006_Z009_Z010
alleva-2021	Av:0102	Z001_Z002_Z003_Z004_Z004_Z005_Z003_Z006_Z007_Z008_Z006_Z017_Z008_Z006_Z009_Z010
alleva-2021	Av:0103	Z001_Z002_Z003_Z004_Z004_Z005_Z003_Z006_Z007_Z008_Z007_Z008_Z006_Z009_Z010
alleva-2021	Av:0109	Z001_Z002_Z003_Z004_Z004_Z005_Z003_Z006_Z007_Z008_Z006_Z017_Z007_Z008_Z006_Z009_Z010
alleva-2021	Av:0122	Z001_Z002_Z003_Z004_Z004_Z005_Z057_Z010
alleva-2021	Av:0124	Z001_Z044_Z003_Z006_Z007_Z008_Z006_Z009_Z010
alleva-2021	Av:0125	Z001_Z002_Z003_Z004_Z004_Z043_Z005_Z003_Z006_Z007_Z008_Z006_Z009_Z010
alleva-2021	Av:0127	Z001_Z002_Z003_Z004_Z004_Z005_Z003_Z006_Z007_Z007_Z008_Z006_Z009_Z010
alleva-2021	Av:0128	Z001_Z002_Z005_Z003_Z006_Z007_Z008_Z006_Z009_Z010
alleva-2021	Av:0130	Z001_Z002_Z003_Z004_Z004_Z005_Z003_Z006_Z007_Z058
alleva-2021	Av:0135	Z001_Z002_Z003_Z004_Z004_Z005_Z003_Z006_Z007_Z009_Z010
alleva-2021	Av:0137	Z001_Z002_Z003_Z004_Z004_Z005_Z003_Z006_Z007_Z008_Z045
alleva-2021	Av:0151	Z001_Z002_Z003_Z004_Z004_Z005_Z003_Z006_Z060_Z006_Z009_Z010
alleva-2021	Av:0153	Z001_Z002_Z003_Z004_Z004_Z043_Z004_Z005_Z003_Z006_Z007_Z008_Z006_Z009_Z010
alleva-2021	Av:0254	Z001_Z002_Z003_Z004_Z004_Z005_Z003_Z006_Z007_Z008_Z006_Z009_Z065_Z008_Z006_Z009_Z010
alleva-2021	Av:0340	Z001_Z002_Z003_Z004_Z004_Z005_Z003_Z006_Z007_Z006_Z007_Z008_Z006_Z009_Z010
alleva-2021	Av:0360	Z001_Z002_Z003_Z004_Z004_Z005_Z003_Z006_Z007_Z003_Z006_Z007_Z008_Z006_Z009_Z010
alleva-2021	Av:0421	Z001_Z002_Z003_Z004_Z004_Z047_Z004_Z005_Z003_Z006_Z007_Z008_Z006_Z009_Z010
alleva-2021	Av:0424	Z001_Z002_Z003_Z004_Z004_Z005_Z043_Z005_Z003_Z006_Z007_Z008_Z006_Z009_Z010
alleva-2021	Av:0426	Z001_Z002_Z003_Z004_Z004_Z005_Z003_Z006_Z007_Z008_Z006_Z008_Z006_Z009_Z010
alleva-2021	Av:0483	Z001_Z002_Z003_Z004_Z004_Z005_Z003_Z006_Z004_Z005_Z003_Z006_Z007_Z008_Z006_Z009_Z010
alleva-2021	Av:0486	Z001_Z002_Z003_Z004_Z004_Z005_Z003_Z006_Z007_Z058_Z010
alleva-2021	B	Z001_Z002_Z003_Z004_Z004_Z003_Z003_Z006_Z007_Z008_Z006_Z009_Z010
alleva-2021	C	Z001_Z002_Z003_Z004_Z004_Z003_Z003_Z006_Z011_Z008_Z012_Z008_Z009_Z010
alleva-2021	Cv:0194	Z001_Z002_Z003_Z004_Z004_Z043_Z018_Z003_Z006_Z011_Z008_Z012_Z008_Z009_Z010
alleva-2021	Cv:0204	Z001_Z002_Z003_Z004_Z004_Z003_Z003_Z006_Z011_Z008_Z003_Z012_Z008_Z009_Z010
alleva-2021	Cv:0214	Z001_Z002_Z003_Z004_Z004_Z004_Z006_Z011_Z008_Z012_Z008_Z009_Z010
alleva-2021	Cv:0219	Z001_Z002_Z003_Z004_Z004_Z004_Z018_Z003_Z003_Z006_Z011_Z008_Z012_Z008_Z009_Z010
alleva-2021	Cv:0221	Z001_Z002_Z003_Z004_Z004_Z003_Z051_Z003_Z003_Z006_Z011_Z008_Z012_Z008_Z009_Z010
alleva-2021	Cv:0227	Z001_Z002_Z003_Z004_Z004_Z004_Z004_Z004_Z003_Z003_Z006_Z011_Z008_Z012_Z008_Z009_Z010
alleva-2021	Cv:0228	Z001_Z002_Z003_Z004_Z004_Z003_Z003_Z006_Z011_Z008_Z034_Z003_Z008_Z012_Z008_Z009_Z010
alleva-2021	Cv:0232	Z001_Z002_Z003_Z004_Z004_Z003_Z003_Z006_Z011_Z008_Z012_Z008_Z017_Z017_Z008_Z009_Z010
alleva-2021	Cv:0233	Z001_Z002_Z003_Z004_Z004_Z004_Z018_Z004_Z004_Z003_Z003_Z006_Z011_Z008_Z012_Z008_Z009_Z010
alleva-2021	Cv:0236	Z001_Z002_Z003_Z004_Z004_Z004_Z018_Z003_Z043_Z004_Z018_Z003_Z006_Z011_Z008_Z012_Z008_Z009_Z010
alleva-2021	Cv:0237	Z001_Z002_Z003_Z004_Z004_Z003_Z003_Z006_Z011_Z008_Z012_Z012_Z011_Z008_Z012_Z012_Z008_Z009_Z010
alleva-2021	Cv:0239	Z001_Z002_Z003_Z004_Z004_Z002_Z043_Z035_Z002_Z043_Z004_Z003_Z003_Z006_Z011_Z008_Z012_Z008_Z009_Z010
alleva-2021	Cv:0240	Z001_Z002_Z003_Z004_Z004_Z003_Z003_Z003_Z006_Z011_Z008_Z018_Z003_Z006_Z011_Z008_Z012_Z008_Z009_Z010
alleva-2021	Cv:0241	Z001_Z002_Z003_Z004_Z004_Z003_Z003_Z006_Z011_Z008_Z012_Z008_Z012_Z012_Z008_Z012_Z012_Z008_Z009_Z010
alleva-2021	Cv:0260	Z001_Z002_Z003_Z004_Z004_Z003_Z003_Z006_Z011_Z036_Z012_Z036_Z012_Z008_Z009_Z010
alleva-2021	Cv:0261	Z001_Z002_Z003_Z004_Z004_Z003_Z003_Z006_Z011_Z008_Z012_Z008_Z003_Z003_Z009_Z010
alleva-2021	Cv:0262	Z001_Z002_Z003_Z004_Z004_Z003_Z003_Z006_Z011_Z012_Z008_Z012_Z008_Z009_Z010
alleva-2021	Cv:0265	Z001_Z002_Z003_Z004_Z004_Z003_Z003_Z006_Z011_Z008_Z012_Z008_Z012_Z058_Z010
alleva-2021	Cv:0269	Z001_Z002_Z003_Z004_Z004_Z003_Z003_Z006_Z011_Z008_Z012_Z011_Z017_Z063_Z008_Z012_Z008_Z045_Z010
alleva-2021	Cv:0274	Z001_Z002_Z003_Z004_Z004_Z003_Z003_Z006_Z037_Z004_Z004_Z003_Z003_Z004_Z004_Z003_Z003_Z011_Z008_Z012_Z008_Z009_Z010
alleva-2021	Cv:0276	Z001_Z002_Z003_Z018_Z004_Z004_Z003_Z003_Z003_Z006_Z011_Z008_Z012_Z008_Z009_Z010
alleva-2021	Cv:0278	Z001_Z002_Z003_Z004_Z018_Z003_Z012_Z008_Z009_Z010
alleva-2021	Cv:0281	Z001_Z002_Z003_Z004_Z004_Z003_Z004_Z018_Z003_Z006_Z011_Z008_Z012_Z008_Z009_Z010
alleva-2021	Cv:0283	Z001_Z002_Z003_Z004_Z004_Z003_Z003_Z006_Z011_Z008_Z003_Z008_Z012_Z008_Z009_Z010
alleva-2021	Cv:0285	Z001_Z002_Z003_Z004_Z004_Z003_Z003_Z006_Z011_Z008_Z012_Z012_Z012_Z008_Z009_Z010
alleva-2021	Cv:0303	Z001_Z002_Z003_Z043_Z004_Z004_Z004_Z004_Z003_Z003_Z006_Z011_Z008_Z012_Z008_Z009_Z010
alleva-2021	Cv:0305	Z001_Z002_Z003_Z004_Z018_Z004_Z004_Z004_Z003_Z003_Z006_Z011_Z008_Z012_Z008_Z009_Z010
alleva-2021	Cv:0309	Z001_Z002_Z003_Z004_Z004_Z003_Z003_Z006_Z011_Z008_Z012_Z008_Z012_Z008_Z008_Z009_Z010
alleva-2021	Cv:0314	Z001_Z002_Z003_Z004_Z004_Z003_Z003_Z006_Z011_Z008_Z012_Z011_Z008_Z009_Z010
alleva-2021	Cv:0316	Z001_Z002_Z003_Z004_Z004_Z003_Z003_Z006_Z011_Z008_Z012_Z008_Z012_Z009_Z010
alleva-2021	Cv:0336	Z001_Z002_Z003_Z004_Z004_Z003_Z003_Z006_Z011_Z011_Z011_Z006_Z011_Z006_Z006_Z011_Z008_Z012_Z008_Z009_Z010
alleva-2021	Cv:0393	Z001_Z002_Z003_Z004_Z018_Z003_Z003_Z004_Z003_Z003_Z006_Z011_Z008_Z012_Z008_Z009_Z010
alleva-2021	Cv:0394	Z001_Z002_Z003_Z004_Z004_Z003_Z003_Z006_Z011_Z008_Z028_Z012_Z008_Z009_Z010
alleva-2021	Cv:0395	Z001_Z002_Z003_Z004_Z004_Z003_Z003_Z006_Z011_Z008_Z006_Z012_Z008_Z009_Z010
alleva-2021	Cv:0396	Z001_Z002_Z003_Z004_Z004_Z003_Z003_Z006_Z011_Z008_Z012_Z011_Z008_Z005_Z008_Z009_Z010
alleva-2021	Cv:0397	Z001_Z002_Z003_Z004_Z004_Z003_Z003_Z006_Z011_Z008_Z012_Z048_Z049_Z009_Z010
alleva-2021	Cv:0398	Z001_Z002_Z003_Z004_Z004_Z003_Z003_Z006_Z011_Z008_Z012_Z048_Z008_Z012_Z008_Z009_Z010
alleva-2021	Cv:0402	Z001_Z002_Z003_Z051_Z043_Z051_Z003_Z004_Z004_Z003_Z003_Z006_Z011_Z008_Z012_Z008_Z009_Z010
alleva-2021	Cv:0404	Z001_Z002_Z003_Z004_Z004_Z003_Z003_Z006_Z011_Z008_Z012_Z058_Z012_Z008_Z003_Z008_Z009_Z010
alleva-2021	Cv:0406	Z001_Z002_Z003_Z004_Z004_Z003_Z003_Z006_Z011_Z008_Z012_Z011_Z008_Z012_Z008_Z012_Z058_Z010
alleva-2021	Cv:0407	Z001_Z002_Z003_Z004_Z004_Z003_Z003_Z006_Z011_Z008_Z012_Z012_Z011_Z008_Z012_Z008_Z009_Z010
alleva-2021	Cv:0408	Z001_Z002_Z003_Z004_Z004_Z003_Z003_Z006_Z011_Z008_Z012_Z006_Z011_Z008_Z009_Z010
alleva-2021	Cv:0409	Z001_Z002_Z003_Z004_Z004_Z003_Z003_Z006_Z011_Z008_Z011_Z011_Z008_Z011_Z008_Z012_Z008_Z009_Z010
alleva-2021	Cv:0410	Z001_Z002_Z003_Z004_Z004_Z003_Z003_Z006_Z011_Z008_Z012_Z008_Z012_Z049_Z009_Z010
alleva-2021	Cv:0413	Z001_Z002_Z003_Z004_Z004_Z003_Z003_Z006_Z011_Z008_Z003_Z006_Z006_Z011_Z008_Z052_Z012_Z008_Z009_Z010
alleva-2021	Cv:0414	Z001_Z002_Z003_Z004_Z004_Z003_Z003_Z006_Z011_Z008_Z012_Z008_Z009_Z025_Z006_Z011_Z008_Z012_Z008_Z009_Z010
alleva-2021	Cv:0415	Z001_Z002_Z003_Z004_Z004_Z003_Z003_Z003_Z004_Z004_Z003_Z004_Z004_Z003_Z003_Z006_Z011_Z008_Z012_Z008_Z009_Z010
alleva-2021	Cv:0417	Z001_Z002_Z003_Z004_Z004_Z003_Z003_Z006_Z011_Z008_Z012_Z008_Z003_Z006_Z011_Z008_Z011_Z008_Z012_Z008_Z009_Z010
alleva-2021	Cv:0189	Z033_Z011_Z008_Z012_Z008_Z009_Z010
alleva-2021	Cv:0190	Z001_Z002_Z003_Z003_Z004_Z004_Z003_Z003_Z006_Z011_Z008_Z012_Z008_Z009_Z010
alleva-2021	Cv:0191	Z001_Z002_Z003_Z011_Z008_Z012_Z008_Z009_Z010
alleva-2021	Cv:0192	Z001_Z002_Z003_Z004_Z004_Z004_Z003_Z003_Z006_Z011_Z008_Z012_Z008_Z009_Z010
alleva-2021	Cv:0193	Z001_Z002_Z003_Z004_Z004_Z003_Z003_Z045_Z010
alleva-2021	Cv:0195	Z001_Z002_Z003_Z004_Z004_Z003_Z003_Z006_Z010
alleva-2021	Cv:0196	Z001_Z002_Z003_Z004_Z004_Z003_Z003_Z003_Z006_Z011_Z008_Z012_Z008_Z009_Z010
alleva-2021	Cv:0197	Z001_Z002_Z003_Z006_Z011_Z008_Z012_Z008_Z009_Z010
alleva-2021	Cv:0198	Z001_Z002_Z003_Z004_Z004_Z003_Z003_Z006_Z006_Z011_Z008_Z012_Z008_Z009_Z010
alleva-2021	Cv:0199	Z001_Z002_Z003_Z004_Z004_Z003_Z012_Z008_Z009_Z010
alleva-2021	Cv:0200	Z001_Z002_Z003_Z004_Z004_Z003_Z003_Z006_Z011_Z011_Z008_Z012_Z008_Z009_Z010
alleva-2021	Cv:0201	Z001_Z002_Z003_Z004_Z004_Z003_Z003_Z006_Z011_Z010
alleva-2021	Cv:0202	Z001_Z002_Z003_Z004_Z004_Z003_Z003_Z006_Z011_Z008_Z008_Z012_Z008_Z009_Z010
alleva-2021	Cv:0203	Z001_Z002_Z003_Z003_Z006_Z011_Z008_Z012_Z008_Z009_Z010
alleva-2021	Cv:0205	Z001_Z002_Z003_Z004_Z004_Z003_Z003_Z006_Z011_Z009_Z010
alleva-2021	Cv:0206	Z001_Z002_Z003_Z004_Z004_Z003_Z003_Z006_Z011_Z008_Z012_Z012_Z008_Z009_Z010
alleva-2021	Cv:0207	Z001_Z002_Z003_Z004_Z004_Z006_Z011_Z008_Z012_Z008_Z009_Z010
alleva-2021	Cv:0208	Z001_Z002_Z003_Z004_Z004_Z003_Z003_Z006_Z011_Z008_Z012_Z008_Z008_Z009_Z010
alleva-2021	Cv:0209	Z001_Z002_Z003_Z004_Z004_Z003_Z003_Z006_Z011_Z008_Z009_Z010
alleva-2021	Cv:0210	Z001_Z002_Z004_Z004_Z003_Z003_Z006_Z011_Z008_Z012_Z008_Z009_Z010
alleva-2021	Cv:0211	Z001_Z002_Z003_Z004_Z004_Z003_Z003_Z006_Z011_Z008_Z012_Z008_Z009_Z010_Z010
alleva-2021	Cv:0212	Z001_Z002_Z003_Z004_Z003_Z003_Z006_Z011_Z008_Z012_Z008_Z009_Z010
alleva-2021	Cv:0213	Z001_Z002_Z003_Z004_Z003_Z004_Z004_Z003_Z003_Z006_Z011_Z008_Z012_Z008_Z009_Z010
alleva-2021	Cv:0215	Z001_Z002_Z003_Z004_Z018_Z004_Z004_Z003_Z003_Z006_Z011_Z008_Z012_Z008_Z009_Z010
alleva-2021	Cv:0216	Z001_Z002_Z003_Z004_Z004_Z003_Z006_Z011_Z008_Z012_Z008_Z009_Z010
alleva-2021	Cv:0217	Z001_Z002_Z003_Z004_Z004_Z004_Z004_Z003_Z003_Z006_Z011_Z008_Z012_Z008_Z009_Z010
alleva-2021	Cv:0218	Z001_Z002_Z003_Z004_Z004_Z003_Z003_Z011_Z008_Z012_Z008_Z009_Z010
alleva-2021	Cv:0220	Z001_Z002_Z003_Z004_Z004_Z003_Z003_Z006_Z008_Z012_Z008_Z009_Z010
alleva-2021	Cv:0222	Z001_Z002_Z003_Z004_Z004_Z003_Z003_Z006_Z011_Z012_Z008_Z009_Z010
alleva-2021	Cv:0223	Z001_Z002_Z003_Z004_Z004_Z003_Z003_Z006_Z011_Z008_Z012_Z008_Z012_Z008_Z009_Z010
alleva-2021	Cv:0224	Z001_Z002_Z003_Z004_Z004_Z003_Z003_Z006_Z011_Z008_Z012_Z009_Z010
alleva-2021	Cv:0225	Z001_Z002_Z003_Z004_Z004_Z003_Z003_Z006_Z011_Z008_Z012_Z008_Z017_Z008_Z009_Z010
alleva-2021	Cv:0226	Z001_Z002_Z003_Z004_Z004_Z003_Z003_Z006_Z011_Z008_Z012_Z058_Z010
alleva-2021	Cv:0229	Z001_Z002_Z003_Z004_Z004_Z003_Z003_Z006_Z011_Z008_Z012_Z011_Z008_Z012_Z008_Z009_Z010
alleva-2021	Cv:0230	Z001_Z002_Z003_Z004_Z004_Z003_Z003_Z006_Z011_Z008_Z012_Z008_Z008_Z012_Z008_Z009_Z010
alleva-2021	Cv:0231	Z001_Z002_Z003_Z004_Z004_Z003_Z003_Z006_Z011_Z008_Z012_Z008_Z017_Z012_Z008_Z009_Z010
alleva-2021	Cv:0234	Z001_Z002_Z003_Z004_Z004_Z003_Z003_Z004_Z004_Z003_Z003_Z006_Z011_Z008_Z012_Z008_Z009_Z010
alleva-2021	Cv:0235	Z001_Z002_Z003_Z004_Z004_Z003_Z003_Z006_Z011_Z008_Z012_Z006_Z011_Z008_Z012_Z008_Z009_Z010
alleva-2021	Cv:0238	Z001_Z002_Z003_Z004_Z004_Z003_Z003_Z006_Z011_Z008_Z012_Z008_Z017_Z011_Z008_Z012_Z008_Z009_Z010
alleva-2021	Cv:0267	Z001_Z002_Z003_Z004_Z004_Z003_Z003_Z006_Z011_Z008_Z003_Z006_Z011_Z008_Z012_Z008_Z009_Z010
alleva-2021	Cv:0277	Z001_Z044_Z003_Z006_Z011_Z008_Z012_Z008_Z009_Z010
alleva-2021	Cv:0279	Z001_Z002_Z003_Z004_Z004_Z003_Z043_Z003_Z003_Z006_Z011_Z008_Z012_Z008_Z009_Z010
alleva-2021	Cv:0280	Z001_Z002_Z003_Z004_Z004_Z003_Z003_Z008_Z009_Z010
alleva-2021	Cv:0282	Z001_Z002_Z003_Z004_Z004_Z003_Z003_Z012_Z008_Z009_Z010
alleva-2021	Cv:0286	Z001_Z002_Z003_Z004_Z004_Z003_Z003_Z006_Z012_Z008_Z009_Z010
alleva-2021	Cv:0288	Z001_Z002_Z003_Z004_Z004_Z003_Z003_Z006_Z011_Z008_Z012_Z008_Z009_Z065_Z009_Z010
alleva-2021	Cv:0298	Z001_Z002_Z003_Z004_Z004_Z003_Z003_Z006_Z011_Z008_Z008_Z009_Z010
alleva-2021	Cv:0307	Z001_Z002_Z003_Z004_Z004_Z003_Z004_Z004_Z003_Z003_Z006_Z011_Z008_Z012_Z008_Z009_Z010
alleva-2021	Cv:0317	Z001_Z002_Z003_Z004_Z004_Z003_Z003_Z006_Z011_Z003_Z003_Z006_Z011_Z008_Z012_Z008_Z009_Z010
alleva-2021	Cv:0391	Z001_Z002_Z002_Z003_Z004_Z004_Z003_Z003_Z006_Z011_Z008_Z012_Z008_Z009_Z010
alleva-2021	Cv:0399	Z001_Z002_Z003_Z004_Z004_Z003_Z003_Z006_Z011_Z008_Z012_Z008_Z009_Z045_Z010
alleva-2021	Cv:0416	Z001_Z002_Z003_Z004_Z004_Z003_Z003_Z006_Z011_Z008_Z003_Z004_Z004_Z003_Z003_Z006_Z011_Z008_Z012_Z008_Z009_Z010
alleva-2021	D	Z001_Z002_Z003_Z004_Z004_Z005_Z003_Z006_Z011_Z007_Z008_Z006_Z009_Z010
alleva-2021	Dv:0422	Z001_Z002_Z003_Z004_Z004_Z005_Z003_Z006_Z007_Z048_Z048_Z011_Z007_Z008_Z006_Z009_Z010
alleva-2021	Dv:0423	Z001_Z002_Z003_Z004_Z004_Z005_Z003_Z006_Z011_Z007_Z006_Z008_Z006_Z008_Z006_Z009_Z010
alleva-2021	Dv:0431	Z001_Z002_Z003_Z004_Z004_Z004_Z051_Z004_Z004_Z005_Z003_Z006_Z011_Z007_Z008_Z006_Z009_Z010
alleva-2021	Dv:0434	Z001_Z002_Z003_Z004_Z004_Z005_Z003_Z004_Z048_Z011_Z007_Z008_Z006_Z009_Z010
alleva-2021	Dv:0435	Z001_Z002_Z003_Z004_Z004_Z005_Z003_Z006_Z048_Z007_Z008_Z006_Z011_Z007_Z008_Z006_Z009_Z010
alleva-2021	Dv:0437	Z001_Z002_Z003_Z004_Z004_Z005_Z003_Z006_Z011_Z007_Z023_Z006_Z011_Z007_Z008_Z006_Z009_Z010
alleva-2021	Dv:0439	Z001_Z002_Z003_Z004_Z004_Z005_Z003_Z006_Z011_Z007_Z008_Z007_Z011_Z007_Z008_Z006_Z009_Z010
alleva-2021	Dv:0445	Z001_Z002_Z003_Z004_Z004_Z005_Z003_Z006_Z011_Z007_Z008_Z006_Z017_Z048_Z007_Z008_Z006_Z009_Z010
alleva-2021	Dv:0446	Z001_Z002_Z003_Z004_Z004_Z005_Z003_Z006_Z011_Z007_Z008_Z048_Z006_Z009_Z010
alleva-2021	Dv:0453	Z001_Z002_Z003_Z004_Z004_Z005_Z003_Z006_Z011_Z007_Z008_Z006_Z007_Z008_Z006_Z007_Z008_Z006_Z009_Z010
alleva-2021	Dv:0455	Z001_Z002_Z003_Z004_Z004_Z005_Z003_Z006_Z011_Z007_Z008_Z006_Z009_Z011_Z011_Z007_Z008_Z006_Z009_Z010
alleva-2021	Dv:0465	Z001_Z002_Z003_Z004_Z004_Z005_Z003_Z006_Z011_Z060_Z003_Z004_Z004_Z005_Z003_Z048_Z007_Z008_Z006_Z009_Z010
alleva-2021	Dv:0467	Z001_Z002_Z003_Z004_Z004_Z005_Z003_Z006_Z011_Z007_Z008_Z006_Z017_Z006_Z006_Z011_Z007_Z008_Z006_Z009_Z010
alleva-2021	Dv:0470	Z001_Z002_Z003_Z004_Z004_Z005_Z003_Z006_Z048_Z006_Z011_Z007_Z008_Z006_Z009_Z010
alleva-2021	Dv:0471	Z001_Z002_Z003_Z004_Z004_Z005_Z003_Z006_Z008_Z058_Z003_Z008_Z008_Z008_Z008_Z003_Z011_Z007_Z008_Z006_Z009_Z010
alleva-2021	Dv:0472	Z001_Z002_Z003_Z004_Z004_Z005_Z003_Z006_Z011_Z008_Z006_Z007_Z008_Z006_Z009_Z010
alleva-2021	Dv:0477	Z001_Z002_Z003_Z004_Z004_Z005_Z003_Z006_Z011_Z007_Z006_Z006_Z008_Z006_Z009_Z010
alleva-2021	Dv:0479	Z001_Z002_Z003_Z004_Z004_Z005_Z003_Z006_Z011_Z007_Z008_Z017_Z008_Z006_Z009_Z010
alleva-2021	Dv:0489	Z001_Z002_Z003_Z004_Z004_Z005_Z003_Z046_Z005_Z003_Z006_Z011_Z007_Z008_Z006_Z009_Z010
alleva-2021	Dv:0491	Z001_Z002_Z003_Z004_Z004_Z005_Z003_Z006_Z004_Z003_Z006_Z011_Z007_Z008_Z006_Z009_Z010
alleva-2021	Dv:0492	Z001_Z002_Z003_Z004_Z004_Z005_Z003_Z006_Z011_Z007_Z008_Z049_Z049_Z049_Z006_Z009_Z010
alleva-2021	Dv:0493	Z001_Z002_Z003_Z004_Z004_Z005_Z003_Z006_Z011_Z007_Z008_Z045_Z007_Z008_Z006_Z009_Z010
alleva-2021	Dv:0497	Z001_Z002_Z003_Z004_Z004_Z005_Z003_Z006_Z011_Z048_Z009_Z010
alleva-2021	Dv:0500	Z001_Z002_Z003_Z004_Z004_Z005_Z003_Z006_Z007_Z006_Z007_Z006_Z011_Z007_Z008_Z006_Z009_Z010
alleva-2021	Dv:0502	Z001_Z002_Z003_Z004_Z004_Z005_Z003_Z006_Z011_Z007_Z008_Z006_Z017_Z006_Z017_Z006_Z009_Z010
alleva-2021	Dv:0511	Z001_Z002_Z003_Z004_Z004_Z005_Z003_Z030_Z004_Z004_Z005_Z003_Z006_Z011_Z007_Z008_Z006_Z009_Z010
alleva-2021	Dv:0514	Z001_Z002_Z003_Z004_Z004_Z005_Z003_Z006_Z011_Z007_Z008_Z007_Z007_Z008_Z011_Z008_Z006_Z009_Z010
alleva-2021	Dv:0516	Z001_Z002_Z003_Z004_Z004_Z005_Z003_Z045_Z011_Z011_Z007_Z008_Z006_Z009_Z010
alleva-2021	Dv:0518	Z001_Z002_Z003_Z004_Z004_Z005_Z003_Z006_Z011_Z007_Z052_Z048_Z052_Z003_Z011_Z007_Z008_Z006_Z009_Z010
alleva-2021	Dv:0521	Z001_Z002_Z003_Z004_Z004_Z005_Z003_Z006_Z011_Z007_Z008_Z011_Z006_Z009_Z010
alleva-2021	Dv:0523	Z001_Z002_Z003_Z004_Z004_Z005_Z003_Z006_Z011_Z007_Z006_Z004_Z005_Z003_Z006_Z011_Z007_Z008_Z006_Z009_Z010
alleva-2021	Dv:0525	Z001_Z002_Z003_Z004_Z004_Z005_Z003_Z006_Z011_Z008_Z006_Z011_Z006_Z011_Z007_Z006_Z011_Z007_Z008_Z006_Z009_Z010
alleva-2021	Dv:0528	Z001_Z002_Z003_Z004_Z004_Z005_Z003_Z006_Z011_Z007_Z008_Z045_Z006_Z006_Z003_Z006_Z011_Z007_Z008_Z006_Z009_Z010
alleva-2021	Dv:0531	Z001_Z002_Z003_Z004_Z004_Z005_Z003_Z006_Z011_Z007_Z011_Z006_Z008_Z006_Z009_Z010
alleva-2021	Dv:0533	Z001_Z002_Z003_Z004_Z004_Z005_Z003_Z006_Z011_Z007_Z008_Z008_Z008_Z006_Z009_Z010
alleva-2021	Dv:0534	Z001_Z002_Z003_Z004_Z004_Z005_Z003_Z006_Z011_Z007_Z008_Z002_Z003_Z004_Z004_Z005_Z003_Z006_Z011_Z007_Z006_Z009_Z010
alleva-2021	Dv:0535	Z001_Z002_Z003_Z004_Z004_Z005_Z003_Z006_Z011_Z007_Z008_Z017_Z009_Z006_Z009_Z010
alleva-2021	Dv:0539	Z001_Z002_Z003_Z004_Z004_Z005_Z003_Z006_Z011_Z007_Z008_Z006_Z017_Z008_Z009_Z010
alleva-2021	Dv:0541	Z001_Z002_Z003_Z004_Z004_Z005_Z003_Z006_Z011_Z007_Z008_Z006_Z063_Z017_Z009_Z010
alleva-2021	Dv:0425	Z001_Z002_Z003_Z004_Z004_Z005_Z003_Z006_Z011_Z007_Z008_Z006_Z007_Z008_Z006_Z009_Z010
alleva-2021	Dv:0430	Z001_Z002_Z003_Z004_Z004_Z004_Z005_Z003_Z006_Z011_Z007_Z008_Z006_Z009_Z010
alleva-2021	Dv:0432	Z001_Z002_Z003_Z004_Z004_Z005_Z003_Z003_Z006_Z011_Z007_Z008_Z006_Z009_Z010
alleva-2021	Dv:0433	Z001_Z002_Z003_Z004_Z004_Z005_Z003_Z004_Z004_Z005_Z003_Z006_Z011_Z007_Z008_Z006_Z009_Z010
alleva-2021	Dv:0436	Z001_Z002_Z003_Z004_Z004_Z005_Z003_Z006_Z006_Z011_Z007_Z008_Z006_Z009_Z010
alleva-2021	Dv:0438	Z001_Z002_Z003_Z004_Z004_Z005_Z003_Z006_Z011_Z011_Z007_Z008_Z006_Z009_Z010
alleva-2021	Dv:0440	Z001_Z002_Z003_Z004_Z004_Z005_Z003_Z006_Z011_Z007_Z007_Z008_Z006_Z009_Z010
alleva-2021	Dv:0441	Z001_Z002_Z003_Z004_Z004_Z005_Z003_Z006_Z011_Z007_Z008_Z006_Z017_Z007_Z008_Z006_Z009_Z010
alleva-2021	Dv:0442	Z001_Z002_Z003_Z004_Z004_Z005_Z003_Z006_Z011_Z007_Z021_Z008_Z006_Z009_Z010
alleva-2021	Dv:0444	Z001_Z002_Z003_Z004_Z004_Z005_Z003_Z006_Z011_Z007_Z008_Z008_Z006_Z009_Z010
alleva-2021	Dv:0448	Z001_Z002_Z003_Z004_Z004_Z005_Z003_Z006_Z011_Z007_Z008_Z006_Z006_Z009_Z010
alleva-2021	Dv:0450	Z001_Z002_Z003_Z004_Z004_Z005_Z003_Z006_Z011_Z007_Z008_Z006_Z017_Z009_Z010
alleva-2021	Dv:0451	Z001_Z002_Z003_Z004_Z004_Z005_Z003_Z006_Z011_Z004_Z004_Z005_Z003_Z006_Z011_Z007_Z008_Z006_Z009_Z010
alleva-2021	Dv:0468	Z001_Z002_Z003_Z004_Z004_Z005_Z003_Z006_Z003_Z006_Z011_Z007_Z008_Z006_Z009_Z010
alleva-2021	Dv:0475	Z001_Z002_Z003_Z004_Z004_Z005_Z003_Z006_Z011_Z007_Z011_Z007_Z008_Z006_Z009_Z010
alleva-2021	Dv:0478	Z001_Z002_Z003_Z004_Z004_Z005_Z003_Z006_Z011_Z007_Z008_Z006_Z009_Z065_Z005_Z003_Z006_Z011_Z007_Z008_Z006_Z009_Z010
alleva-2021	Dv:0508	Z001_Z002_Z003_Z003_Z004_Z004_Z005_Z003_Z006_Z011_Z007_Z008_Z006_Z009_Z010
alleva-2021	Dv:0510	Z001_Z002_Z003_Z004_Z004_Z043_Z005_Z003_Z006_Z011_Z007_Z008_Z006_Z009_Z010
alleva-2021	Dv:0512	Z001_Z002_Z003_Z004_Z004_Z005_Z005_Z003_Z006_Z011_Z007_Z008_Z006_Z009_Z010
alleva-2021	Dv:0513	Z001_Z002_Z003_Z004_Z004_Z005_Z003_Z006_Z011_Z007_Z005_Z003_Z006_Z011_Z007_Z008_Z006_Z009_Z010
alleva-2021	Dv:0517	Z001_Z002_Z003_Z004_Z004_Z005_Z003_Z006_Z011_Z007_Z008_Z006_Z003_Z006_Z011_Z007_Z008_Z006_Z009_Z010
alleva-2021	Dv:0522	Z001_Z002_Z003_Z004_Z004_Z005_Z003_Z006_Z011_Z007_Z004_Z004_Z005_Z003_Z006_Z011_Z007_Z008_Z006_Z009_Z010
alleva-2021	Dv:0526	Z001_Z002_Z003_Z004_Z004_Z005_Z003_Z006_Z011_Z007_Z008_Z004_Z004_Z005_Z003_Z006_Z011_Z007_Z008_Z006_Z009_Z010
alleva-2021	Dv:0537	Z001_Z002_Z003_Z004_Z004_Z005_Z003_Z006_Z011_Z007_Z008_Z006_Z008_Z006_Z009_Z010
alleva-2021	E	Z001_Z002_Z003_Z004_Z008_Z006_Z009_Z010
alleva-2021	L1	Z001_Z002_Z003_Z004_Z007_Z008_Z006_Z009_Z010
alleva-2021	L10	Z001_Z003_Z004_Z004_Z005_Z003_Z006_Z007_Z008_Z006_Z009_Z010
alleva-2021	L11	Z001_Z002_Z003_Z004_Z004_Z005_Z003_Z006_Z007_Z008_Z009_Z010
alleva-2021	L12	Z001_Z002_Z003_Z004_Z004_Z003_Z003_Z003_Z006_Z007_Z008_Z006_Z010
alleva-2021	L12v:0087	Z001_Z002_Z003_Z004_Z004_Z003_Z003_Z003_Z006_Z007_Z007_Z052_Z008_Z006_Z010
alleva-2021	L12v:0091	Z001_Z002_Z003_Z004_Z004_Z003_Z003_Z003_Z006_Z007_Z008_Z045_Z017_Z017_Z010
alleva-2021	L12v:0096	Z001_Z002_Z003_Z004_Z004_Z003_Z003_Z003_Z006_Z007_Z006_Z006_Z007_Z006_Z006_Z007_Z008_Z006_Z010
alleva-2021	L12v:0100	Z001_Z002_Z003_Z004_Z004_Z003_Z003_Z003_Z006_Z007_Z011_Z008_Z048_Z008_Z006_Z010
alleva-2021	L12v:0268	Z001_Z002_Z003_Z004_Z004_Z003_Z003_Z003_Z006_Z008_Z006_Z007_Z008_Z006_Z010
alleva-2021	L12v:0271	Z001_Z002_Z003_Z004_Z004_Z003_Z003_Z003_Z006_Z007_Z008_Z006_Z006_Z007_Z008_Z006_Z008_Z045_Z010
alleva-2021	L12v:0085	Z001_Z002_Z003_Z004_Z003_Z004_Z004_Z003_Z003_Z003_Z006_Z007_Z008_Z006_Z010
alleva-2021	L12v:0086	Z001_Z002_Z003_Z004_Z004_Z003_Z003_Z003_Z006_Z007_Z008_Z006_Z006_Z007_Z008_Z006_Z010
alleva-2021	L12v:0089	Z001_Z002_Z003_Z004_Z004_Z003_Z003_Z003_Z006_Z007_Z008_Z007_Z008_Z006_Z010
alleva-2021	L12v:0097	Z001_Z002_Z003_Z004_Z004_Z003_Z004_Z004_Z003_Z003_Z003_Z006_Z007_Z008_Z006_Z010
alleva-2021	L12v:0099	Z001_Z002_Z003_Z004_Z004_Z003_Z003_Z003_Z003_Z003_Z003_Z006_Z007_Z008_Z006_Z010
alleva-2021	L12v:0263	Z001_Z002_Z003_Z004_Z004_Z003_Z003_Z003_Z006_Z007_Z008_Z006_Z007_Z008_Z006_Z010
alleva-2021	L12v:0264	Z001_Z002_Z003_Z004_Z004_Z003_Z003_Z004_Z004_Z003_Z003_Z003_Z006_Z007_Z008_Z006_Z010
alleva-2021	L13	Z001_Z002_Z003_Z004_Z004_Z005_Z003_Z006_Z007_Z008_Z017_Z009_Z010
alleva-2021	L14	Z001_Z002_Z003_Z004_Z004_Z003_Z003_Z006_Z011_Z008_Z012_Z015_Z009_Z010
alleva-2021	L14v:0290	Z001_Z002_Z003_Z003_Z003_Z043_Z004_Z003_Z003_Z006_Z011_Z008_Z012_Z015_Z009_Z010
alleva-2021	L14v:0291	Z001_Z002_Z003_Z004_Z004_Z003_Z003_Z006_Z018_Z006_Z011_Z008_Z012_Z015_Z009_Z010
alleva-2021	L14v:0293	Z001_Z002_Z003_Z004_Z004_Z003_Z003_Z006_Z008_Z012_Z011_Z008_Z012_Z015_Z009_Z010
alleva-2021	L14v:0294	Z001_Z002_Z003_Z004_Z004_Z003_Z003_Z006_Z011_Z015_Z017_Z006_Z012_Z015_Z009_Z010
alleva-2021	L14v:0295	Z001_Z002_Z003_Z004_Z004_Z003_Z003_Z006_Z011_Z008_Z003_Z006_Z011_Z015_Z009_Z010
alleva-2021	L14v:0301	Z001_Z002_Z003_Z004_Z004_Z003_Z003_Z006_Z011_Z008_Z012_Z008_Z009_Z041_Z009_Z010
alleva-2021	L14v:0312	Z001_Z002_Z003_Z004_Z004_Z003_Z003_Z006_Z011_Z008_Z012_Z008_Z012_Z008_Z015_Z009_Z010
alleva-2021	L14v:0313	Z001_Z002_Z003_Z004_Z004_Z003_Z003_Z006_Z011_Z008_Z012_Z012_Z005_Z012_Z015_Z009_Z010
alleva-2021	L14v:0318	Z001_Z002_Z003_Z004_Z004_Z003_Z004_Z004_Z003_Z008_Z003_Z006_Z011_Z008_Z012_Z015_Z009_Z010
alleva-2021	L14v:0320	Z001_Z002_Z003_Z004_Z004_Z003_Z003_Z006_Z011_Z011_Z003_Z006_Z011_Z008_Z012_Z015_Z009_Z010
alleva-2021	L14v:0326	Z001_Z002_Z003_Z004_Z004_Z003_Z003_Z006_Z011_Z008_Z012_Z015_Z009_Z012_Z012_Z015_Z009_Z010
alleva-2021	L14v:0329	Z001_Z002_Z003_Z004_Z004_Z003_Z003_Z006_Z011_Z008_Z008_Z011_Z011_Z008_Z008_Z012_Z015_Z009_Z010
alleva-2021	L14v:0330	Z001_Z002_Z003_Z004_Z004_Z003_Z003_Z006_Z011_Z008_Z012_Z012_Z005_Z003_Z006_Z011_Z015_Z009_Z010
alleva-2021	L14v:0331	Z001_Z002_Z003_Z006_Z011_Z008_Z012_Z015_Z017_Z004_Z004_Z003_Z003_Z006_Z011_Z008_Z012_Z015_Z009_Z010
alleva-2021	L14v:0332	Z001_Z002_Z003_Z004_Z004_Z004_Z051_Z051_Z051_Z004_Z004_Z003_Z003_Z006_Z011_Z008_Z012_Z015_Z009_Z010
alleva-2021	L14v:0333	Z001_Z002_Z003_Z004_Z004_Z003_Z003_Z004_Z004_Z003_Z003_Z003_Z003_Z006_Z011_Z008_Z012_Z015_Z009_Z010
alleva-2021	L14v:0334	Z001_Z002_Z003_Z004_Z004_Z003_Z003_Z006_Z011_Z008_Z006_Z011_Z034_Z006_Z011_Z008_Z012_Z015_Z009_Z010
alleva-2021	L14v:0335	Z001_Z002_Z003_Z004_Z004_Z003_Z003_Z006_Z011_Z008_Z012_Z008_Z003_Z011_Z008_Z012_Z012_Z015_Z009_Z010
alleva-2021	L14v:0338	Z001_Z002_Z003_Z004_Z004_Z003_Z003_Z006_Z011_Z008_Z012_Z008_Z006_Z011_Z008_Z012_Z008_Z012_Z015_Z009_Z010
alleva-2021	L14v:0339	Z001_Z002_Z003_Z003_Z003_Z003_Z004_Z004_Z003_Z003_Z006_Z011_Z008_Z012_Z015_Z009_Z010
alleva-2021	L14v:0351	Z001_Z002_Z003_Z004_Z004_Z003_Z003_Z006_Z011_Z008_Z012_Z058_Z017_Z009_Z010
alleva-2021	L14v:0354	Z001_Z002_Z003_Z004_Z003_Z003_Z003_Z004_Z004_Z003_Z003_Z006_Z011_Z008_Z012_Z015_Z009_Z010
alleva-2021	L14v:0359	Z001_Z002_Z003_Z004_Z004_Z003_Z003_Z006_Z011_Z048_Z012_Z011_Z048_Z012_Z008_Z012_Z015_Z009_Z010
alleva-2021	L14v:0361	Z001_Z002_Z003_Z004_Z004_Z003_Z003_Z006_Z011_Z008_Z012_Z008_Z011_Z008_Z012_Z008_Z011_Z008_Z012_Z008_Z009_Z010
alleva-2021	L14v:0362	Z001_Z002_Z003_Z004_Z004_Z018_Z004_Z003_Z003_Z006_Z011_Z008_Z012_Z015_Z009_Z010
alleva-2021	L14v:0363	Z001_Z002_Z003_Z004_Z004_Z003_Z003_Z003_Z006_Z006_Z011_Z008_Z012_Z015_Z009_Z010
alleva-2021	L14v:0365	Z001_Z002_Z003_Z004_Z004_Z003_Z003_Z006_Z011_Z008_Z012_Z005_Z005_Z015_Z009_Z010
alleva-2021	L14v:0366	Z001_Z002_Z003_Z004_Z004_Z003_Z003_Z006_Z011_Z008_Z012_Z015_Z008_Z024_Z009_Z010
alleva-2021	L14v:0367	Z001_Z002_Z003_Z004_Z004_Z003_Z003_Z006_Z011_Z008_Z012_Z015_Z009_Z009_Z009_Z010
alleva-2021	L14v:0370	Z001_Z002_Z003_Z004_Z004_Z003_Z018_Z003_Z006_Z011_Z008_Z012_Z015_Z009_Z010
alleva-2021	L14v:0372	Z001_Z002_Z003_Z004_Z004_Z003_Z051_Z003_Z006_Z011_Z008_Z012_Z015_Z009_Z010
alleva-2021	L14v:0374	Z001_Z002_Z003_Z004_Z004_Z003_Z003_Z006_Z008_Z011_Z008_Z012_Z015_Z009_Z010
alleva-2021	L14v:0377	Z001_Z002_Z003_Z004_Z004_Z003_Z003_Z006_Z011_Z008_Z012_Z032_Z009_Z010_Z010
alleva-2021	L14v:0378	Z001_Z002_Z003_Z004_Z004_Z003_Z003_Z006_Z011_Z008_Z012_Z008_Z003_Z006_Z011_Z015_Z009_Z010
alleva-2021	L14v:0384	Z001_Z002_Z003_Z004_Z004_Z004_Z004_Z003_Z004_Z004_Z003_Z003_Z006_Z011_Z008_Z012_Z015_Z009_Z010
alleva-2021	L14v:0385	Z001_Z002_Z003_Z004_Z004_Z003_Z003_Z006_Z011_Z012_Z003_Z018_Z012_Z003_Z006_Z011_Z008_Z012_Z015_Z009_Z010
alleva-2021	L14v:0275	Z001_Z002_Z003_Z004_Z004_Z003_Z038_Z009_Z010
alleva-2021	L14v:0284	Z001_Z002_Z003_Z004_Z004_Z003_Z003_Z006_Z039_Z009_Z010
alleva-2021	L14v:0287	Z001_Z002_Z003_Z004_Z004_Z003_Z003_Z006_Z011_Z015_Z009_Z010
alleva-2021	L14v:0296	Z001_Z002_Z003_Z004_Z004_Z003_Z003_Z006_Z011_Z008_Z011_Z008_Z012_Z015_Z009_Z010
alleva-2021	L14v:0297	Z001_Z002_Z003_Z004_Z004_Z003_Z003_Z006_Z011_Z008_Z012_Z008_Z012_Z015_Z009_Z010
alleva-2021	L14v:0299	Z001_Z002_Z003_Z004_Z004_Z003_Z003_Z006_Z011_Z008_Z012_Z015_Z012_Z015_Z009_Z010
alleva-2021	L14v:0300	Z001_Z002_Z004_Z004_Z003_Z003_Z006_Z011_Z008_Z012_Z015_Z009_Z010
alleva-2021	L14v:0302	Z001_Z002_Z003_Z004_Z003_Z003_Z006_Z011_Z008_Z012_Z015_Z009_Z010
alleva-2021	L14v:0304	Z001_Z002_Z003_Z004_Z004_Z003_Z006_Z011_Z008_Z012_Z015_Z009_Z010
alleva-2021	L14v:0306	Z001_Z002_Z003_Z004_Z004_Z003_Z003_Z006_Z011_Z012_Z015_Z009_Z010
alleva-2021	L14v:0308	Z001_Z002_Z003_Z004_Z004_Z003_Z003_Z006_Z011_Z008_Z015_Z009_Z010
alleva-2021	L14v:0310	Z001_Z002_Z003_Z004_Z004_Z003_Z003_Z006_Z011_Z003_Z006_Z011_Z008_Z012_Z015_Z009_Z010
alleva-2021	L14v:0311	Z001_Z002_Z003_Z004_Z004_Z003_Z003_Z006_Z011_Z008_Z012_Z011_Z008_Z012_Z015_Z009_Z010
alleva-2021	L14v:0315	Z001_Z002_Z003_Z004_Z004_Z003_Z003_Z006_Z011_Z008_Z012_Z015_Z017_Z012_Z015_Z009_Z010
alleva-2021	L14v:0319	Z001_Z002_Z003_Z004_Z004_Z003_Z003_Z006_Z006_Z011_Z008_Z012_Z015_Z009_Z010
alleva-2021	L14v:0321	Z001_Z002_Z003_Z004_Z004_Z003_Z003_Z006_Z011_Z011_Z008_Z012_Z015_Z009_Z010
alleva-2021	L14v:0322	Z001_Z002_Z003_Z004_Z004_Z003_Z003_Z006_Z011_Z008_Z003_Z006_Z011_Z008_Z012_Z015_Z009_Z010
alleva-2021	L14v:0323	Z001_Z002_Z003_Z004_Z004_Z003_Z003_Z006_Z011_Z008_Z012_Z012_Z015_Z009_Z010
alleva-2021	L14v:0324	Z001_Z002_Z003_Z004_Z004_Z003_Z003_Z006_Z011_Z008_Z012_Z015_Z017_Z008_Z012_Z015_Z009_Z010
alleva-2021	L14v:0325	Z001_Z002_Z003_Z004_Z004_Z003_Z003_Z006_Z011_Z008_Z012_Z008_Z015_Z009_Z010
alleva-2021	L14v:0328	Z001_Z002_Z003_Z004_Z004_Z003_Z003_Z006_Z011_Z008_Z003_Z003_Z006_Z011_Z008_Z012_Z015_Z009_Z010
alleva-2021	L14v:0337	Z001_Z002_Z003_Z004_Z004_Z003_Z003_Z006_Z011_Z008_Z004_Z004_Z003_Z003_Z006_Z011_Z008_Z012_Z015_Z009_Z010
alleva-2021	L14v:0341	Z001_Z002_Z003_Z004_Z004_Z003_Z003_Z006_Z011_Z008_Z012_Z015_Z008_Z012_Z015_Z009_Z010
alleva-2021	L14v:0346	Z001_Z002_Z003_Z004_Z004_Z004_Z003_Z003_Z006_Z011_Z008_Z012_Z015_Z009_Z010
alleva-2021	L14v:0348	Z001_Z002_Z003_Z004_Z004_Z043_Z003_Z003_Z006_Z011_Z008_Z012_Z015_Z009_Z010
alleva-2021	L14v:0353	Z001_Z002_Z003_Z004_Z004_Z003_Z003_Z006_Z011_Z008_Z012_Z015_Z017_Z009_Z010
alleva-2021	L14v:0364	Z001_Z002_Z003_Z004_Z004_Z003_Z003_Z006_Z003_Z006_Z011_Z008_Z012_Z015_Z009_Z010
alleva-2021	L14v:0371	Z001_Z002_Z003_Z004_Z004_Z003_Z004_Z004_Z003_Z003_Z006_Z011_Z008_Z012_Z015_Z009_Z010
alleva-2021	L14v:0386	Z001_Z002_Z003_Z004_Z004_Z003_Z003_Z006_Z011_Z008_Z012_Z015_Z017_Z015_Z009_Z010
alleva-2021	L15	Z001_Z002_Z003_Z004_Z004_Z003_Z003_Z006_Z011_Z008_Z012_Z008_Z009
alleva-2021	L15v:0131	Z001_Z062_Z003_Z003_Z004_Z004_Z003_Z003_Z006_Z011_Z008_Z012_Z008_Z009
alleva-2021	L15v:0158	Z001_Z002_Z003_Z004_Z051_Z004_Z004_Z003_Z003_Z006_Z011_Z008_Z012_Z008_Z009
alleva-2021	L15v:0160	Z001_Z002_Z003_Z004_Z004_Z003_Z003_Z006_Z011_Z008_Z006_Z008_Z012_Z008_Z009
alleva-2021	L15v:0162	Z001_Z002_Z003_Z004_Z004_Z003_Z003_Z006_Z011_Z008_Z012_Z014_Z005_Z008_Z009
alleva-2021	L15v:0173	Z001_Z002_Z003_Z004_Z004_Z003_Z003_Z006_Z048_Z008_Z006_Z011_Z008_Z012_Z008_Z009
alleva-2021	L15v:0174	Z001_Z002_Z003_Z004_Z004_Z003_Z003_Z006_Z011_Z012_Z052_Z012_Z008_Z012_Z008_Z009
alleva-2021	L15v:0175	Z001_Z002_Z003_Z004_Z004_Z003_Z003_Z006_Z011_Z008_Z012_Z006_Z012_Z006_Z008_Z009
alleva-2021	L15v:0179	Z001_Z002_Z003_Z004_Z004_Z003_Z003_Z049_Z008_Z006_Z066_Z006_Z011_Z008_Z012_Z008_Z009
alleva-2021	L15v:0180	Z001_Z002_Z003_Z004_Z004_Z003_Z003_Z006_Z011_Z008_Z006_Z012_Z008_Z005_Z012_Z008_Z009
alleva-2021	L15v:0182	Z001_Z002_Z003_Z004_Z018_Z004_Z004_Z004_Z003_Z004_Z004_Z003_Z003_Z006_Z011_Z008_Z012_Z008_Z009
alleva-2021	L15v:0184	Z001_Z002_Z003_Z004_Z004_Z003_Z003_Z006_Z011_Z008_Z003_Z003_Z006_Z011_Z008_Z008_Z012_Z008_Z009
alleva-2021	L15v:0187	Z001_Z002_Z003_Z004_Z004_Z003_Z003_Z006_Z011_Z008_Z006_Z011_Z008_Z012_Z006_Z011_Z008_Z012_Z008_Z009
alleva-2021	L15v:0126	Z001_Z002_Z003_Z006_Z011_Z008_Z012_Z008_Z009
alleva-2021	L15v:0132	Z001_Z002_Z003_Z003_Z006_Z011_Z008_Z012_Z008_Z009
alleva-2021	L15v:0133	Z001_Z002_Z003_Z018_Z004_Z004_Z003_Z003_Z006_Z011_Z008_Z012_Z008_Z009
alleva-2021	L15v:0134	Z001_Z002_Z003_Z004_Z004_Z004_Z003_Z003_Z006_Z011_Z008_Z012_Z008_Z009
alleva-2021	L15v:0136	Z001_Z002_Z003_Z004_Z004_Z003_Z003_Z003_Z006_Z011_Z008_Z012_Z008_Z009
alleva-2021	L15v:0138	Z001_Z002_Z003_Z004_Z004_Z003_Z003_Z006_Z011_Z008_Z012_Z008_Z063_Z009
alleva-2021	L15v:0139	Z001_Z002_Z003_Z003_Z003_Z006_Z011_Z008_Z012_Z008_Z009
alleva-2021	L15v:0141	Z001_Z002_Z003_Z004_Z004_Z003_Z003_Z006_Z012_Z008_Z009
alleva-2021	L15v:0143	Z001_Z002_Z003_Z004_Z004_Z003_Z003_Z006_Z011_Z008_Z009
alleva-2021	L15v:0145	Z001_Z002_Z003_Z004_Z004_Z003_Z003_Z006_Z011_Z008_Z059
alleva-2021	L15v:0155	Z001_Z003_Z004_Z004_Z003_Z003_Z006_Z011_Z008_Z012_Z008_Z009
alleva-2021	L15v:0157	Z001_Z002_Z003_Z004_Z003_Z003_Z006_Z011_Z008_Z012_Z008_Z009
alleva-2021	L15v:0159	Z001_Z002_Z003_Z004_Z018_Z003_Z006_Z011_Z008_Z012_Z008_Z009
alleva-2021	L15v:0161	Z001_Z002_Z003_Z004_Z004_Z003_Z006_Z011_Z008_Z012_Z008_Z009
alleva-2021	L15v:0163	Z001_Z002_Z003_Z004_Z004_Z003_Z003_Z006_Z008_Z012_Z008_Z009
alleva-2021	L15v:0165	Z001_Z002_Z003_Z004_Z004_Z003_Z003_Z006_Z011_Z012_Z008_Z009
alleva-2021	L15v:0167	Z001_Z002_Z003_Z004_Z004_Z003_Z003_Z006_Z011_Z008_Z008_Z009
alleva-2021	L15v:0169	Z001_Z002_Z003_Z004_Z004_Z003_Z003_Z006_Z011_Z008_Z012_Z009
alleva-2021	L15v:0170	Z001_Z002_Z003_Z004_Z004_Z003_Z003_Z006_Z011_Z008_Z012_Z058
alleva-2021	L15v:0171	Z001_Z002_Z003_Z004_Z004_Z003_Z004_Z004_Z003_Z003_Z006_Z011_Z008_Z012_Z008_Z009
alleva-2021	L15v:0172	Z001_Z002_Z003_Z004_Z004_Z003_Z043_Z004_Z003_Z003_Z006_Z011_Z008_Z012_Z008_Z009
alleva-2021	L15v:0183	Z001_Z002_Z003_Z004_Z004_Z003_Z003_Z006_Z011_Z008_Z004_Z003_Z003_Z006_Z011_Z008_Z012_Z008_Z009
alleva-2021	L15v:0185	Z001_Z002_Z003_Z004_Z004_Z003_Z003_Z006_Z011_Z008_Z012_Z008_Z003_Z006_Z011_Z008_Z012_Z008_Z009
alleva-2021	L15v:0186	Z001_Z002_Z003_Z004_Z004_Z003_Z003_Z006_Z011_Z008_Z004_Z004_Z003_Z003_Z006_Z011_Z008_Z012_Z008_Z009
alleva-2021	L16	Z001_Z002_Z003_Z004_Z018_Z003_Z006_Z011_Z008_Z012_Z008_Z009_Z010
alleva-2021	L16v:0244	Z001_Z002_Z003_Z004_Z018_Z003_Z006_Z011_Z011_Z036_Z011_Z008_Z012_Z008_Z009_Z010
alleva-2021	L16v:0245	Z001_Z002_Z003_Z004_Z004_Z003_Z018_Z003_Z006_Z011_Z008_Z012_Z008_Z009_Z010
alleva-2021	L16v:0247	Z001_Z002_Z003_Z004_Z018_Z003_Z006_Z048_Z052_Z008_Z008_Z012_Z008_Z009_Z010
alleva-2021	L16v:0249	Z001_Z002_Z003_Z004_Z018_Z003_Z006_Z048_Z008_Z012_Z008_Z012_Z008_Z009_Z010
alleva-2021	L16v:0256	Z001_Z002_Z003_Z004_Z018_Z012_Z003_Z004_Z018_Z003_Z006_Z011_Z008_Z012_Z008_Z009_Z010
alleva-2021	L16v:0373	Z001_Z002_Z003_Z004_Z018_Z003_Z006_Z011_Z003_Z003_Z006_Z011_Z008_Z012_Z008_Z009_Z010
alleva-2021	L16v:0381	Z001_Z002_Z003_Z004_Z018_Z003_Z003_Z003_Z006_Z011_Z008_Z012_Z008_Z009_Z010
alleva-2021	L16v:0383	Z001_Z002_Z003_Z004_Z018_Z003_Z006_Z011_Z008_Z008_Z008_Z012_Z008_Z009_Z010
alleva-2021	L16v:0387	Z001_Z002_Z003_Z004_Z018_Z003_Z006_Z011_Z008_Z012_Z008_Z018_Z018_Z004_Z018_Z003_Z006_Z011_Z008_Z012_Z008_Z009_Z010
alleva-2021	L16v:0388	Z001_Z002_Z003_Z004_Z004_Z018_Z004_Z018_Z003_Z006_Z011_Z008_Z012_Z008_Z009_Z010
alleva-2021	L16v:0389	Z001_Z002_Z003_Z004_Z018_Z003_Z006_Z011_Z008_Z031_Z011_Z008_Z012_Z008_Z009_Z010
alleva-2021	L16v:0251	Z001_Z002_Z003_Z004_Z018_Z003_Z006_Z011_Z008_Z012_Z008_Z009_Z008_Z009_Z010
alleva-2021	L16v:0379	Z001_Z002_Z003_Z004_Z003_Z004_Z018_Z003_Z006_Z011_Z008_Z012_Z008_Z009_Z010
alleva-2021	L16v:0390	Z001_Z002_Z003_Z004_Z018_Z003_Z006_Z011_Z008_Z012_Z008_Z008_Z012_Z008_Z009_Z010
alleva-2021	L17	Z001_Z002_Z003_Z004_Z004_Z011_Z003_Z003_Z006_Z011_Z008_Z012_Z008_Z009_Z010
alleva-2021	L18	Z001_Z002_Z004_Z004_Z019_Z003_Z006_Z011_Z008_Z012_Z015_Z009_Z010
alleva-2021	L19	Z001_Z002_Z003_Z004_Z004_Z003_Z003_Z006_Z011_Z008_Z012_Z008_Z017_Z009_Z010
alleva-2021	L2	Z001_Z002_Z003_Z004_Z004_Z003_Z006_Z007_Z008_Z006_Z009_Z010
alleva-2021	L20	Z001_Z002_Z003_Z004_Z004_Z005_Z003_Z006_Z007_Z011_Z006_Z017_Z010
alleva-2021	L20v:0056	Z001_Z002_Z003_Z004_Z004_Z005_Z005_Z005_Z003_Z006_Z007_Z011_Z006_Z017_Z010
alleva-2021	L20v:0057	Z001_Z002_Z003_Z004_Z004_Z005_Z003_Z006_Z007_Z048_Z006_Z007_Z011_Z006_Z017_Z010
alleva-2021	L20v:0060	Z001_Z002_Z003_Z004_Z004_Z005_Z003_Z006_Z007_Z011_Z006_Z007_Z011_Z017_Z010
alleva-2021	L20v:0062	Z001_Z002_Z003_Z004_Z004_Z005_Z003_Z006_Z007_Z011_Z006_Z006_Z006_Z017_Z010
alleva-2021	L20v:0066	Z001_Z002_Z003_Z004_Z004_Z005_Z003_Z006_Z007_Z005_Z003_Z006_Z007_Z006_Z007_Z011_Z006_Z017_Z010
alleva-2021	L20v:0058	Z001_Z002_Z003_Z004_Z004_Z005_Z003_Z006_Z003_Z006_Z007_Z011_Z006_Z017_Z010
alleva-2021	L20v:0059	Z001_Z002_Z003_Z004_Z004_Z005_Z003_Z006_Z007_Z011_Z006_Z017_Z011_Z006_Z017_Z010
alleva-2021	L21	Z001_Z002_Z003_Z004_Z004_Z005_Z005_Z003_Z006_Z007_Z008_Z006_Z009_Z010
alleva-2021	L22	Z001_Z002_Z003_Z004_Z004_Z005_Z003_Z006_Z007_Z008_Z008_Z006_Z009_Z010
alleva-2021	L23	Z001_Z002_Z003_Z004_Z004_Z005_Z003_Z006_Z006_Z008_Z006_Z017_Z010
alleva-2021	L24	Z001_Z002_Z003_Z004_Z004_Z005_Z003_Z006_Z020_Z016_Z006_Z017_Z010
alleva-2021	L24v:0106	Z001_Z002_Z003_Z004_Z005_Z004_Z004_Z005_Z003_Z006_Z020_Z016_Z006_Z017_Z010
alleva-2021	L24v:0108	Z001_Z002_Z003_Z004_Z004_Z047_Z003_Z005_Z003_Z006_Z020_Z016_Z006_Z017_Z010
alleva-2021	L24v:0111	Z001_Z002_Z003_Z004_Z018_Z018_Z018_Z004_Z004_Z005_Z003_Z006_Z020_Z016_Z006_Z017_Z010
alleva-2021	L24v:0118	Z001_Z002_Z003_Z004_Z004_Z005_Z003_Z003_Z004_Z005_Z003_Z003_Z006_Z020_Z016_Z006_Z017_Z010
alleva-2021	L24v:0104	Z001_Z002_Z003_Z004_Z004_Z005_Z003_Z006_Z020_Z016_Z006_Z020_Z016_Z006_Z017_Z010
alleva-2021	L24v:0110	Z001_Z002_Z003_Z004_Z004_Z005_Z003_Z006_Z020_Z016_Z020_Z016_Z006_Z017_Z010
alleva-2021	L24v:0112	Z001_Z002_Z003_Z004_Z004_Z005_Z003_Z006_Z020_Z016_Z006_Z017_Z006_Z017_Z010
alleva-2021	L24v:0113	Z001_Z002_Z003_Z004_Z004_Z005_Z003_Z004_Z004_Z005_Z003_Z006_Z020_Z016_Z006_Z017_Z010
alleva-2021	L24v:0115	Z001_Z002_Z003_Z004_Z004_Z005_Z003_Z006_Z020_Z016_Z006_Z017_Z020_Z016_Z006_Z017_Z010
alleva-2021	L27	Z001_Z002_Z003_Z004_Z004_Z022_Z003_Z006_Z007_Z008_Z006_Z009_Z010
alleva-2021	L27v:0067	Z001_Z002_Z003_Z004_Z004_Z022_Z003_Z006_Z003_Z006_Z003_Z006_Z007_Z008_Z006_Z009_Z010
alleva-2021	L27v:0070	Z001_Z002_Z003_Z004_Z004_Z004_Z022_Z018_Z004_Z004_Z022_Z003_Z006_Z007_Z008_Z006_Z009_Z010
alleva-2021	L27v:0074	Z001_Z002_Z003_Z004_Z004_Z022_Z003_Z006_Z007_Z008_Z052_Z052_Z008_Z052_Z052_Z008_Z006_Z009_Z010
alleva-2021	L27v:0078	Z001_Z002_Z003_Z003_Z002_Z003_Z004_Z004_Z022_Z003_Z006_Z007_Z008_Z006_Z009_Z010
alleva-2021	L27v:0079	Z001_Z002_Z003_Z004_Z004_Z047_Z003_Z004_Z022_Z003_Z006_Z007_Z008_Z006_Z009_Z010
alleva-2021	L27v:0072	Z001_Z002_Z003_Z004_Z004_Z022_Z003_Z006_Z007_Z008_Z004_Z022_Z003_Z006_Z007_Z008_Z006_Z009_Z010
alleva-2021	L27v:0077	Z001_Z002_Z003_Z004_Z004_Z022_Z003_Z006_Z007_Z008_Z003_Z004_Z004_Z022_Z003_Z006_Z007_Z008_Z006_Z009_Z010
alleva-2021	L27v:0080	Z001_Z002_Z003_Z004_Z004_Z022_Z004_Z004_Z022_Z003_Z006_Z007_Z008_Z006_Z009_Z010
alleva-2021	L3	Z001_Z002_Z003_Z004_Z005_Z003_Z006_Z007_Z008_Z006_Z009_Z010
alleva-2021	L4	Z001_Z002_Z003_Z004_Z004_Z003_Z003_Z003_Z004_Z004_Z003_Z006_Z011_Z008_Z012_Z008_Z009_Z010
alleva-2021	L5	Z001_Z002_Z003_Z004_Z004_Z005_Z003_Z006_Z009_Z010
alleva-2021	L6	Z001_Z002_Z003_Z004_Z004_Z003_Z003_Z003_Z006_Z011_Z008_Z012_Z015_Z009_Z010
alleva-2021	L7	Z001_Z002_Z003_Z004_Z004_Z003_Z003_Z006_Z007_Z008_Z006_Z010
alleva-2021	L8	Z001_Z002_Z003_Z004_Z004_Z005_Z003_Z003_Z006_Z011_Z008_Z012_Z008_Z009_Z010
alleva-2021	L9	Z001_Z002_Z003_Z004_Z004_Z005_Z003_Z006_Z007_Z016_Z006_Z017_Z010
alleva-2021	M1	Z001_Z002_Z003_Z072_Z004_Z003_Z003_Z006_Z007_Z008_Z006_Z009_Z010
alleva-2021	M10	Z001_Z002_Z003_Z004_Z004_Z005_Z003_Z006_Z007_Z008_Z006_Z017_Z010
alleva-2021	M11	Z001_Z002_Z003_Z004_Z004_Z005_Z003_Z006_Z007_Z011_Z017_Z010
alleva-2021	M12	Z001_Z002_Z003_Z004_Z004_Z003_Z003_Z003_Z004_Z004_Z003_Z006_Z011_Z008_Z012_Z028_Z008_Z009_Z010
alleva-2021	M13	Z001_Z002_Z043_Z004_Z004_Z003_Z003_Z003_Z006_Z011_Z008_Z012_Z015_Z009_Z010
alleva-2021	M14	Z001_Z002_Z003_Z004_Z004_Z003_Z003_Z003_Z006_Z011_Z008_Z076_Z008_Z009_Z010
alleva-2021	M15	Z001_Z002_Z003_Z004_Z004_Z043_Z004_Z004_Z043_Z043_Z003_Z006_Z007_Z008_Z006_Z009_Z010
alleva-2021	M16	Z001_Z002_Z077_Z004_Z004_Z005_Z003_Z006_Z007_Z008_Z008_Z006_Z009_Z010
alleva-2021	M17	Z001_Z002_Z003_Z004_Z004_Z004_Z003_Z003_Z006_Z007_Z008_Z006_Z010
alleva-2021	M18	Z001_Z002_Z003_Z004_Z004_Z003_Z003_Z006_Z011_Z008_Z012_Z048_Z009_Z010
alleva-2021	M19	Z001_Z002_Z003_Z004_Z004_Z005_Z003_Z068_Z007_Z008_Z006_Z009_Z010
alleva-2021	M2	Z001_Z002_Z003_Z018_Z004_Z005_Z003_Z006_Z007_Z008_Z006_Z009_Z010
alleva-2021	M20	Z001_Z002_Z003_Z003_Z003_Z006_Z007_Z008_Z006_Z009_Z010
alleva-2021	M21	Z001_Z002_Z003_Z004_Z004_Z005_Z003_Z004_Z005_Z003_Z006_Z007_Z008_Z008_Z006_Z009_Z010
alleva-2021	M22	Z001_Z002_Z003_Z072_Z078_Z003_Z003_Z006_Z007_Z008_Z006_Z009_Z010
alleva-2021	M23	Z001_Z002_Z003_Z004_Z004_Z079_Z003_Z006_Z007_Z008_Z006_Z009_Z010
alleva-2021	M24	Z001_Z002_Z003_Z004_Z004_Z005_Z003_Z006_Z007_Z008_Z006_Z009_Z080
alleva-2021	M25	Z001_Z002_Z003_Z004_Z004_Z003_Z003_Z006_Z048_Z008_Z008_Z009_Z010
alleva-2021	M26	Z001_Z002_Z003_Z081_Z004_Z005_Z003_Z006_Z007_Z008_Z006_Z009_Z010
alleva-2021	M27	Z001_Z002_Z003_Z004_Z004_Z005_Z082_Z006_Z007_Z008_Z006_Z009_Z010
alleva-2021	M28	Z001_Z002_Z003_Z004_Z004_Z005_Z003_Z006_Z011_Z008_Z012_Z015_Z009_Z010
alleva-2021	M29	Z001_Z002_Z003_Z004_Z004_Z003_Z003_Z006_Z048_Z008_Z012_Z008_Z009_Z010
alleva-2021	M3	Z001_Z002_Z003_Z004_Z005_Z003_Z006_Z007_Z008_Z045_Z010
alleva-2021	M30	Z001_Z083_Z003_Z004_Z004_Z005_Z003_Z006_Z007_Z011_Z006_Z017_Z010
alleva-2021	M31	Z001_Z002_Z003_Z004_Z004_Z003_Z003_Z006_Z007_Z008_Z006_Z063_Z009_Z010
alleva-2021	M32	Z001_Z002_Z003_Z043_Z004_Z005_Z003_Z006_Z007_Z008_Z006_Z009_Z010
alleva-2021	M4	Z001_Z002_Z003_Z004_Z004_Z005_Z003_Z006_Z021_Z008_Z006_Z009_Z010
alleva-2021	M5	Z001_Z002_Z003_Z069_Z004_Z005_Z003_Z006_Z007_Z008_Z006_Z009_Z010
alleva-2021	M6	Z001_Z002_Z003_Z004_Z004_Z073_Z003_Z006_Z007_Z008_Z006_Z009_Z010
alleva-2021	M7	Z001_Z002_Z003_Z004_Z043_Z003_Z003_Z006_Z007_Z008_Z006_Z009_Z010
alleva-2021	M8	Z001_Z002_Z003_Z004_Z004_Z003_Z003_Z006_Z007_Z074_Z006_Z009_Z010
alleva-2021	M9	Z001_Z002_Z003_Z004_Z004_Z005_Z003_Z006_Z007_Z008_Z006_Z075_Z010
alleva-2021	Rv:0063	Z001_Z002_Z003_Z004_Z004_Z005_Z003_Z006_Z007_Z008_Z049_Z017_Z007_Z011_Z006_Z009_Z010
alleva-2021	Rv:0064	Z001_Z002_Z003_Z004_Z004_Z005_Z003_Z006_Z007_Z008_Z006_Z011_Z006_Z009_Z010
alleva-2021	Rv:0073	Z001_Z002_Z003_Z004_Z004_Z022_Z005_Z005_Z003_Z006_Z007_Z008_Z006_Z009_Z010
alleva-2021	Rv:0075	Z001_Z002_Z003_Z004_Z004_Z005_Z051_Z022_Z003_Z006_Z007_Z008_Z006_Z009_Z010
alleva-2021	Rv:0076	Z001_Z002_Z003_Z004_Z022_Z043_Z004_Z005_Z003_Z043_Z004_Z022_Z003_Z006_Z007_Z008_Z006_Z009_Z010
alleva-2021	Rv:0090	Z001_Z002_Z003_Z004_Z004_Z003_Z003_Z003_Z003_Z004_Z014_Z003_Z006_Z007_Z008_Z006_Z009_Z010
alleva-2021	Rv:0098	Z001_Z002_Z003_Z004_Z004_Z003_Z006_Z007_Z052_Z004_Z004_Z003_Z005_Z003_Z006_Z007_Z008_Z006_Z009_Z010
alleva-2021	Rv:0105	Z001_Z002_Z003_Z004_Z004_Z005_Z003_Z006_Z020_Z016_Z006_Z017_Z008_Z006_Z017_Z010
alleva-2021	Rv:0114	Z001_Z002_Z003_Z004_Z004_Z005_Z003_Z006_Z007_Z054_Z007_Z008_Z006_Z009_Z010
alleva-2021	Rv:0116	Z001_Z002_Z003_Z004_Z004_Z005_Z003_Z006_Z007_Z016_Z054_Z008_Z006_Z009_Z010
alleva-2021	Rv:0120	Z001_Z002_Z003_Z004_Z004_Z005_Z003_Z006_Z007_Z056_Z007_Z007_Z006_Z007_Z052_Z006_Z020_Z016_Z006_Z009_Z010
alleva-2021	Rv:0121	Z001_Z002_Z003_Z004_Z004_Z005_Z005_Z005_Z003_Z006_Z007_Z005_Z004_Z005_Z005_Z003_Z006_Z020_Z016_Z006_Z017_Z010
alleva-2021	Rv:0140	Z001_Z002_Z003_Z004_Z004_Z004_Z003_Z003_Z006_Z007_Z008_Z006_Z009_Z010
alleva-2021	Rv:0142	Z001_Z002_Z003_Z004_Z004_Z003_Z003_Z007_Z006_Z011_Z008_Z012_Z008_Z009
alleva-2021	Rv:0144	Z001_Z002_Z003_Z004_Z004_Z003_Z003_Z006_Z007_Z011_Z008_Z012_Z008_Z009
alleva-2021	Rv:0146	Z001_Z002_Z003_Z004_Z004_Z005_Z003_Z006_Z007_Z008_Z006_Z009_Z064_Z010
alleva-2021	Rv:0147	Z001_Z002_Z003_Z004_Z004_Z003_Z003_Z006_Z011_Z008_Z012_Z008_Z065_Z009
alleva-2021	Rv:0164	Z001_Z002_Z003_Z004_Z004_Z005_Z003_Z018_Z003_Z006_Z011_Z008_Z012_Z008_Z009
alleva-2021	Rv:0176	Z001_Z002_Z003_Z004_Z004_Z003_Z003_Z006_Z011_Z008_Z006_Z007_Z008_Z012_Z008_Z009
alleva-2021	Rv:0188	Z001_Z002_Z003_Z004_Z067_Z003_Z004_Z051_Z067_Z003_Z004_Z004_Z003_Z003_Z006_Z011_Z008_Z012_Z008_Z009
alleva-2021	Rv:0248	Z001_Z002_Z003_Z004_Z004_Z005_Z003_Z006_Z011_Z003_Z006_Z007_Z008_Z006_Z009_Z010
alleva-2021	Rv:0250	Z001_Z002_Z003_Z004_Z018_Z003_Z006_Z011_Z008_Z003_Z006_Z011_Z008_Z006_Z009_Z010
alleva-2021	Rv:0255	Z001_Z002_Z003_Z004_Z004_Z005_Z003_Z006_Z007_Z012_Z008_Z008_Z006_Z009_Z010
alleva-2021	Rv:0258	Z001_Z002_Z003_Z004_Z004_Z005_Z003_Z005_Z003_Z003_Z006_Z011_Z008_Z012_Z008_Z009_Z010
alleva-2021	Rv:0266	Z001_Z002_Z003_Z004_Z004_Z003_Z003_Z003_Z006_Z007_Z008_Z006_Z011_Z008_Z008_Z017_Z010
alleva-2021	Rv:0273	Z001_Z002_Z003_Z004_Z004_Z003_Z003_Z003_Z006_Z007_Z008_Z007_Z008_Z007_Z007_Z008_Z012_Z008_Z009_Z010
alleva-2021	Rv:0327	Z001_Z002_Z003_Z004_Z004_Z003_Z003_Z006_Z011_Z008_Z012_Z015_Z012_Z008_Z012_Z008_Z009_Z010
alleva-2021	Rv:0343	Z001_Z002_Z003_Z004_Z004_Z003_Z003_Z006_Z060_Z006_Z006_Z011_Z008_Z012_Z015_Z009_Z010
alleva-2021	Rv:0345	Z001_Z002_Z003_Z004_Z004_Z003_Z003_Z006_Z011_Z008_Z011_Z011_Z007_Z012_Z015_Z009_Z010
alleva-2021	Rv:0347	Z001_Z002_Z003_Z004_Z004_Z005_Z003_Z006_Z007_Z008_Z006_Z015_Z011_Z012_Z015_Z009_Z010
alleva-2021	Rv:0349	Z001_Z002_Z003_Z004_Z004_Z005_Z003_Z006_Z007_Z008_Z006_Z026_Z017_Z017_Z015_Z009_Z010
alleva-2021	Rv:0356	Z001_Z002_Z003_Z004_Z004_Z003_Z003_Z006_Z007_Z011_Z008_Z012_Z015_Z009_Z010
alleva-2021	Rv:0368	Z001_Z002_Z003_Z004_Z004_Z003_Z003_Z006_Z007_Z008_Z011_Z008_Z012_Z015_Z009_Z010
alleva-2021	Rv:0369	Z001_Z002_Z003_Z004_Z004_Z005_Z003_Z006_Z011_Z006_Z006_Z007_Z008_Z006_Z009_Z010
alleva-2021	Rv:0376	Z001_Z002_Z003_Z004_Z018_Z003_Z006_Z011_Z008_Z012_Z015_Z029_Z012_Z028_Z008_Z009_Z010
alleva-2021	Rv:0380	Z001_Z002_Z003_Z004_Z004_Z003_Z003_Z018_Z004_Z018_Z003_Z006_Z011_Z008_Z012_Z008_Z009_Z010
alleva-2021	Rv:0382	Z001_Z002_Z003_Z004_Z004_Z003_Z003_Z006_Z011_Z008_Z012_Z015_Z017_Z008_Z017_Z008_Z009_Z010
alleva-2021	Rv:0403	Z001_Z002_Z003_Z004_Z004_Z005_Z003_Z006_Z007_Z008_Z008_Z012_Z006_Z009_Z010
alleva-2021	Rv:0411	Z001_Z002_Z003_Z004_Z004_Z003_Z003_Z006_Z011_Z008_Z003_Z006_Z011_Z008_Z008_Z060_Z012_Z008_Z009_Z010
alleva-2021	Rv:0427	Z001_Z002_Z003_Z004_Z004_Z005_Z003_Z006_Z011_Z048_Z008_Z006_Z007_Z008_Z006_Z009_Z010
alleva-2021	Rv:0429	Z001_Z002_Z003_Z004_Z004_Z005_Z003_Z006_Z007_Z008_Z007_Z011_Z007_Z008_Z006_Z009_Z010
alleva-2021	Rv:0456	Z001_Z002_Z003_Z004_Z004_Z005_Z003_Z006_Z060_Z011_Z007_Z008_Z006_Z009_Z010
alleva-2021	Rv:0459	Z001_Z002_Z003_Z004_Z004_Z005_Z003_Z006_Z007_Z007_Z007_Z017_Z003_Z006_Z011_Z007_Z008_Z006_Z009_Z010
alleva-2021	Rv:0461	Z001_Z002_Z003_Z004_Z004_Z005_Z003_Z006_Z007_Z008_Z006_Z017_Z006_Z003_Z011_Z007_Z008_Z006_Z009_Z010
alleva-2021	Rv:0469	Z001_Z002_Z003_Z004_Z004_Z005_Z003_Z006_Z007_Z008_Z043_Z004_Z005_Z003_Z006_Z011_Z007_Z008_Z006_Z009_Z010
alleva-2021	Rv:0473	Z001_Z002_Z003_Z004_Z004_Z005_Z003_Z006_Z007_Z003_Z004_Z004_Z004_Z005_Z003_Z006_Z011_Z007_Z008_Z006_Z009_Z010
alleva-2021	Rv:0474	Z001_Z002_Z003_Z004_Z004_Z005_Z003_Z006_Z007_Z008_Z034_Z004_Z004_Z005_Z003_Z006_Z011_Z007_Z008_Z006_Z009_Z010
alleva-2021	Rv:0482	Z001_Z002_Z003_Z004_Z004_Z005_Z003_Z006_Z011_Z007_Z008_Z006_Z009_Z007_Z006_Z007_Z008_Z006_Z007_Z008_Z006_Z009_Z010
alleva-2021	Rv:0490	Z001_Z002_Z003_Z004_Z036_Z006_Z007_Z008_Z006_Z009_Z010
alleva-2021	Rv:0494	Z001_Z002_Z003_Z004_Z004_Z005_Z003_Z006_Z007_Z011_Z006_Z011_Z007_Z008_Z006_Z009_Z010
alleva-2021	Rv:0503	Z001_Z002_Z003_Z004_Z004_Z005_Z003_Z006_Z007_Z011_Z005_Z003_Z006_Z007_Z008_Z006_Z009_Z010
alleva-2021	Rv:0504	Z001_Z002_Z003_Z004_Z004_Z005_Z003_Z006_Z007_Z008_Z052_Z034_Z011_Z007_Z008_Z006_Z009_Z010
alleva-2021	Rv:0515	Z001_Z002_Z003_Z004_Z004_Z005_Z003_Z006_Z007_Z048_Z006_Z009_Z006_Z017_Z045_Z011_Z017_Z009_Z010
alleva-2021	Rv:0519	Z001_Z002_Z003_Z004_Z004_Z005_Z003_Z006_Z007_Z008_Z007_Z008_Z007_Z007_Z011_Z007_Z008_Z006_Z009_Z010
alleva-2021	Rv:0061	Z001_Z002_Z003_Z004_Z004_Z005_Z003_Z006_Z007_Z008_Z006_Z007_Z011_Z006_Z017_Z010
alleva-2021	Rv:0068	Z001_Z002_Z003_Z004_Z004_Z022_Z003_Z004_Z004_Z005_Z003_Z006_Z007_Z008_Z006_Z009_Z010
alleva-2021	Rv:0093	Z001_Z002_Z003_Z004_Z004_Z003_Z043_Z005_Z003_Z006_Z007_Z008_Z006_Z009_Z010
alleva-2021	Rv:0148	Z001_Z002_Z003_Z004_Z004_Z005_Z003_Z003_Z006_Z011_Z008_Z012_Z008_Z009
alleva-2021	Rv:0149	Z001_Z002_Z003_Z004_Z004_Z003_Z005_Z003_Z006_Z007_Z008_Z006_Z009_Z010
alleva-2021	Rv:0150	Z001_Z002_Z003_Z004_Z004_Z003_Z003_Z003_Z006_Z007_Z008_Z006_Z009_Z010
alleva-2021	Rv:0166	Z001_Z002_Z003_Z004_Z004_Z003_Z004_Z005_Z003_Z006_Z007_Z008_Z006_Z009_Z010
alleva-2021	Rv:0181	Z001_Z002_Z003_Z004_Z004_Z003_Z003_Z004_Z004_Z005_Z003_Z006_Z007_Z008_Z006_Z009_Z010
alleva-2021	Rv:0246	Z001_Z002_Z003_Z004_Z004_Z005_Z004_Z018_Z003_Z006_Z011_Z008_Z012_Z008_Z009_Z010
alleva-2021	Rv:0253	Z001_Z002_Z003_Z004_Z018_Z004_Z004_Z005_Z003_Z006_Z007_Z008_Z006_Z009_Z010
alleva-2021	Rv:0257	Z001_Z002_Z003_Z004_Z004_Z005_Z003_Z006_Z007_Z008_Z006_Z017_Z008_Z009_Z010
alleva-2021	Rv:0259	Z001_Z002_Z003_Z004_Z018_Z003_Z006_Z004_Z004_Z005_Z003_Z006_Z007_Z008_Z006_Z009_Z010
alleva-2021	Rv:0270	Z001_Z002_Z003_Z004_Z004_Z003_Z003_Z003_Z006_Z007_Z008_Z012_Z008_Z009_Z010
alleva-2021	Rv:0272	Z001_Z002_Z003_Z004_Z004_Z003_Z003_Z006_Z011_Z008_Z012_Z008_Z017_Z006_Z010
alleva-2021	Rv:0350	Z001_Z002_Z003_Z004_Z004_Z005_Z003_Z006_Z007_Z008_Z006_Z017_Z008_Z012_Z015_Z009_Z010
alleva-2021	Rv:0355	Z001_Z002_Z003_Z004_Z004_Z003_Z003_Z006_Z011_Z008_Z012_Z008_Z006_Z007_Z008_Z006_Z009_Z010
alleva-2021	Rv:0375	Z001_Z002_Z003_Z004_Z004_Z003_Z003_Z004_Z018_Z003_Z006_Z011_Z008_Z012_Z008_Z009_Z010
alleva-2021	Rv:0401	Z001_Z002_Z003_Z004_Z004_Z003_Z003_Z005_Z003_Z006_Z007_Z008_Z006_Z009_Z010
alleva-2021	Rv:0405	Z001_Z002_Z003_Z004_Z004_Z003_Z003_Z006_Z011_Z008_Z012_Z008_Z006_Z009_Z010
alleva-2021	Rv:0412	Z001_Z002_Z003_Z004_Z004_Z003_Z003_Z006_Z005_Z003_Z006_Z007_Z008_Z006_Z009_Z010
alleva-2021	Rv:0447	Z001_Z002_Z003_Z004_Z004_Z005_Z003_Z006_Z011_Z007_Z008_Z005_Z003_Z006_Z007_Z008_Z006_Z009_Z010
alleva-2021	Rv:0449	Z001_Z002_Z003_Z004_Z004_Z005_Z003_Z006_Z011_Z007_Z008_Z006_Z003_Z006_Z007_Z008_Z006_Z009_Z010
alleva-2021	Rv:0454	Z001_Z002_Z003_Z004_Z004_Z005_Z003_Z006_Z017_Z011_Z007_Z008_Z006_Z009_Z010
alleva-2021	Rv:0457	Z001_Z002_Z003_Z004_Z004_Z005_Z003_Z006_Z007_Z004_Z004_Z005_Z003_Z006_Z011_Z007_Z008_Z006_Z009_Z010
alleva-2021	Rv:0458	Z001_Z002_Z003_Z004_Z004_Z005_Z003_Z006_Z007_Z011_Z007_Z008_Z006_Z009_Z010
alleva-2021	Rv:0460	Z001_Z002_Z003_Z004_Z004_Z005_Z003_Z006_Z011_Z006_Z007_Z008_Z006_Z009_Z010
alleva-2021	Rv:0480	Z001_Z002_Z003_Z004_Z004_Z005_Z003_Z006_Z011_Z007_Z008_Z002_Z003_Z004_Z004_Z005_Z003_Z006_Z007_Z008_Z006_Z009_Z010
alleva-2021	Rv:0481	Z001_Z002_Z003_Z004_Z004_Z005_Z003_Z006_Z011_Z007_Z006_Z007_Z008_Z006_Z009_Z010
alleva-2021	Rv:0542	Z001_Z002_Z003_Z004_Z004_Z005_Z003_Z006_Z007_Z008_Z011_Z007_Z008_Z006_Z009_Z010
alleva-2021	Uv:0289	Z001_Z002_Z003_Z004_Z004_Z003_Z003_Z006_Z011_Z008_Z059_Z040
alleva-2021	Uv:0452	Z001_Z002_Z003_Z004_Z004_Z005_Z003_Z006_Z048_Z048_Z007_Z008_Z006_Z009_Z010
alleva-2021	Uv:0488	Z001_Z002_Z003_Z004_Z004_Z005_Z003_Z006_Z008_Z009_Z010
alleva-2021	Uv:0292	Z001_Z002_Z003_Z004_Z004_Z003_Z003_Z006_Z011_Z008_Z012_Z010
alleva-2021	baudat_F	Z001_Z002_Z003_Z004_Z004_Z005_Z003_Z003_Z006_Z013_Z010
alleva-2021	baudat_H	Z001_Z002_Z003_Z004_Z014_Z003_Z006_Z007_Z007_Z008_Z006_Z009_Z010
alleva-2021	baudat_I	Z001_Z002_Z003_Z004_Z004_Z003_Z003_Z006_Z011_Z008_Z012_Z008_Z008_Z008_Z009_Z010
beyter-2021	chr5:23526974:DN.1	Z001_Z002_Z003_Z004_Z008_Z006_Z009_Z010
beyter-2021	chr5:23526974:DN.2	Z001_Z002_Z003_Z004_Z007_Z008_Z006_Z009_Z010
beyter-2021	chr5:23526974:DN.4	Z001_Z002_Z003_Z004_Z003_Z003_Z006_Z007_Z008_Z006_Z009_Z010
beyter-2021	chr5:23526974:XN.5	Z001_Z002_Z003_Z004_Z004_Z003_Z003_Z006_Z007_Z008_Z006_Z009_Z010
beyter-2021	chr5:23527530:FN.0	Z001_Z002_Z003_Z004_Z004_Z003_Z003_Z006_Z007_Z008_TGTGGGCGGGGCTTTAGCGGGCTTTAGCTACAGTCAGTCCTCCCTTAGTCACAGAGAGGACACACACAGGGAGAAGCCCTATGTCTGCAGGGAGGTGGGCGGGGCTTTTAGCTGGCAGTCAGTCCTCCCTCAGTCACCAGAGGACACACCGTCAGGGAGAAGCCTCATGTCTGCAGGAGGTGGGCGGGCTTTAGCTGGCAGTCAGTCCTCCTCACTCACCAGAGGACACACAGGGAGGAAGCCCTCATGTCTGGGCAGGAGTGGGCGGGGCTTTAGCAATAAGTCATACCTCCTCAGACACACCGTAGGACACACACAGGGAGGTCTCATGGCGTCTGCAGGGAGGTGCAATAAGTCACACCTCCTCAGACACCAGAGGACACACACAGGGGAGAAGCCCTATGTCTGCAGGGAG_Z009_Z010
beyter-2021	chr5:23527530:FN.1	Z001_Z002_Z003_Z004_Z004_Z003_Z003_Z006_Z007_Z008_TGTGGGCGGGGCTTTAGCCCTCCTCAGTCACCAGAGGACACACACAGGGGAGAAGCCCTATGTCTGCAGGGAG_Z008_TGTGGGCGGGGCTTTAGCTGGCAGTCAGTAATAAGTCACACCTCCTCAGACACCAGAGGACACACACAGGGGAGAAGCCCTATGTCTGCAGGGAG_Z009_Z010
beyter-2021	chr5:23527530:FN.4	Z001_Z002_Z003_Z004_Z004_Z003_Z003_Z006_Z007_Z008_Z012_TGTGGGCGGGGCTTTAGAATAAGTCACACCTCCTCAGACACCAGAGGACACACACAGGGGAGAAGCCCTATGTCTGCAGGGAG_Z009_Z010
