alleva-2021	A	ZN001_ZN002_ZN003_ZN004_ZN004_ZN005_ZN003_ZN006_ZN007_ZN008_ZN006_ZN009_ZN010
alleva-2021	Av:0020	ZN001_ZN002_zn005_ZN003_ZN004_ZN004_ZN005_ZN003_ZN006_ZN007_ZN008_ZN006_ZN009_ZN010
alleva-2021	Av:0027	ZN001_ZN002_ZN003_ZN004_ZN004_ZN006_ZN005_ZN003_ZN021_ZN007_ZN008_ZN006_ZN009_ZN010
alleva-2021	Av:0029	ZN001_ZN002_ZN003_ZN004_ZN004_ZN005_zn002_ZN005_ZN006_ZN007_ZN008_ZN006_ZN009_ZN010
alleva-2021	Av:0035	ZN001_ZN002_ZN003_ZN004_ZN004_ZN005_ZN003_ZN006_ZN007_ZN008_ZN006_ZN008_zn004_ZN010
alleva-2021	Av:0041	ZN001_ZN002_ZN003_ZN004_ZN004_ZN005_ZN003_ZN006_ZN007_ZN007_ZN007_ZN008_ZN006_ZN009_ZN010
alleva-2021	Av:0043	ZN001_ZN002_ZN003_ZN004_ZN006_ZN003_ZN006_ZN007_ZN008_ZN006_ZN009_ZN010
alleva-2021	Av:0047	ZN001_ZN002_ZN003_ZN004_ZN004_ZN005_ZN004_ZN004_zn006_ZN004_ZN005_ZN003_ZN006_ZN007_ZN008_ZN006_ZN009_ZN010
alleva-2021	Av:0048	ZN001_ZN002_ZN003_ZN004_ZN004_ZN005_ZN003_ZN006_ZN007_ZN008_ZN006_ZN009_ZN008_ZN006_ZN008_ZN006_ZN009_ZN010
alleva-2021	Av:0049	ZN001_ZN002_ZN003_ZN004_ZN004_ZN005_ZN003_ZN006_ZN004_ZN004_ZN004_ZN005_ZN003_ZN006_ZN007_ZN008_ZN006_ZN009_ZN010
alleva-2021	Av:0050	ZN001_ZN002_ZN003_ZN004_ZN004_ZN005_ZN003_ZN006_ZN007_ZN008_ZN006_ZN017_ZN007_ZN008_ZN006_ZN017_ZN006_ZN009_ZN010
alleva-2021	Av:0051	ZN001_ZN002_ZN003_ZN004_ZN004_ZN005_ZN003_ZN006_ZN007_ZN008_ZN006_ZN009_ZN008_ZN006_ZN009_ZN008_ZN006_ZN009_ZN010
alleva-2021	Av:0052	ZN001_ZN002_ZN003_ZN004_ZN004_ZN003_ZN004_ZN004_ZN004_ZN003_ZN004_ZN004_ZN005_ZN003_ZN006_ZN007_ZN008_ZN006_ZN009_ZN010
alleva-2021	Av:0065	ZN001_ZN002_ZN003_ZN004_ZN004_ZN005_zn009_zn009_ZN003_ZN004_ZN004_ZN005_ZN003_ZN006_ZN007_ZN008_ZN006_ZN009_ZN010
alleva-2021	Av:0071	ZN001_ZN002_ZN003_ZN004_ZN004_ZN005_ZN003_ZN006_ZN018_ZN006_ZN007_ZN008_ZN006_ZN009_ZN010
alleva-2021	Av:0081	ZN001_ZN002_ZN004_ZN004_ZN003_ZN004_ZN004_ZN005_ZN003_ZN006_ZN007_ZN008_ZN006_ZN009_ZN010
alleva-2021	Av:0082	ZN001_ZN002_ZN003_ZN004_ZN004_ZN005_ZN003_ZN003_ZN004_ZN005_ZN003_ZN006_ZN007_ZN008_ZN006_ZN009_ZN010
alleva-2021	Av:0083	ZN001_ZN002_ZN003_ZN004_ZN004_ZN005_ZN003_ZN006_ZN007_ZN008_ZN006_ZN008_zn011_ZN009_ZN010
alleva-2021	Av:0084	ZN001_ZN002_ZN003_ZN004_ZN004_ZN005_ZN003_ZN006_zn002_ZN004_ZN005_ZN003_ZN007_ZN008_ZN006_ZN009_ZN010
alleva-2021	Av:0088	ZN001_ZN002_ZN003_ZN004_ZN004_ZN003_zn002_ZN018_ZN004_ZN004_ZN005_ZN003_ZN006_ZN007_ZN008_ZN006_ZN009_ZN010
alleva-2021	Av:0092	ZN001_ZN002_ZN003_ZN003_ZN004_ZN004_ZN005_zn012_ZN003_ZN004_ZN004_ZN005_ZN003_ZN006_ZN007_ZN008_ZN006_ZN009_ZN010
alleva-2021	Av:0094	ZN001_ZN002_ZN003_ZN004_ZN004_ZN005_zn002_zn002_ZN005_zn002_ZN004_ZN005_ZN003_ZN006_ZN007_ZN008_ZN006_ZN009_ZN010
alleva-2021	Av:0095	ZN001_ZN002_ZN003_ZN004_ZN004_ZN005_ZN003_ZN006_ZN007_ZN008_ZN006_ZN007_ZN011_ZN006_ZN009_ZN010
alleva-2021	Av:0107	ZN001_ZN002_ZN003_ZN004_zn014_zn012_ZN003_ZN004_ZN004_ZN005_ZN003_ZN006_ZN007_ZN008_ZN006_ZN009_ZN010
alleva-2021	Av:0117	ZN001_ZN002_ZN003_ZN004_ZN003_ZN003_ZN004_ZN003_zn002_ZN004_ZN005_ZN003_ZN006_ZN007_ZN008_ZN006_ZN009_ZN010
alleva-2021	Av:0119	ZN001_ZN002_ZN003_ZN004_ZN004_ZN005_zn002_ZN006_ZN007_ZN008_ZN006_ZN009_ZN006_ZN006_ZN006_ZN007_ZN008_ZN006_ZN009_ZN010
alleva-2021	Av:0123	ZN001_ZN002_zn020_ZN018_ZN004_ZN004_ZN005_ZN003_ZN006_ZN007_ZN008_ZN006_ZN009_ZN010
alleva-2021	Av:0129	ZN001_ZN002_ZN003_ZN004_ZN004_ZN005_ZN003_ZN006_ZN007_ZN006_ZN008_ZN006_ZN009_ZN010
alleva-2021	Av:0152	ZN001_ZN002_ZN003_zn002_ZN003_ZN004_ZN004_ZN005_ZN003_ZN006_ZN007_ZN008_ZN006_ZN009_ZN010
alleva-2021	Av:0154	ZN001_ZN002_ZN003_ZN004_ZN004_ZN005_ZN004_ZN004_ZN003_ZN006_ZN007_ZN008_ZN006_ZN009_ZN010
alleva-2021	Av:0156	ZN001_ZN002_ZN003_ZN004_ZN004_ZN005_ZN003_ZN003_ZN003_ZN006_ZN007_ZN008_ZN006_ZN009_ZN010
alleva-2021	Av:0168	ZN001_ZN002_ZN003_ZN004_ZN004_ZN003_ZN004_ZN004_ZN014_ZN003_ZN006_ZN007_ZN008_ZN006_ZN009_ZN010
alleva-2021	Av:0177	ZN001_ZN002_ZN003_ZN004_ZN004_ZN005_ZN005_ZN004_ZN004_ZN003_ZN003_ZN006_ZN007_ZN008_ZN006_ZN009_ZN010
alleva-2021	Av:0178	ZN001_ZN002_ZN003_ZN004_ZN004_ZN005_ZN006_ZN007_ZN006_ZN006_ZN003_ZN006_ZN007_ZN008_ZN006_ZN009_ZN010
alleva-2021	Av:0242	ZN001_ZN002_ZN003_ZN004_ZN004_ZN003_ZN003_ZN003_ZN005_ZN003_ZN006_ZN007_ZN008_ZN006_ZN009_ZN010
alleva-2021	Av:0243	ZN001_ZN002_ZN003_ZN004_ZN004_ZN005_ZN003_ZN006_ZN007_ZN008_ZN006_ZN017_ZN017_ZN009_ZN010
alleva-2021	Av:0252	ZN001_ZN002_ZN003_ZN004_ZN004_ZN004_ZN003_ZN004_ZN004_ZN005_ZN003_ZN006_ZN007_ZN008_ZN006_ZN009_ZN010
alleva-2021	Av:0342	ZN001_ZN002_ZN003_ZN004_ZN004_ZN005_ZN003_ZN006_ZN007_ZN003_ZN006_ZN008_ZN006_ZN009_ZN010
alleva-2021	Av:0344	ZN001_ZN002_ZN003_ZN004_ZN004_ZN005_ZN003_ZN006_ZN007_ZN008_zn011_ZN006_ZN006_ZN009_ZN010
alleva-2021	Av:0352	ZN001_ZN002_ZN003_ZN004_ZN004_ZN005_ZN003_ZN006_ZN008_ZN005_ZN003_ZN006_ZN006_ZN007_ZN008_ZN006_ZN009_ZN010
alleva-2021	Av:0357	ZN001_ZN002_ZN003_ZN004_ZN004_ZN003_ZN003_ZN003_ZN006_ZN007_ZN003_ZN005_ZN003_ZN006_ZN007_ZN008_ZN006_ZN009_ZN010
alleva-2021	Av:0358	ZN001_ZN002_ZN003_ZN003_ZN003_ZN003_ZN004_ZN004_ZN005_ZN003_ZN006_ZN007_ZN008_ZN006_ZN009_ZN010
alleva-2021	Av:0392	ZN001_ZN002_ZN003_ZN004_ZN018_zn009_ZN003_ZN004_ZN004_ZN005_ZN003_ZN006_ZN007_ZN008_ZN006_ZN009_ZN010
alleva-2021	Av:0400	ZN001_ZN002_zn002_ZN003_ZN004_ZN003_ZN004_ZN003_ZN004_ZN004_ZN005_ZN003_ZN006_ZN007_ZN008_ZN006_ZN009_ZN010
alleva-2021	Av:0418	ZN001_ZN002_ZN003_zn010_ZN018_ZN004_ZN004_ZN005_ZN003_ZN006_ZN007_ZN008_ZN006_ZN009_ZN010
alleva-2021	Av:0419	ZN001_ZN002_ZN003_ZN004_ZN004_ZN005_ZN003_ZN006_ZN005_ZN005_ZN003_ZN006_ZN007_ZN008_ZN006_ZN009_ZN010
alleva-2021	Av:0420	ZN001_ZN002_ZN003_ZN004_ZN004_ZN005_ZN003_ZN006_zn019_ZN007_zn019_zn019_ZN007_ZN008_ZN006_ZN009_ZN010
alleva-2021	Av:0428	ZN001_ZN002_ZN003_ZN004_ZN004_ZN005_ZN003_ZN006_ZN007_ZN008_ZN006_ZN009_ZN017_ZN009_ZN010
alleva-2021	Av:0443	ZN001_ZN002_ZN003_ZN004_ZN004_ZN005_ZN003_ZN006_ZN007_ZN008_ZN006_ZN017_ZN006_ZN006_ZN007_ZN008_ZN006_ZN009_ZN010
alleva-2021	Av:0462	ZN001_ZN002_ZN003_ZN004_ZN004_ZN005_zn002_zn002_ZN005_ZN003_ZN006_ZN007_ZN008_ZN006_ZN009_ZN010
alleva-2021	Av:0463	ZN001_ZN002_ZN003_ZN004_ZN003_ZN004_ZN004_ZN005_ZN003_ZN004_ZN003_ZN004_ZN004_ZN005_ZN003_ZN006_ZN007_ZN008_ZN006_ZN009_ZN010
alleva-2021	Av:0464	ZN001_ZN002_ZN003_ZN004_ZN004_ZN005_ZN003_ZN006_ZN007_ZN008_zn008_ZN004_ZN004_ZN005_ZN003_ZN006_ZN007_ZN008_ZN006_ZN009_ZN010
alleva-2021	Av:0466	ZN001_ZN002_ZN003_ZN004_ZN004_ZN005_ZN003_ZN006_ZN007_ZN008_ZN006_ZN017_ZN006_ZN017_ZN009_ZN010
alleva-2021	Av:0476	ZN001_ZN002_ZN003_ZN004_ZN004_ZN005_ZN003_ZN006_ZN007_ZN008_ZN004_ZN005_ZN003_ZN006_ZN004_ZN005_ZN003_ZN006_ZN007_ZN008_ZN006_ZN009_ZN010
alleva-2021	Av:0484	ZN001_ZN002_ZN003_ZN004_ZN004_ZN005_ZN003_ZN006_ZN007_zn011_ZN003_ZN006_ZN007_ZN008_ZN006_ZN009_ZN010
alleva-2021	Av:0485	ZN001_ZN002_ZN003_ZN004_ZN004_ZN005_ZN003_ZN006_ZN007_ZN008_ZN008_ZN006_ZN017_ZN008_ZN006_ZN009_ZN010
alleva-2021	Av:0487	ZN001_ZN002_ZN003_ZN004_ZN004_ZN005_ZN003_ZN006_ZN007_ZN008_ZN006_ZN008_ZN006_ZN007_ZN006_ZN009_ZN010
alleva-2021	Av:0495	ZN001_ZN002_ZN003_ZN004_ZN004_ZN005_ZN003_zn002_ZN003_ZN004_ZN004_ZN005_zn007_ZN007_ZN008_ZN006_ZN009_ZN010
alleva-2021	Av:0496	ZN001_ZN002_ZN003_ZN004_ZN004_ZN005_ZN003_ZN006_ZN007_ZN007_ZN005_ZN003_ZN006_ZN007_ZN008_ZN006_ZN009_ZN010
alleva-2021	Av:0498	ZN001_ZN002_ZN003_ZN004_ZN004_ZN005_ZN003_ZN006_ZN007_ZN008_ZN006_ZN017_ZN017_ZN008_ZN006_zn043_ZN009_ZN010
alleva-2021	Av:0499	ZN001_ZN002_ZN003_ZN004_ZN004_ZN005_ZN003_ZN006_ZN007_ZN008_ZN006_ZN009_ZN010_zn007_ZN007_ZN008_ZN009_ZN010
alleva-2021	Av:0501	ZN001_ZN002_ZN003_ZN004_zn002_ZN004_ZN004_ZN005_ZN003_ZN006_ZN007_ZN008_ZN006_ZN009_ZN010
alleva-2021	Av:0505	ZN001_ZN002_ZN003_ZN004_ZN004_ZN005_ZN003_ZN006_ZN007_ZN008_ZN008_ZN007_ZN008_ZN007_ZN008_ZN008_ZN006_ZN009_ZN010
alleva-2021	Av:0506	ZN001_ZN002_ZN003_ZN004_ZN004_ZN005_ZN003_ZN006_ZN007_ZN008_ZN006_ZN017_zn022_ZN009_ZN010
alleva-2021	Av:0507	ZN001_ZN002_ZN003_ZN004_ZN004_ZN005_ZN003_ZN006_ZN007_ZN008_ZN006_ZN003_ZN006_ZN007_ZN008_ZN006_ZN006_ZN009_ZN010
alleva-2021	Av:0509	ZN001_ZN002_ZN003_ZN004_ZN004_ZN005_ZN003_ZN006_ZN007_ZN008_ZN006_ZN009_ZN017_ZN006_ZN007_ZN008_ZN006_ZN009_ZN010
alleva-2021	Av:0520	ZN001_ZN002_ZN003_ZN005_ZN004_ZN004_ZN004_ZN004_ZN005_ZN003_ZN006_ZN004_ZN004_ZN005_ZN003_ZN006_ZN007_ZN008_ZN006_ZN009_ZN010
alleva-2021	Av:0524	ZN001_ZN002_ZN003_ZN004_ZN004_ZN005_ZN003_zn008_ZN006_ZN006_ZN007_ZN008_ZN005_ZN003_zn008_ZN006_ZN006_ZN007_ZN008_ZN006_ZN009_ZN010
alleva-2021	Av:0527	ZN001_ZN002_ZN003_ZN004_ZN004_ZN005_ZN006_ZN007_ZN004_ZN003_ZN006_ZN007_ZN008_ZN006_ZN009_ZN010
alleva-2021	Av:0529	ZN001_ZN002_ZN003_ZN004_ZN004_ZN005_ZN003_ZN006_zn007_zn007_zn008_ZN007_ZN008_ZN006_ZN009_ZN010
alleva-2021	Av:0530	ZN001_ZN002_ZN003_ZN004_ZN004_ZN003_ZN004_ZN004_ZN005_ZN005_ZN004_ZN004_ZN003_ZN004_ZN004_ZN005_ZN003_ZN006_ZN007_ZN008_ZN006_ZN009_ZN010
alleva-2021	Av:0532	ZN001_ZN002_ZN003_ZN004_ZN004_ZN005_ZN003_ZN006_ZN007_ZN008_ZN004_ZN004_ZN005_ZN003_ZN006_ZN008_ZN004_ZN004_ZN005_ZN003_ZN006_ZN009_ZN010
alleva-2021	Av:0536	ZN001_ZN002_ZN003_ZN004_ZN004_ZN005_ZN003_ZN006_ZN007_ZN008_zn008_ZN004_ZN004_ZN005_ZN003_ZN006_ZN007_ZN008_ZN006_ZN007_ZN008_ZN006_ZN009_ZN010
alleva-2021	Av:0538	ZN001_ZN002_ZN003_ZN004_ZN004_ZN005_ZN003_ZN006_ZN007_ZN008_ZN006_zn004_ZN004_ZN003_ZN006_ZN004_ZN005_ZN003_ZN006_ZN007_ZN008_ZN006_ZN009_ZN010
alleva-2021	Av:0540	ZN001_ZN002_ZN003_ZN004_ZN004_ZN005_ZN003_ZN006_ZN007_ZN007_ZN007_ZN007_ZN007_ZN008_ZN006_ZN009_ZN007_ZN007_ZN007_ZN007_ZN007_ZN008_ZN006_ZN009_ZN010
alleva-2021	Av:0001	ZN001_ZN002_ZN003_ZN006_ZN007_ZN008_ZN006_ZN009_ZN010
alleva-2021	Av:0002	ZN001_ZN002_ZN004_ZN004_ZN005_ZN003_ZN006_ZN007_ZN008_ZN006_ZN009_ZN010
alleva-2021	Av:0003	ZN001_ZN002_ZN003_ZN003_ZN006_ZN007_ZN008_ZN006_ZN009_ZN010
alleva-2021	Av:0004	ZN001_ZN002_zn002_ZN004_ZN005_ZN003_ZN006_ZN007_ZN008_ZN006_ZN009_ZN010
alleva-2021	Av:0005	ZN001_ZN002_ZN003_ZN004_ZN006_ZN007_ZN008_ZN006_ZN009_ZN010
alleva-2021	Av:0006	ZN001_ZN002_ZN003_ZN004_ZN004_ZN005_ZN003_ZN006_zn001_ZN010
alleva-2021	Av:0007	ZN001_ZN002_ZN003_ZN004_ZN004_ZN005_ZN006_ZN007_ZN008_ZN006_ZN009_ZN010
alleva-2021	Av:0008	ZN001_ZN004_ZN004_ZN005_ZN003_ZN006_ZN007_ZN008_ZN006_ZN009_ZN010
alleva-2021	Av:0009	ZN001_ZN002_ZN003_ZN004_ZN004_ZN005_ZN003_ZN007_ZN008_ZN006_ZN009_ZN010
alleva-2021	Av:0010	ZN001_ZN002_zn002_ZN005_ZN003_ZN006_ZN007_ZN008_ZN006_ZN009_ZN010
alleva-2021	Av:0011	ZN001_ZN002_ZN003_ZN004_ZN004_ZN005_ZN003_ZN006_ZN008_ZN006_ZN009_ZN010
alleva-2021	Av:0012	ZN001_ZN002_ZN003_ZN004_ZN004_ZN005_ZN007_ZN008_ZN006_ZN009_ZN010
alleva-2021	Av:0013	ZN001_ZN002_ZN003_ZN004_ZN004_ZN005_ZN003_ZN006_ZN007_ZN006_ZN009_ZN010
alleva-2021	Av:0014	ZN001_ZN002_ZN003_ZN004_ZN004_ZN005_ZN003_ZN008_ZN006_ZN009_ZN010
alleva-2021	Av:0015	ZN001_ZN002_ZN003_ZN004_ZN004_ZN005_ZN003_ZN006_ZN006_ZN009_ZN010
alleva-2021	Av:0016	ZN001_ZN002_ZN003_ZN004_ZN004_ZN005_ZN003_ZN006_ZN007_ZN008_ZN006_ZN010
alleva-2021	Av:0017	ZN001_ZN002_ZN003_ZN004_ZN004_ZN005_ZN003_ZN006_ZN007_ZN008_ZN006_ZN009
alleva-2021	Av:0018	ZN001_ZN002_ZN003_ZN004_ZN004_ZN005_ZN003_ZN006_ZN007_ZN008_ZN006_ZN006_ZN009_ZN010
alleva-2021	Av:0019	ZN001_ZN006_ZN007_ZN008_ZN006_ZN009_ZN010
alleva-2021	Av:0021	ZN001_ZN002_ZN007_ZN008_ZN006_ZN009_ZN010
alleva-2021	Av:0022	ZN001_ZN002_ZN003_ZN003_ZN004_ZN004_ZN005_ZN003_ZN006_ZN007_ZN008_ZN006_ZN009_ZN010
alleva-2021	Av:0023	ZN001_ZN002_ZN003_ZN008_ZN006_ZN009_ZN010
alleva-2021	Av:0024	ZN001_ZN002_ZN003_ZN004_ZN004_ZN004_ZN005_ZN003_ZN006_ZN007_ZN008_ZN006_ZN009_ZN010
alleva-2021	Av:0025	ZN001_ZN002_ZN003_ZN004_ZN004_zn006_ZN005_ZN003_ZN006_ZN007_ZN008_ZN006_ZN009_ZN010
alleva-2021	Av:0026	ZN001_ZN002_ZN003_ZN004_ZN004_ZN005_ZN006_ZN009_ZN010
alleva-2021	Av:0028	ZN001_ZN002_ZN003_ZN004_ZN004_ZN005_ZN005_ZN006_ZN009_ZN010
alleva-2021	Av:0030	ZN001_ZN002_ZN003_ZN005_ZN003_ZN006_ZN007_ZN008_ZN006_ZN009_ZN010
alleva-2021	Av:0031	ZN001_ZN002_ZN003_ZN004_ZN004_ZN005_ZN003_ZN003_ZN006_ZN007_ZN008_ZN006_ZN009_ZN010
alleva-2021	Av:0032	ZN001_ZN002_ZN003_ZN004_ZN004_ZN006_ZN007_ZN008_ZN006_ZN009_ZN010
alleva-2021	Av:0033	ZN001_ZN002_ZN003_ZN004_ZN004_ZN005_ZN003_ZN006_ZN006_ZN007_ZN008_ZN006_ZN009_ZN010
alleva-2021	Av:0034	ZN001_ZN002_ZN003_ZN004_ZN004_ZN005_ZN003_ZN006_ZN007_ZN008_ZN006_ZN017_ZN009_ZN010
alleva-2021	Av:0036	ZN001_ZN002_ZN003_ZN004_ZN004_ZN005_ZN003_ZN006_ZN007_ZN008_ZN006_ZN009_ZN010_ZN010
alleva-2021	Av:0037	ZN001_ZN002_ZN003_ZN004_ZN004_ZN005_ZN003_ZN006_ZN007_ZN008_ZN006_ZN009_zn004_ZN010
alleva-2021	Av:0038	ZN001_zn003_ZN004_ZN004_ZN005_ZN003_ZN006_ZN007_ZN008_ZN006_ZN009_ZN010
alleva-2021	Av:0039	ZN001_ZN002_ZN003_ZN004_ZN004_ZN004_ZN004_ZN005_ZN003_ZN006_ZN007_ZN008_ZN006_ZN009_ZN010
alleva-2021	Av:0040	ZN001_ZN002_ZN003_ZN004_ZN004_ZN005_ZN004_ZN005_ZN003_ZN006_ZN007_ZN008_ZN006_ZN009_ZN010
alleva-2021	Av:0042	ZN001_ZN002_ZN003_ZN004_ZN004_ZN003_ZN004_ZN004_ZN005_ZN003_ZN006_ZN007_ZN008_ZN006_ZN009_ZN010
alleva-2021	Av:0044	ZN001_ZN002_ZN003_ZN004_ZN004_ZN005_ZN003_ZN006_ZN007_ZN008_ZN006_ZN007_ZN008_ZN006_ZN009_ZN010
alleva-2021	Av:0045	ZN001_ZN002_ZN003_ZN004_ZN014_ZN003_ZN006_ZN007_ZN008_ZN006_ZN009_ZN010
alleva-2021	Av:0046	ZN001_ZN002_ZN003_ZN004_ZN004_ZN005_ZN003_ZN004_ZN004_ZN005_ZN003_ZN006_ZN007_ZN008_ZN006_ZN009_ZN010
alleva-2021	Av:0053	ZN001_ZN002_ZN003_ZN004_ZN004_ZN005_ZN003_ZN006_ZN007_ZN008_zn004_ZN010
alleva-2021	Av:0054	ZN001_ZN002_ZN003_ZN004_ZN004_ZN005_ZN003_ZN006_ZN007_ZN008_ZN006_ZN017_ZN006_ZN009_ZN010
alleva-2021	Av:0055	ZN001_ZN002_ZN003_ZN004_ZN004_ZN005_ZN004_ZN004_ZN005_ZN003_ZN006_ZN007_ZN008_ZN006_ZN009_ZN010
alleva-2021	Av:0069	ZN001_ZN002_ZN003_ZN004_ZN004_ZN005_ZN003_ZN005_ZN003_ZN006_ZN007_ZN008_ZN006_ZN009_ZN010
alleva-2021	Av:0101	ZN001_ZN002_ZN003_ZN004_ZN003_ZN004_ZN004_ZN005_ZN003_ZN006_ZN007_ZN008_ZN006_ZN009_ZN010
alleva-2021	Av:0102	ZN001_ZN002_ZN003_ZN004_ZN004_ZN005_ZN003_ZN006_ZN007_ZN008_ZN006_ZN017_ZN008_ZN006_ZN009_ZN010
alleva-2021	Av:0103	ZN001_ZN002_ZN003_ZN004_ZN004_ZN005_ZN003_ZN006_ZN007_ZN008_ZN007_ZN008_ZN006_ZN009_ZN010
alleva-2021	Av:0109	ZN001_ZN002_ZN003_ZN004_ZN004_ZN005_ZN003_ZN006_ZN007_ZN008_ZN006_ZN017_ZN007_ZN008_ZN006_ZN009_ZN010
alleva-2021	Av:0122	ZN001_ZN002_ZN003_ZN004_ZN004_ZN005_zn016_ZN010
alleva-2021	Av:0124	ZN001_zn003_ZN003_ZN006_ZN007_ZN008_ZN006_ZN009_ZN010
alleva-2021	Av:0125	ZN001_ZN002_ZN003_ZN004_ZN004_zn002_ZN005_ZN003_ZN006_ZN007_ZN008_ZN006_ZN009_ZN010
alleva-2021	Av:0127	ZN001_ZN002_ZN003_ZN004_ZN004_ZN005_ZN003_ZN006_ZN007_ZN007_ZN008_ZN006_ZN009_ZN010
alleva-2021	Av:0128	ZN001_ZN002_ZN005_ZN003_ZN006_ZN007_ZN008_ZN006_ZN009_ZN010
alleva-2021	Av:0130	ZN001_ZN002_ZN003_ZN004_ZN004_ZN005_ZN003_ZN006_ZN007_zn017
alleva-2021	Av:0135	ZN001_ZN002_ZN003_ZN004_ZN004_ZN005_ZN003_ZN006_ZN007_ZN009_ZN010
alleva-2021	Av:0137	ZN001_ZN002_ZN003_ZN004_ZN004_ZN005_ZN003_ZN006_ZN007_ZN008_zn004
alleva-2021	Av:0151	ZN001_ZN002_ZN003_ZN004_ZN004_ZN005_ZN003_ZN006_zn019_ZN006_ZN009_ZN010
alleva-2021	Av:0153	ZN001_ZN002_ZN003_ZN004_ZN004_zn002_ZN004_ZN005_ZN003_ZN006_ZN007_ZN008_ZN006_ZN009_ZN010
alleva-2021	Av:0254	ZN001_ZN002_ZN003_ZN004_ZN004_ZN005_ZN003_ZN006_ZN007_ZN008_ZN006_ZN009_zn024_ZN008_ZN006_ZN009_ZN010
alleva-2021	Av:0340	ZN001_ZN002_ZN003_ZN004_ZN004_ZN005_ZN003_ZN006_ZN007_ZN006_ZN007_ZN008_ZN006_ZN009_ZN010
alleva-2021	Av:0360	ZN001_ZN002_ZN003_ZN004_ZN004_ZN005_ZN003_ZN006_ZN007_ZN003_ZN006_ZN007_ZN008_ZN006_ZN009_ZN010
alleva-2021	Av:0421	ZN001_ZN002_ZN003_ZN004_ZN004_zn006_ZN004_ZN005_ZN003_ZN006_ZN007_ZN008_ZN006_ZN009_ZN010
alleva-2021	Av:0424	ZN001_ZN002_ZN003_ZN004_ZN004_ZN005_zn002_ZN005_ZN003_ZN006_ZN007_ZN008_ZN006_ZN009_ZN010
alleva-2021	Av:0426	ZN001_ZN002_ZN003_ZN004_ZN004_ZN005_ZN003_ZN006_ZN007_ZN008_ZN006_ZN008_ZN006_ZN009_ZN010
alleva-2021	Av:0483	ZN001_ZN002_ZN003_ZN004_ZN004_ZN005_ZN003_ZN006_ZN004_ZN005_ZN003_ZN006_ZN007_ZN008_ZN006_ZN009_ZN010
alleva-2021	Av:0486	ZN001_ZN002_ZN003_ZN004_ZN004_ZN005_ZN003_ZN006_ZN007_zn017_ZN010
alleva-2021	B	ZN001_ZN002_ZN003_ZN004_ZN004_ZN003_ZN003_ZN006_ZN007_ZN008_ZN006_ZN009_ZN010
alleva-2021	C	ZN001_ZN002_ZN003_ZN004_ZN004_ZN003_ZN003_ZN006_ZN011_ZN008_ZN012_ZN008_ZN009_ZN010
alleva-2021	Cv:0194	ZN001_ZN002_ZN003_ZN004_ZN004_zn002_ZN018_ZN003_ZN006_ZN011_ZN008_ZN012_ZN008_ZN009_ZN010
alleva-2021	Cv:0204	ZN001_ZN002_ZN003_ZN004_ZN004_ZN003_ZN003_ZN006_ZN011_ZN008_ZN003_ZN012_ZN008_ZN009_ZN010
alleva-2021	Cv:0214	ZN001_ZN002_ZN003_ZN004_ZN004_ZN004_ZN006_ZN011_ZN008_ZN012_ZN008_ZN009_ZN010
alleva-2021	Cv:0219	ZN001_ZN002_ZN003_ZN004_ZN004_ZN004_ZN018_ZN003_ZN003_ZN006_ZN011_ZN008_ZN012_ZN008_ZN009_ZN010
alleva-2021	Cv:0221	ZN001_ZN002_ZN003_ZN004_ZN004_ZN003_zn010_ZN003_ZN003_ZN006_ZN011_ZN008_ZN012_ZN008_ZN009_ZN010
alleva-2021	Cv:0227	ZN001_ZN002_ZN003_ZN004_ZN004_ZN004_ZN004_ZN004_ZN003_ZN003_ZN006_ZN011_ZN008_ZN012_ZN008_ZN009_ZN010
alleva-2021	Cv:0228	ZN001_ZN002_ZN003_ZN004_ZN004_ZN003_ZN003_ZN006_ZN011_ZN008_zn028_ZN003_ZN008_ZN012_ZN008_ZN009_ZN010
alleva-2021	Cv:0232	ZN001_ZN002_ZN003_ZN004_ZN004_ZN003_ZN003_ZN006_ZN011_ZN008_ZN012_ZN008_ZN017_ZN017_ZN008_ZN009_ZN010
alleva-2021	Cv:0233	ZN001_ZN002_ZN003_ZN004_ZN004_ZN004_ZN018_ZN004_ZN004_ZN003_ZN003_ZN006_ZN011_ZN008_ZN012_ZN008_ZN009_ZN010
alleva-2021	Cv:0236	ZN001_ZN002_ZN003_ZN004_ZN004_ZN004_ZN018_ZN003_zn002_ZN004_ZN018_ZN003_ZN006_ZN011_ZN008_ZN012_ZN008_ZN009_ZN010
alleva-2021	Cv:0237	ZN001_ZN002_ZN003_ZN004_ZN004_ZN003_ZN003_ZN006_ZN011_ZN008_ZN012_ZN012_ZN011_ZN008_ZN012_ZN012_ZN008_ZN009_ZN010
alleva-2021	Cv:0239	ZN001_ZN002_ZN003_ZN004_ZN004_ZN002_zn002_zn029_ZN002_zn002_ZN004_ZN003_ZN003_ZN006_ZN011_ZN008_ZN012_ZN008_ZN009_ZN010
alleva-2021	Cv:0240	ZN001_ZN002_ZN003_ZN004_ZN004_ZN003_ZN003_ZN003_ZN006_ZN011_ZN008_ZN018_ZN003_ZN006_ZN011_ZN008_ZN012_ZN008_ZN009_ZN010
alleva-2021	Cv:0241	ZN001_ZN002_ZN003_ZN004_ZN004_ZN003_ZN003_ZN006_ZN011_ZN008_ZN012_ZN008_ZN012_ZN012_ZN008_ZN012_ZN012_ZN008_ZN009_ZN010
alleva-2021	Cv:0260	ZN001_ZN002_ZN003_ZN004_ZN004_ZN003_ZN003_ZN006_ZN011_zn030_ZN012_zn030_ZN012_ZN008_ZN009_ZN010
alleva-2021	Cv:0261	ZN001_ZN002_ZN003_ZN004_ZN004_ZN003_ZN003_ZN006_ZN011_ZN008_ZN012_ZN008_ZN003_ZN003_ZN009_ZN010
alleva-2021	Cv:0262	ZN001_ZN002_ZN003_ZN004_ZN004_ZN003_ZN003_ZN006_ZN011_ZN012_ZN008_ZN012_ZN008_ZN009_ZN010
alleva-2021	Cv:0265	ZN001_ZN002_ZN003_ZN004_ZN004_ZN003_ZN003_ZN006_ZN011_ZN008_ZN012_ZN008_ZN012_zn017_ZN010
alleva-2021	Cv:0269	ZN001_ZN002_ZN003_ZN004_ZN004_ZN003_ZN003_ZN006_ZN011_ZN008_ZN012_ZN011_ZN017_zn022_ZN008_ZN012_ZN008_zn004_ZN010
alleva-2021	Cv:0274	ZN001_ZN002_ZN003_ZN004_ZN004_ZN003_ZN003_ZN006_zn031_ZN004_ZN004_ZN003_ZN003_ZN004_ZN004_ZN003_ZN003_ZN011_ZN008_ZN012_ZN008_ZN009_ZN010
alleva-2021	Cv:0276	ZN001_ZN002_ZN003_ZN018_ZN004_ZN004_ZN003_ZN003_ZN003_ZN006_ZN011_ZN008_ZN012_ZN008_ZN009_ZN010
alleva-2021	Cv:0278	ZN001_ZN002_ZN003_ZN004_ZN018_ZN003_ZN012_ZN008_ZN009_ZN010
alleva-2021	Cv:0281	ZN001_ZN002_ZN003_ZN004_ZN004_ZN003_ZN004_ZN018_ZN003_ZN006_ZN011_ZN008_ZN012_ZN008_ZN009_ZN010
alleva-2021	Cv:0283	ZN001_ZN002_ZN003_ZN004_ZN004_ZN003_ZN003_ZN006_ZN011_ZN008_ZN003_ZN008_ZN012_ZN008_ZN009_ZN010
alleva-2021	Cv:0285	ZN001_ZN002_ZN003_ZN004_ZN004_ZN003_ZN003_ZN006_ZN011_ZN008_ZN012_ZN012_ZN012_ZN008_ZN009_ZN010
alleva-2021	Cv:0303	ZN001_ZN002_ZN003_zn002_ZN004_ZN004_ZN004_ZN004_ZN003_ZN003_ZN006_ZN011_ZN008_ZN012_ZN008_ZN009_ZN010
alleva-2021	Cv:0305	ZN001_ZN002_ZN003_ZN004_ZN018_ZN004_ZN004_ZN004_ZN003_ZN003_ZN006_ZN011_ZN008_ZN012_ZN008_ZN009_ZN010
alleva-2021	Cv:0309	ZN001_ZN002_ZN003_ZN004_ZN004_ZN003_ZN003_ZN006_ZN011_ZN008_ZN012_ZN008_ZN012_ZN008_ZN008_ZN009_ZN010
alleva-2021	Cv:0314	ZN001_ZN002_ZN003_ZN004_ZN004_ZN003_ZN003_ZN006_ZN011_ZN008_ZN012_ZN011_ZN008_ZN009_ZN010
alleva-2021	Cv:0316	ZN001_ZN002_ZN003_ZN004_ZN004_ZN003_ZN003_ZN006_ZN011_ZN008_ZN012_ZN008_ZN012_ZN009_ZN010
alleva-2021	Cv:0336	ZN001_ZN002_ZN003_ZN004_ZN004_ZN003_ZN003_ZN006_ZN011_ZN011_ZN011_ZN006_ZN011_ZN006_ZN006_ZN011_ZN008_ZN012_ZN008_ZN009_ZN010
alleva-2021	Cv:0393	ZN001_ZN002_ZN003_ZN004_ZN018_ZN003_ZN003_ZN004_ZN003_ZN003_ZN006_ZN011_ZN008_ZN012_ZN008_ZN009_ZN010
alleva-2021	Cv:0394	ZN001_ZN002_ZN003_ZN004_ZN004_ZN003_ZN003_ZN006_ZN011_ZN008_zn041_ZN012_ZN008_ZN009_ZN010
alleva-2021	Cv:0395	ZN001_ZN002_ZN003_ZN004_ZN004_ZN003_ZN003_ZN006_ZN011_ZN008_ZN006_ZN012_ZN008_ZN009_ZN010
alleva-2021	Cv:0396	ZN001_ZN002_ZN003_ZN004_ZN004_ZN003_ZN003_ZN006_ZN011_ZN008_ZN012_ZN011_ZN008_ZN005_ZN008_ZN009_ZN010
alleva-2021	Cv:0397	ZN001_ZN002_ZN003_ZN004_ZN004_ZN003_ZN003_ZN006_ZN011_ZN008_ZN012_zn007_zn008_ZN009_ZN010
alleva-2021	Cv:0398	ZN001_ZN002_ZN003_ZN004_ZN004_ZN003_ZN003_ZN006_ZN011_ZN008_ZN012_zn007_ZN008_ZN012_ZN008_ZN009_ZN010
alleva-2021	Cv:0402	ZN001_ZN002_ZN003_zn010_zn002_zn010_ZN003_ZN004_ZN004_ZN003_ZN003_ZN006_ZN011_ZN008_ZN012_ZN008_ZN009_ZN010
alleva-2021	Cv:0404	ZN001_ZN002_ZN003_ZN004_ZN004_ZN003_ZN003_ZN006_ZN011_ZN008_ZN012_zn017_ZN012_ZN008_ZN003_ZN008_ZN009_ZN010
alleva-2021	Cv:0406	ZN001_ZN002_ZN003_ZN004_ZN004_ZN003_ZN003_ZN006_ZN011_ZN008_ZN012_ZN011_ZN008_ZN012_ZN008_ZN012_zn017_ZN010
alleva-2021	Cv:0407	ZN001_ZN002_ZN003_ZN004_ZN004_ZN003_ZN003_ZN006_ZN011_ZN008_ZN012_ZN012_ZN011_ZN008_ZN012_ZN008_ZN009_ZN010
alleva-2021	Cv:0408	ZN001_ZN002_ZN003_ZN004_ZN004_ZN003_ZN003_ZN006_ZN011_ZN008_ZN012_ZN006_ZN011_ZN008_ZN009_ZN010
alleva-2021	Cv:0409	ZN001_ZN002_ZN003_ZN004_ZN004_ZN003_ZN003_ZN006_ZN011_ZN008_ZN011_ZN011_ZN008_ZN011_ZN008_ZN012_ZN008_ZN009_ZN010
alleva-2021	Cv:0410	ZN001_ZN002_ZN003_ZN004_ZN004_ZN003_ZN003_ZN006_ZN011_ZN008_ZN012_ZN008_ZN012_zn008_ZN009_ZN010
alleva-2021	Cv:0413	ZN001_ZN002_ZN003_ZN004_ZN004_ZN003_ZN003_ZN006_ZN011_ZN008_ZN003_ZN006_ZN006_ZN011_ZN008_zn011_ZN012_ZN008_ZN009_ZN010
alleva-2021	Cv:0414	ZN001_ZN002_ZN003_ZN004_ZN004_ZN003_ZN003_ZN006_ZN011_ZN008_ZN012_ZN008_ZN009_zn042_ZN006_ZN011_ZN008_ZN012_ZN008_ZN009_ZN010
alleva-2021	Cv:0415	ZN001_ZN002_ZN003_ZN004_ZN004_ZN003_ZN003_ZN003_ZN004_ZN004_ZN003_ZN004_ZN004_ZN003_ZN003_ZN006_ZN011_ZN008_ZN012_ZN008_ZN009_ZN010
alleva-2021	Cv:0417	ZN001_ZN002_ZN003_ZN004_ZN004_ZN003_ZN003_ZN006_ZN011_ZN008_ZN012_ZN008_ZN003_ZN006_ZN011_ZN008_ZN011_ZN008_ZN012_ZN008_ZN009_ZN010
alleva-2021	Cv:0189	zn027_ZN011_ZN008_ZN012_ZN008_ZN009_ZN010
alleva-2021	Cv:0190	ZN001_ZN002_ZN003_ZN003_ZN004_ZN004_ZN003_ZN003_ZN006_ZN011_ZN008_ZN012_ZN008_ZN009_ZN010
alleva-2021	Cv:0191	ZN001_ZN002_ZN003_ZN011_ZN008_ZN012_ZN008_ZN009_ZN010
alleva-2021	Cv:0192	ZN001_ZN002_ZN003_ZN004_ZN004_ZN004_ZN003_ZN003_ZN006_ZN011_ZN008_ZN012_ZN008_ZN009_ZN010
alleva-2021	Cv:0193	ZN001_ZN002_ZN003_ZN004_ZN004_ZN003_ZN003_zn004_ZN010
alleva-2021	Cv:0195	ZN001_ZN002_ZN003_ZN004_ZN004_ZN003_ZN003_ZN006_ZN010
alleva-2021	Cv:0196	ZN001_ZN002_ZN003_ZN004_ZN004_ZN003_ZN003_ZN003_ZN006_ZN011_ZN008_ZN012_ZN008_ZN009_ZN010
alleva-2021	Cv:0197	ZN001_ZN002_ZN003_ZN006_ZN011_ZN008_ZN012_ZN008_ZN009_ZN010
alleva-2021	Cv:0198	ZN001_ZN002_ZN003_ZN004_ZN004_ZN003_ZN003_ZN006_ZN006_ZN011_ZN008_ZN012_ZN008_ZN009_ZN010
alleva-2021	Cv:0199	ZN001_ZN002_ZN003_ZN004_ZN004_ZN003_ZN012_ZN008_ZN009_ZN010
alleva-2021	Cv:0200	ZN001_ZN002_ZN003_ZN004_ZN004_ZN003_ZN003_ZN006_ZN011_ZN011_ZN008_ZN012_ZN008_ZN009_ZN010
alleva-2021	Cv:0201	ZN001_ZN002_ZN003_ZN004_ZN004_ZN003_ZN003_ZN006_ZN011_ZN010
alleva-2021	Cv:0202	ZN001_ZN002_ZN003_ZN004_ZN004_ZN003_ZN003_ZN006_ZN011_ZN008_ZN008_ZN012_ZN008_ZN009_ZN010
alleva-2021	Cv:0203	ZN001_ZN002_ZN003_ZN003_ZN006_ZN011_ZN008_ZN012_ZN008_ZN009_ZN010
alleva-2021	Cv:0205	ZN001_ZN002_ZN003_ZN004_ZN004_ZN003_ZN003_ZN006_ZN011_ZN009_ZN010
alleva-2021	Cv:0206	ZN001_ZN002_ZN003_ZN004_ZN004_ZN003_ZN003_ZN006_ZN011_ZN008_ZN012_ZN012_ZN008_ZN009_ZN010
alleva-2021	Cv:0207	ZN001_ZN002_ZN003_ZN004_ZN004_ZN006_ZN011_ZN008_ZN012_ZN008_ZN009_ZN010
alleva-2021	Cv:0208	ZN001_ZN002_ZN003_ZN004_ZN004_ZN003_ZN003_ZN006_ZN011_ZN008_ZN012_ZN008_ZN008_ZN009_ZN010
alleva-2021	Cv:0209	ZN001_ZN002_ZN003_ZN004_ZN004_ZN003_ZN003_ZN006_ZN011_ZN008_ZN009_ZN010
alleva-2021	Cv:0210	ZN001_ZN002_ZN004_ZN004_ZN003_ZN003_ZN006_ZN011_ZN008_ZN012_ZN008_ZN009_ZN010
alleva-2021	Cv:0211	ZN001_ZN002_ZN003_ZN004_ZN004_ZN003_ZN003_ZN006_ZN011_ZN008_ZN012_ZN008_ZN009_ZN010_ZN010
alleva-2021	Cv:0212	ZN001_ZN002_ZN003_ZN004_ZN003_ZN003_ZN006_ZN011_ZN008_ZN012_ZN008_ZN009_ZN010
alleva-2021	Cv:0213	ZN001_ZN002_ZN003_ZN004_ZN003_ZN004_ZN004_ZN003_ZN003_ZN006_ZN011_ZN008_ZN012_ZN008_ZN009_ZN010
alleva-2021	Cv:0215	ZN001_ZN002_ZN003_ZN004_ZN018_ZN004_ZN004_ZN003_ZN003_ZN006_ZN011_ZN008_ZN012_ZN008_ZN009_ZN010
alleva-2021	Cv:0216	ZN001_ZN002_ZN003_ZN004_ZN004_ZN003_ZN006_ZN011_ZN008_ZN012_ZN008_ZN009_ZN010
alleva-2021	Cv:0217	ZN001_ZN002_ZN003_ZN004_ZN004_ZN004_ZN004_ZN003_ZN003_ZN006_ZN011_ZN008_ZN012_ZN008_ZN009_ZN010
alleva-2021	Cv:0218	ZN001_ZN002_ZN003_ZN004_ZN004_ZN003_ZN003_ZN011_ZN008_ZN012_ZN008_ZN009_ZN010
alleva-2021	Cv:0220	ZN001_ZN002_ZN003_ZN004_ZN004_ZN003_ZN003_ZN006_ZN008_ZN012_ZN008_ZN009_ZN010
alleva-2021	Cv:0222	ZN001_ZN002_ZN003_ZN004_ZN004_ZN003_ZN003_ZN006_ZN011_ZN012_ZN008_ZN009_ZN010
alleva-2021	Cv:0223	ZN001_ZN002_ZN003_ZN004_ZN004_ZN003_ZN003_ZN006_ZN011_ZN008_ZN012_ZN008_ZN012_ZN008_ZN009_ZN010
alleva-2021	Cv:0224	ZN001_ZN002_ZN003_ZN004_ZN004_ZN003_ZN003_ZN006_ZN011_ZN008_ZN012_ZN009_ZN010
alleva-2021	Cv:0225	ZN001_ZN002_ZN003_ZN004_ZN004_ZN003_ZN003_ZN006_ZN011_ZN008_ZN012_ZN008_ZN017_ZN008_ZN009_ZN010
alleva-2021	Cv:0226	ZN001_ZN002_ZN003_ZN004_ZN004_ZN003_ZN003_ZN006_ZN011_ZN008_ZN012_zn017_ZN010
alleva-2021	Cv:0229	ZN001_ZN002_ZN003_ZN004_ZN004_ZN003_ZN003_ZN006_ZN011_ZN008_ZN012_ZN011_ZN008_ZN012_ZN008_ZN009_ZN010
alleva-2021	Cv:0230	ZN001_ZN002_ZN003_ZN004_ZN004_ZN003_ZN003_ZN006_ZN011_ZN008_ZN012_ZN008_ZN008_ZN012_ZN008_ZN009_ZN010
alleva-2021	Cv:0231	ZN001_ZN002_ZN003_ZN004_ZN004_ZN003_ZN003_ZN006_ZN011_ZN008_ZN012_ZN008_ZN017_ZN012_ZN008_ZN009_ZN010
alleva-2021	Cv:0234	ZN001_ZN002_ZN003_ZN004_ZN004_ZN003_ZN003_ZN004_ZN004_ZN003_ZN003_ZN006_ZN011_ZN008_ZN012_ZN008_ZN009_ZN010
alleva-2021	Cv:0235	ZN001_ZN002_ZN003_ZN004_ZN004_ZN003_ZN003_ZN006_ZN011_ZN008_ZN012_ZN006_ZN011_ZN008_ZN012_ZN008_ZN009_ZN010
alleva-2021	Cv:0238	ZN001_ZN002_ZN003_ZN004_ZN004_ZN003_ZN003_ZN006_ZN011_ZN008_ZN012_ZN008_ZN017_ZN011_ZN008_ZN012_ZN008_ZN009_ZN010
alleva-2021	Cv:0267	ZN001_ZN002_ZN003_ZN004_ZN004_ZN003_ZN003_ZN006_ZN011_ZN008_ZN003_ZN006_ZN011_ZN008_ZN012_ZN008_ZN009_ZN010
alleva-2021	Cv:0277	ZN001_zn003_ZN003_ZN006_ZN011_ZN008_ZN012_ZN008_ZN009_ZN010
alleva-2021	Cv:0279	ZN001_ZN002_ZN003_ZN004_ZN004_ZN003_zn002_ZN003_ZN003_ZN006_ZN011_ZN008_ZN012_ZN008_ZN009_ZN010
alleva-2021	Cv:0280	ZN001_ZN002_ZN003_ZN004_ZN004_ZN003_ZN003_ZN008_ZN009_ZN010
alleva-2021	Cv:0282	ZN001_ZN002_ZN003_ZN004_ZN004_ZN003_ZN003_ZN012_ZN008_ZN009_ZN010
alleva-2021	Cv:0286	ZN001_ZN002_ZN003_ZN004_ZN004_ZN003_ZN003_ZN006_ZN012_ZN008_ZN009_ZN010
alleva-2021	Cv:0288	ZN001_ZN002_ZN003_ZN004_ZN004_ZN003_ZN003_ZN006_ZN011_ZN008_ZN012_ZN008_ZN009_zn024_ZN009_ZN010
alleva-2021	Cv:0298	ZN001_ZN002_ZN003_ZN004_ZN004_ZN003_ZN003_ZN006_ZN011_ZN008_ZN008_ZN009_ZN010
alleva-2021	Cv:0307	ZN001_ZN002_ZN003_ZN004_ZN004_ZN003_ZN004_ZN004_ZN003_ZN003_ZN006_ZN011_ZN008_ZN012_ZN008_ZN009_ZN010
alleva-2021	Cv:0317	ZN001_ZN002_ZN003_ZN004_ZN004_ZN003_ZN003_ZN006_ZN011_ZN003_ZN003_ZN006_ZN011_ZN008_ZN012_ZN008_ZN009_ZN010
alleva-2021	Cv:0391	ZN001_ZN002_ZN002_ZN003_ZN004_ZN004_ZN003_ZN003_ZN006_ZN011_ZN008_ZN012_ZN008_ZN009_ZN010
alleva-2021	Cv:0399	ZN001_ZN002_ZN003_ZN004_ZN004_ZN003_ZN003_ZN006_ZN011_ZN008_ZN012_ZN008_ZN009_zn004_ZN010
alleva-2021	Cv:0416	ZN001_ZN002_ZN003_ZN004_ZN004_ZN003_ZN003_ZN006_ZN011_ZN008_ZN003_ZN004_ZN004_ZN003_ZN003_ZN006_ZN011_ZN008_ZN012_ZN008_ZN009_ZN010
alleva-2021	D	ZN001_ZN002_ZN003_ZN004_ZN004_ZN005_ZN003_ZN006_ZN011_ZN007_ZN008_ZN006_ZN009_ZN010
alleva-2021	Dv:0422	ZN001_ZN002_ZN003_ZN004_ZN004_ZN005_ZN003_ZN006_ZN007_zn007_zn007_ZN011_ZN007_ZN008_ZN006_ZN009_ZN010
alleva-2021	Dv:0423	ZN001_ZN002_ZN003_ZN004_ZN004_ZN005_ZN003_ZN006_ZN011_ZN007_ZN006_ZN008_ZN006_ZN008_ZN006_ZN009_ZN010
alleva-2021	Dv:0431	ZN001_ZN002_ZN003_ZN004_ZN004_ZN004_zn010_ZN004_ZN004_ZN005_ZN003_ZN006_ZN011_ZN007_ZN008_ZN006_ZN009_ZN010
alleva-2021	Dv:0434	ZN001_ZN002_ZN003_ZN004_ZN004_ZN005_ZN003_ZN004_zn007_ZN011_ZN007_ZN008_ZN006_ZN009_ZN010
alleva-2021	Dv:0435	ZN001_ZN002_ZN003_ZN004_ZN004_ZN005_ZN003_ZN006_zn007_ZN007_ZN008_ZN006_ZN011_ZN007_ZN008_ZN006_ZN009_ZN010
alleva-2021	Dv:0437	ZN001_ZN002_ZN003_ZN004_ZN004_ZN005_ZN003_ZN006_ZN011_ZN007_zn044_ZN006_ZN011_ZN007_ZN008_ZN006_ZN009_ZN010
alleva-2021	Dv:0439	ZN001_ZN002_ZN003_ZN004_ZN004_ZN005_ZN003_ZN006_ZN011_ZN007_ZN008_ZN007_ZN011_ZN007_ZN008_ZN006_ZN009_ZN010
alleva-2021	Dv:0445	ZN001_ZN002_ZN003_ZN004_ZN004_ZN005_ZN003_ZN006_ZN011_ZN007_ZN008_ZN006_ZN017_zn007_ZN007_ZN008_ZN006_ZN009_ZN010
alleva-2021	Dv:0446	ZN001_ZN002_ZN003_ZN004_ZN004_ZN005_ZN003_ZN006_ZN011_ZN007_ZN008_zn007_ZN006_ZN009_ZN010
alleva-2021	Dv:0453	ZN001_ZN002_ZN003_ZN004_ZN004_ZN005_ZN003_ZN006_ZN011_ZN007_ZN008_ZN006_ZN007_ZN008_ZN006_ZN007_ZN008_ZN006_ZN009_ZN010
alleva-2021	Dv:0455	ZN001_ZN002_ZN003_ZN004_ZN004_ZN005_ZN003_ZN006_ZN011_ZN007_ZN008_ZN006_ZN009_ZN011_ZN011_ZN007_ZN008_ZN006_ZN009_ZN010
alleva-2021	Dv:0465	ZN001_ZN002_ZN003_ZN004_ZN004_ZN005_ZN003_ZN006_ZN011_zn019_ZN003_ZN004_ZN004_ZN005_ZN003_zn007_ZN007_ZN008_ZN006_ZN009_ZN010
alleva-2021	Dv:0467	ZN001_ZN002_ZN003_ZN004_ZN004_ZN005_ZN003_ZN006_ZN011_ZN007_ZN008_ZN006_ZN017_ZN006_ZN006_ZN011_ZN007_ZN008_ZN006_ZN009_ZN010
alleva-2021	Dv:0470	ZN001_ZN002_ZN003_ZN004_ZN004_ZN005_ZN003_ZN006_zn007_ZN006_ZN011_ZN007_ZN008_ZN006_ZN009_ZN010
alleva-2021	Dv:0471	ZN001_ZN002_ZN003_ZN004_ZN004_ZN005_ZN003_ZN006_ZN008_zn017_ZN003_ZN008_ZN008_ZN008_ZN008_ZN003_ZN011_ZN007_ZN008_ZN006_ZN009_ZN010
alleva-2021	Dv:0472	ZN001_ZN002_ZN003_ZN004_ZN004_ZN005_ZN003_ZN006_ZN011_ZN008_ZN006_ZN007_ZN008_ZN006_ZN009_ZN010
alleva-2021	Dv:0477	ZN001_ZN002_ZN003_ZN004_ZN004_ZN005_ZN003_ZN006_ZN011_ZN007_ZN006_ZN006_ZN008_ZN006_ZN009_ZN010
alleva-2021	Dv:0479	ZN001_ZN002_ZN003_ZN004_ZN004_ZN005_ZN003_ZN006_ZN011_ZN007_ZN008_ZN017_ZN008_ZN006_ZN009_ZN010
alleva-2021	Dv:0489	ZN001_ZN002_ZN003_ZN004_ZN004_ZN005_ZN003_zn005_ZN005_ZN003_ZN006_ZN011_ZN007_ZN008_ZN006_ZN009_ZN010
alleva-2021	Dv:0491	ZN001_ZN002_ZN003_ZN004_ZN004_ZN005_ZN003_ZN006_ZN004_ZN003_ZN006_ZN011_ZN007_ZN008_ZN006_ZN009_ZN010
alleva-2021	Dv:0492	ZN001_ZN002_ZN003_ZN004_ZN004_ZN005_ZN003_ZN006_ZN011_ZN007_ZN008_zn008_zn008_zn008_ZN006_ZN009_ZN010
alleva-2021	Dv:0493	ZN001_ZN002_ZN003_ZN004_ZN004_ZN005_ZN003_ZN006_ZN011_ZN007_ZN008_zn004_ZN007_ZN008_ZN006_ZN009_ZN010
alleva-2021	Dv:0497	ZN001_ZN002_ZN003_ZN004_ZN004_ZN005_ZN003_ZN006_ZN011_zn007_ZN009_ZN010
alleva-2021	Dv:0500	ZN001_ZN002_ZN003_ZN004_ZN004_ZN005_ZN003_ZN006_ZN007_ZN006_ZN007_ZN006_ZN011_ZN007_ZN008_ZN006_ZN009_ZN010
alleva-2021	Dv:0502	ZN001_ZN002_ZN003_ZN004_ZN004_ZN005_ZN003_ZN006_ZN011_ZN007_ZN008_ZN006_ZN017_ZN006_ZN017_ZN006_ZN009_ZN010
alleva-2021	Dv:0511	ZN001_ZN002_ZN003_ZN004_ZN004_ZN005_ZN003_zn045_ZN004_ZN004_ZN005_ZN003_ZN006_ZN011_ZN007_ZN008_ZN006_ZN009_ZN010
alleva-2021	Dv:0514	ZN001_ZN002_ZN003_ZN004_ZN004_ZN005_ZN003_ZN006_ZN011_ZN007_ZN008_ZN007_ZN007_ZN008_ZN011_ZN008_ZN006_ZN009_ZN010
alleva-2021	Dv:0516	ZN001_ZN002_ZN003_ZN004_ZN004_ZN005_ZN003_zn004_ZN011_ZN011_ZN007_ZN008_ZN006_ZN009_ZN010
alleva-2021	Dv:0518	ZN001_ZN002_ZN003_ZN004_ZN004_ZN005_ZN003_ZN006_ZN011_ZN007_zn011_zn007_zn011_ZN003_ZN011_ZN007_ZN008_ZN006_ZN009_ZN010
alleva-2021	Dv:0521	ZN001_ZN002_ZN003_ZN004_ZN004_ZN005_ZN003_ZN006_ZN011_ZN007_ZN008_ZN011_ZN006_ZN009_ZN010
alleva-2021	Dv:0523	ZN001_ZN002_ZN003_ZN004_ZN004_ZN005_ZN003_ZN006_ZN011_ZN007_ZN006_ZN004_ZN005_ZN003_ZN006_ZN011_ZN007_ZN008_ZN006_ZN009_ZN010
alleva-2021	Dv:0525	ZN001_ZN002_ZN003_ZN004_ZN004_ZN005_ZN003_ZN006_ZN011_ZN008_ZN006_ZN011_ZN006_ZN011_ZN007_ZN006_ZN011_ZN007_ZN008_ZN006_ZN009_ZN010
alleva-2021	Dv:0528	ZN001_ZN002_ZN003_ZN004_ZN004_ZN005_ZN003_ZN006_ZN011_ZN007_ZN008_zn004_ZN006_ZN006_ZN003_ZN006_ZN011_ZN007_ZN008_ZN006_ZN009_ZN010
alleva-2021	Dv:0531	ZN001_ZN002_ZN003_ZN004_ZN004_ZN005_ZN003_ZN006_ZN011_ZN007_ZN011_ZN006_ZN008_ZN006_ZN009_ZN010
alleva-2021	Dv:0533	ZN001_ZN002_ZN003_ZN004_ZN004_ZN005_ZN003_ZN006_ZN011_ZN007_ZN008_ZN008_ZN008_ZN006_ZN009_ZN010
alleva-2021	Dv:0534	ZN001_ZN002_ZN003_ZN004_ZN004_ZN005_ZN003_ZN006_ZN011_ZN007_ZN008_ZN002_ZN003_ZN004_ZN004_ZN005_ZN003_ZN006_ZN011_ZN007_ZN006_ZN009_ZN010
alleva-2021	Dv:0535	ZN001_ZN002_ZN003_ZN004_ZN004_ZN005_ZN003_ZN006_ZN011_ZN007_ZN008_ZN017_ZN009_ZN006_ZN009_ZN010
alleva-2021	Dv:0539	ZN001_ZN002_ZN003_ZN004_ZN004_ZN005_ZN003_ZN006_ZN011_ZN007_ZN008_ZN006_ZN017_ZN008_ZN009_ZN010
alleva-2021	Dv:0541	ZN001_ZN002_ZN003_ZN004_ZN004_ZN005_ZN003_ZN006_ZN011_ZN007_ZN008_ZN006_zn022_ZN017_ZN009_ZN010
alleva-2021	Dv:0425	ZN001_ZN002_ZN003_ZN004_ZN004_ZN005_ZN003_ZN006_ZN011_ZN007_ZN008_ZN006_ZN007_ZN008_ZN006_ZN009_ZN010
alleva-2021	Dv:0430	ZN001_ZN002_ZN003_ZN004_ZN004_ZN004_ZN005_ZN003_ZN006_ZN011_ZN007_ZN008_ZN006_ZN009_ZN010
alleva-2021	Dv:0432	ZN001_ZN002_ZN003_ZN004_ZN004_ZN005_ZN003_ZN003_ZN006_ZN011_ZN007_ZN008_ZN006_ZN009_ZN010
alleva-2021	Dv:0433	ZN001_ZN002_ZN003_ZN004_ZN004_ZN005_ZN003_ZN004_ZN004_ZN005_ZN003_ZN006_ZN011_ZN007_ZN008_ZN006_ZN009_ZN010
alleva-2021	Dv:0436	ZN001_ZN002_ZN003_ZN004_ZN004_ZN005_ZN003_ZN006_ZN006_ZN011_ZN007_ZN008_ZN006_ZN009_ZN010
alleva-2021	Dv:0438	ZN001_ZN002_ZN003_ZN004_ZN004_ZN005_ZN003_ZN006_ZN011_ZN011_ZN007_ZN008_ZN006_ZN009_ZN010
alleva-2021	Dv:0440	ZN001_ZN002_ZN003_ZN004_ZN004_ZN005_ZN003_ZN006_ZN011_ZN007_ZN007_ZN008_ZN006_ZN009_ZN010
alleva-2021	Dv:0441	ZN001_ZN002_ZN003_ZN004_ZN004_ZN005_ZN003_ZN006_ZN011_ZN007_ZN008_ZN006_ZN017_ZN007_ZN008_ZN006_ZN009_ZN010
alleva-2021	Dv:0442	ZN001_ZN002_ZN003_ZN004_ZN004_ZN005_ZN003_ZN006_ZN011_ZN007_ZN021_ZN008_ZN006_ZN009_ZN010
alleva-2021	Dv:0444	ZN001_ZN002_ZN003_ZN004_ZN004_ZN005_ZN003_ZN006_ZN011_ZN007_ZN008_ZN008_ZN006_ZN009_ZN010
alleva-2021	Dv:0448	ZN001_ZN002_ZN003_ZN004_ZN004_ZN005_ZN003_ZN006_ZN011_ZN007_ZN008_ZN006_ZN006_ZN009_ZN010
alleva-2021	Dv:0450	ZN001_ZN002_ZN003_ZN004_ZN004_ZN005_ZN003_ZN006_ZN011_ZN007_ZN008_ZN006_ZN017_ZN009_ZN010
alleva-2021	Dv:0451	ZN001_ZN002_ZN003_ZN004_ZN004_ZN005_ZN003_ZN006_ZN011_ZN004_ZN004_ZN005_ZN003_ZN006_ZN011_ZN007_ZN008_ZN006_ZN009_ZN010
alleva-2021	Dv:0468	ZN001_ZN002_ZN003_ZN004_ZN004_ZN005_ZN003_ZN006_ZN003_ZN006_ZN011_ZN007_ZN008_ZN006_ZN009_ZN010
alleva-2021	Dv:0475	ZN001_ZN002_ZN003_ZN004_ZN004_ZN005_ZN003_ZN006_ZN011_ZN007_ZN011_ZN007_ZN008_ZN006_ZN009_ZN010
alleva-2021	Dv:0478	ZN001_ZN002_ZN003_ZN004_ZN004_ZN005_ZN003_ZN006_ZN011_ZN007_ZN008_ZN006_ZN009_zn024_ZN005_ZN003_ZN006_ZN011_ZN007_ZN008_ZN006_ZN009_ZN010
alleva-2021	Dv:0508	ZN001_ZN002_ZN003_ZN003_ZN004_ZN004_ZN005_ZN003_ZN006_ZN011_ZN007_ZN008_ZN006_ZN009_ZN010
alleva-2021	Dv:0510	ZN001_ZN002_ZN003_ZN004_ZN004_zn002_ZN005_ZN003_ZN006_ZN011_ZN007_ZN008_ZN006_ZN009_ZN010
alleva-2021	Dv:0512	ZN001_ZN002_ZN003_ZN004_ZN004_ZN005_ZN005_ZN003_ZN006_ZN011_ZN007_ZN008_ZN006_ZN009_ZN010
alleva-2021	Dv:0513	ZN001_ZN002_ZN003_ZN004_ZN004_ZN005_ZN003_ZN006_ZN011_ZN007_ZN005_ZN003_ZN006_ZN011_ZN007_ZN008_ZN006_ZN009_ZN010
alleva-2021	Dv:0517	ZN001_ZN002_ZN003_ZN004_ZN004_ZN005_ZN003_ZN006_ZN011_ZN007_ZN008_ZN006_ZN003_ZN006_ZN011_ZN007_ZN008_ZN006_ZN009_ZN010
alleva-2021	Dv:0522	ZN001_ZN002_ZN003_ZN004_ZN004_ZN005_ZN003_ZN006_ZN011_ZN007_ZN004_ZN004_ZN005_ZN003_ZN006_ZN011_ZN007_ZN008_ZN006_ZN009_ZN010
alleva-2021	Dv:0526	ZN001_ZN002_ZN003_ZN004_ZN004_ZN005_ZN003_ZN006_ZN011_ZN007_ZN008_ZN004_ZN004_ZN005_ZN003_ZN006_ZN011_ZN007_ZN008_ZN006_ZN009_ZN010
alleva-2021	Dv:0537	ZN001_ZN002_ZN003_ZN004_ZN004_ZN005_ZN003_ZN006_ZN011_ZN007_ZN008_ZN006_ZN008_ZN006_ZN009_ZN010
alleva-2021	E	ZN001_ZN002_ZN003_ZN004_ZN008_ZN006_ZN009_ZN010
alleva-2021	L1	ZN001_ZN002_ZN003_ZN004_ZN007_ZN008_ZN006_ZN009_ZN010
alleva-2021	L10	ZN001_ZN003_ZN004_ZN004_ZN005_ZN003_ZN006_ZN007_ZN008_ZN006_ZN009_ZN010
alleva-2021	L11	ZN001_ZN002_ZN003_ZN004_ZN004_ZN005_ZN003_ZN006_ZN007_ZN008_ZN009_ZN010
alleva-2021	L12	ZN001_ZN002_ZN003_ZN004_ZN004_ZN003_ZN003_ZN003_ZN006_ZN007_ZN008_ZN006_ZN010
alleva-2021	L12v:0087	ZN001_ZN002_ZN003_ZN004_ZN004_ZN003_ZN003_ZN003_ZN006_ZN007_ZN007_zn011_ZN008_ZN006_ZN010
alleva-2021	L12v:0091	ZN001_ZN002_ZN003_ZN004_ZN004_ZN003_ZN003_ZN003_ZN006_ZN007_ZN008_zn004_ZN017_ZN017_ZN010
alleva-2021	L12v:0096	ZN001_ZN002_ZN003_ZN004_ZN004_ZN003_ZN003_ZN003_ZN006_ZN007_ZN006_ZN006_ZN007_ZN006_ZN006_ZN007_ZN008_ZN006_ZN010
alleva-2021	L12v:0100	ZN001_ZN002_ZN003_ZN004_ZN004_ZN003_ZN003_ZN003_ZN006_ZN007_ZN011_ZN008_zn007_ZN008_ZN006_ZN010
alleva-2021	L12v:0268	ZN001_ZN002_ZN003_ZN004_ZN004_ZN003_ZN003_ZN003_ZN006_ZN008_ZN006_ZN007_ZN008_ZN006_ZN010
alleva-2021	L12v:0271	ZN001_ZN002_ZN003_ZN004_ZN004_ZN003_ZN003_ZN003_ZN006_ZN007_ZN008_ZN006_ZN006_ZN007_ZN008_ZN006_ZN008_zn004_ZN010
alleva-2021	L12v:0085	ZN001_ZN002_ZN003_ZN004_ZN003_ZN004_ZN004_ZN003_ZN003_ZN003_ZN006_ZN007_ZN008_ZN006_ZN010
alleva-2021	L12v:0086	ZN001_ZN002_ZN003_ZN004_ZN004_ZN003_ZN003_ZN003_ZN006_ZN007_ZN008_ZN006_ZN006_ZN007_ZN008_ZN006_ZN010
alleva-2021	L12v:0089	ZN001_ZN002_ZN003_ZN004_ZN004_ZN003_ZN003_ZN003_ZN006_ZN007_ZN008_ZN007_ZN008_ZN006_ZN010
alleva-2021	L12v:0097	ZN001_ZN002_ZN003_ZN004_ZN004_ZN003_ZN004_ZN004_ZN003_ZN003_ZN003_ZN006_ZN007_ZN008_ZN006_ZN010
alleva-2021	L12v:0099	ZN001_ZN002_ZN003_ZN004_ZN004_ZN003_ZN003_ZN003_ZN003_ZN003_ZN003_ZN006_ZN007_ZN008_ZN006_ZN010
alleva-2021	L12v:0263	ZN001_ZN002_ZN003_ZN004_ZN004_ZN003_ZN003_ZN003_ZN006_ZN007_ZN008_ZN006_ZN007_ZN008_ZN006_ZN010
alleva-2021	L12v:0264	ZN001_ZN002_ZN003_ZN004_ZN004_ZN003_ZN003_ZN004_ZN004_ZN003_ZN003_ZN003_ZN006_ZN007_ZN008_ZN006_ZN010
alleva-2021	L13	ZN001_ZN002_ZN003_ZN004_ZN004_ZN005_ZN003_ZN006_ZN007_ZN008_ZN017_ZN009_ZN010
alleva-2021	L14	ZN001_ZN002_ZN003_ZN004_ZN004_ZN003_ZN003_ZN006_ZN011_ZN008_ZN012_ZN015_ZN009_ZN010
alleva-2021	L14v:0290	ZN001_ZN002_ZN003_ZN003_ZN003_zn002_ZN004_ZN003_ZN003_ZN006_ZN011_ZN008_ZN012_ZN015_ZN009_ZN010
alleva-2021	L14v:0291	ZN001_ZN002_ZN003_ZN004_ZN004_ZN003_ZN003_ZN006_ZN018_ZN006_ZN011_ZN008_ZN012_ZN015_ZN009_ZN010
alleva-2021	L14v:0293	ZN001_ZN002_ZN003_ZN004_ZN004_ZN003_ZN003_ZN006_ZN008_ZN012_ZN011_ZN008_ZN012_ZN015_ZN009_ZN010
alleva-2021	L14v:0294	ZN001_ZN002_ZN003_ZN004_ZN004_ZN003_ZN003_ZN006_ZN011_ZN015_ZN017_ZN006_ZN012_ZN015_ZN009_ZN010
alleva-2021	L14v:0295	ZN001_ZN002_ZN003_ZN004_ZN004_ZN003_ZN003_ZN006_ZN011_ZN008_ZN003_ZN006_ZN011_ZN015_ZN009_ZN010
alleva-2021	L14v:0301	ZN001_ZN002_ZN003_ZN004_ZN004_ZN003_ZN003_ZN006_ZN011_ZN008_ZN012_ZN008_ZN009_zn035_ZN009_ZN010
alleva-2021	L14v:0312	ZN001_ZN002_ZN003_ZN004_ZN004_ZN003_ZN003_ZN006_ZN011_ZN008_ZN012_ZN008_ZN012_ZN008_ZN015_ZN009_ZN010
alleva-2021	L14v:0313	ZN001_ZN002_ZN003_ZN004_ZN004_ZN003_ZN003_ZN006_ZN011_ZN008_ZN012_ZN012_ZN005_ZN012_ZN015_ZN009_ZN010
alleva-2021	L14v:0318	ZN001_ZN002_ZN003_ZN004_ZN004_ZN003_ZN004_ZN004_ZN003_ZN008_ZN003_ZN006_ZN011_ZN008_ZN012_ZN015_ZN009_ZN010
alleva-2021	L14v:0320	ZN001_ZN002_ZN003_ZN004_ZN004_ZN003_ZN003_ZN006_ZN011_ZN011_ZN003_ZN006_ZN011_ZN008_ZN012_ZN015_ZN009_ZN010
alleva-2021	L14v:0326	ZN001_ZN002_ZN003_ZN004_ZN004_ZN003_ZN003_ZN006_ZN011_ZN008_ZN012_ZN015_ZN009_ZN012_ZN012_ZN015_ZN009_ZN010
alleva-2021	L14v:0329	ZN001_ZN002_ZN003_ZN004_ZN004_ZN003_ZN003_ZN006_ZN011_ZN008_ZN008_ZN011_ZN011_ZN008_ZN008_ZN012_ZN015_ZN009_ZN010
alleva-2021	L14v:0330	ZN001_ZN002_ZN003_ZN004_ZN004_ZN003_ZN003_ZN006_ZN011_ZN008_ZN012_ZN012_ZN005_ZN003_ZN006_ZN011_ZN015_ZN009_ZN010
alleva-2021	L14v:0331	ZN001_ZN002_ZN003_ZN006_ZN011_ZN008_ZN012_ZN015_ZN017_ZN004_ZN004_ZN003_ZN003_ZN006_ZN011_ZN008_ZN012_ZN015_ZN009_ZN010
alleva-2021	L14v:0332	ZN001_ZN002_ZN003_ZN004_ZN004_ZN004_zn010_zn010_zn010_ZN004_ZN004_ZN003_ZN003_ZN006_ZN011_ZN008_ZN012_ZN015_ZN009_ZN010
alleva-2021	L14v:0333	ZN001_ZN002_ZN003_ZN004_ZN004_ZN003_ZN003_ZN004_ZN004_ZN003_ZN003_ZN003_ZN003_ZN006_ZN011_ZN008_ZN012_ZN015_ZN009_ZN010
alleva-2021	L14v:0334	ZN001_ZN002_ZN003_ZN004_ZN004_ZN003_ZN003_ZN006_ZN011_ZN008_ZN006_ZN011_zn028_ZN006_ZN011_ZN008_ZN012_ZN015_ZN009_ZN010
alleva-2021	L14v:0335	ZN001_ZN002_ZN003_ZN004_ZN004_ZN003_ZN003_ZN006_ZN011_ZN008_ZN012_ZN008_ZN003_ZN011_ZN008_ZN012_ZN012_ZN015_ZN009_ZN010
alleva-2021	L14v:0338	ZN001_ZN002_ZN003_ZN004_ZN004_ZN003_ZN003_ZN006_ZN011_ZN008_ZN012_ZN008_ZN006_ZN011_ZN008_ZN012_ZN008_ZN012_ZN015_ZN009_ZN010
alleva-2021	L14v:0339	ZN001_ZN002_ZN003_ZN003_ZN003_ZN003_ZN004_ZN004_ZN003_ZN003_ZN006_ZN011_ZN008_ZN012_ZN015_ZN009_ZN010
alleva-2021	L14v:0351	ZN001_ZN002_ZN003_ZN004_ZN004_ZN003_ZN003_ZN006_ZN011_ZN008_ZN012_zn017_ZN017_ZN009_ZN010
alleva-2021	L14v:0354	ZN001_ZN002_ZN003_ZN004_ZN003_ZN003_ZN003_ZN004_ZN004_ZN003_ZN003_ZN006_ZN011_ZN008_ZN012_ZN015_ZN009_ZN010
alleva-2021	L14v:0359	ZN001_ZN002_ZN003_ZN004_ZN004_ZN003_ZN003_ZN006_ZN011_zn007_ZN012_ZN011_zn007_ZN012_ZN008_ZN012_ZN015_ZN009_ZN010
alleva-2021	L14v:0361	ZN001_ZN002_ZN003_ZN004_ZN004_ZN003_ZN003_ZN006_ZN011_ZN008_ZN012_ZN008_ZN011_ZN008_ZN012_ZN008_ZN011_ZN008_ZN012_ZN008_ZN009_ZN010
alleva-2021	L14v:0362	ZN001_ZN002_ZN003_ZN004_ZN004_ZN018_ZN004_ZN003_ZN003_ZN006_ZN011_ZN008_ZN012_ZN015_ZN009_ZN010
alleva-2021	L14v:0363	ZN001_ZN002_ZN003_ZN004_ZN004_ZN003_ZN003_ZN003_ZN006_ZN006_ZN011_ZN008_ZN012_ZN015_ZN009_ZN010
alleva-2021	L14v:0365	ZN001_ZN002_ZN003_ZN004_ZN004_ZN003_ZN003_ZN006_ZN011_ZN008_ZN012_ZN005_ZN005_ZN015_ZN009_ZN010
alleva-2021	L14v:0366	ZN001_ZN002_ZN003_ZN004_ZN004_ZN003_ZN003_ZN006_ZN011_ZN008_ZN012_ZN015_ZN008_zn036_ZN009_ZN010
alleva-2021	L14v:0367	ZN001_ZN002_ZN003_ZN004_ZN004_ZN003_ZN003_ZN006_ZN011_ZN008_ZN012_ZN015_ZN009_ZN009_ZN009_ZN010
alleva-2021	L14v:0370	ZN001_ZN002_ZN003_ZN004_ZN004_ZN003_ZN018_ZN003_ZN006_ZN011_ZN008_ZN012_ZN015_ZN009_ZN010
alleva-2021	L14v:0372	ZN001_ZN002_ZN003_ZN004_ZN004_ZN003_zn010_ZN003_ZN006_ZN011_ZN008_ZN012_ZN015_ZN009_ZN010
alleva-2021	L14v:0374	ZN001_ZN002_ZN003_ZN004_ZN004_ZN003_ZN003_ZN006_ZN008_ZN011_ZN008_ZN012_ZN015_ZN009_ZN010
alleva-2021	L14v:0377	ZN001_ZN002_ZN003_ZN004_ZN004_ZN003_ZN003_ZN006_ZN011_ZN008_ZN012_zn038_ZN009_ZN010_ZN010
alleva-2021	L14v:0378	ZN001_ZN002_ZN003_ZN004_ZN004_ZN003_ZN003_ZN006_ZN011_ZN008_ZN012_ZN008_ZN003_ZN006_ZN011_ZN015_ZN009_ZN010
alleva-2021	L14v:0384	ZN001_ZN002_ZN003_ZN004_ZN004_ZN004_ZN004_ZN003_ZN004_ZN004_ZN003_ZN003_ZN006_ZN011_ZN008_ZN012_ZN015_ZN009_ZN010
alleva-2021	L14v:0385	ZN001_ZN002_ZN003_ZN004_ZN004_ZN003_ZN003_ZN006_ZN011_ZN012_ZN003_ZN018_ZN012_ZN003_ZN006_ZN011_ZN008_ZN012_ZN015_ZN009_ZN010
alleva-2021	L14v:0275	ZN001_ZN002_ZN003_ZN004_ZN004_ZN003_zn032_ZN009_ZN010
alleva-2021	L14v:0284	ZN001_ZN002_ZN003_ZN004_ZN004_ZN003_ZN003_ZN006_zn033_ZN009_ZN010
alleva-2021	L14v:0287	ZN001_ZN002_ZN003_ZN004_ZN004_ZN003_ZN003_ZN006_ZN011_ZN015_ZN009_ZN010
alleva-2021	L14v:0296	ZN001_ZN002_ZN003_ZN004_ZN004_ZN003_ZN003_ZN006_ZN011_ZN008_ZN011_ZN008_ZN012_ZN015_ZN009_ZN010
alleva-2021	L14v:0297	ZN001_ZN002_ZN003_ZN004_ZN004_ZN003_ZN003_ZN006_ZN011_ZN008_ZN012_ZN008_ZN012_ZN015_ZN009_ZN010
alleva-2021	L14v:0299	ZN001_ZN002_ZN003_ZN004_ZN004_ZN003_ZN003_ZN006_ZN011_ZN008_ZN012_ZN015_ZN012_ZN015_ZN009_ZN010
alleva-2021	L14v:0300	ZN001_ZN002_ZN004_ZN004_ZN003_ZN003_ZN006_ZN011_ZN008_ZN012_ZN015_ZN009_ZN010
alleva-2021	L14v:0302	ZN001_ZN002_ZN003_ZN004_ZN003_ZN003_ZN006_ZN011_ZN008_ZN012_ZN015_ZN009_ZN010
alleva-2021	L14v:0304	ZN001_ZN002_ZN003_ZN004_ZN004_ZN003_ZN006_ZN011_ZN008_ZN012_ZN015_ZN009_ZN010
alleva-2021	L14v:0306	ZN001_ZN002_ZN003_ZN004_ZN004_ZN003_ZN003_ZN006_ZN011_ZN012_ZN015_ZN009_ZN010
alleva-2021	L14v:0308	ZN001_ZN002_ZN003_ZN004_ZN004_ZN003_ZN003_ZN006_ZN011_ZN008_ZN015_ZN009_ZN010
alleva-2021	L14v:0310	ZN001_ZN002_ZN003_ZN004_ZN004_ZN003_ZN003_ZN006_ZN011_ZN003_ZN006_ZN011_ZN008_ZN012_ZN015_ZN009_ZN010
alleva-2021	L14v:0311	ZN001_ZN002_ZN003_ZN004_ZN004_ZN003_ZN003_ZN006_ZN011_ZN008_ZN012_ZN011_ZN008_ZN012_ZN015_ZN009_ZN010
alleva-2021	L14v:0315	ZN001_ZN002_ZN003_ZN004_ZN004_ZN003_ZN003_ZN006_ZN011_ZN008_ZN012_ZN015_ZN017_ZN012_ZN015_ZN009_ZN010
alleva-2021	L14v:0319	ZN001_ZN002_ZN003_ZN004_ZN004_ZN003_ZN003_ZN006_ZN006_ZN011_ZN008_ZN012_ZN015_ZN009_ZN010
alleva-2021	L14v:0321	ZN001_ZN002_ZN003_ZN004_ZN004_ZN003_ZN003_ZN006_ZN011_ZN011_ZN008_ZN012_ZN015_ZN009_ZN010
alleva-2021	L14v:0322	ZN001_ZN002_ZN003_ZN004_ZN004_ZN003_ZN003_ZN006_ZN011_ZN008_ZN003_ZN006_ZN011_ZN008_ZN012_ZN015_ZN009_ZN010
alleva-2021	L14v:0323	ZN001_ZN002_ZN003_ZN004_ZN004_ZN003_ZN003_ZN006_ZN011_ZN008_ZN012_ZN012_ZN015_ZN009_ZN010
alleva-2021	L14v:0324	ZN001_ZN002_ZN003_ZN004_ZN004_ZN003_ZN003_ZN006_ZN011_ZN008_ZN012_ZN015_ZN017_ZN008_ZN012_ZN015_ZN009_ZN010
alleva-2021	L14v:0325	ZN001_ZN002_ZN003_ZN004_ZN004_ZN003_ZN003_ZN006_ZN011_ZN008_ZN012_ZN008_ZN015_ZN009_ZN010
alleva-2021	L14v:0328	ZN001_ZN002_ZN003_ZN004_ZN004_ZN003_ZN003_ZN006_ZN011_ZN008_ZN003_ZN003_ZN006_ZN011_ZN008_ZN012_ZN015_ZN009_ZN010
alleva-2021	L14v:0337	ZN001_ZN002_ZN003_ZN004_ZN004_ZN003_ZN003_ZN006_ZN011_ZN008_ZN004_ZN004_ZN003_ZN003_ZN006_ZN011_ZN008_ZN012_ZN015_ZN009_ZN010
alleva-2021	L14v:0341	ZN001_ZN002_ZN003_ZN004_ZN004_ZN003_ZN003_ZN006_ZN011_ZN008_ZN012_ZN015_ZN008_ZN012_ZN015_ZN009_ZN010
alleva-2021	L14v:0346	ZN001_ZN002_ZN003_ZN004_ZN004_ZN004_ZN003_ZN003_ZN006_ZN011_ZN008_ZN012_ZN015_ZN009_ZN010
alleva-2021	L14v:0348	ZN001_ZN002_ZN003_ZN004_ZN004_zn002_ZN003_ZN003_ZN006_ZN011_ZN008_ZN012_ZN015_ZN009_ZN010
alleva-2021	L14v:0353	ZN001_ZN002_ZN003_ZN004_ZN004_ZN003_ZN003_ZN006_ZN011_ZN008_ZN012_ZN015_ZN017_ZN009_ZN010
alleva-2021	L14v:0364	ZN001_ZN002_ZN003_ZN004_ZN004_ZN003_ZN003_ZN006_ZN003_ZN006_ZN011_ZN008_ZN012_ZN015_ZN009_ZN010
alleva-2021	L14v:0371	ZN001_ZN002_ZN003_ZN004_ZN004_ZN003_ZN004_ZN004_ZN003_ZN003_ZN006_ZN011_ZN008_ZN012_ZN015_ZN009_ZN010
alleva-2021	L14v:0386	ZN001_ZN002_ZN003_ZN004_ZN004_ZN003_ZN003_ZN006_ZN011_ZN008_ZN012_ZN015_ZN017_ZN015_ZN009_ZN010
alleva-2021	L15	ZN001_ZN002_ZN003_ZN004_ZN004_ZN003_ZN003_ZN006_ZN011_ZN008_ZN012_ZN008_ZN009
alleva-2021	L15v:0131	ZN001_zn021_ZN003_ZN003_ZN004_ZN004_ZN003_ZN003_ZN006_ZN011_ZN008_ZN012_ZN008_ZN009
alleva-2021	L15v:0158	ZN001_ZN002_ZN003_ZN004_zn010_ZN004_ZN004_ZN003_ZN003_ZN006_ZN011_ZN008_ZN012_ZN008_ZN009
alleva-2021	L15v:0160	ZN001_ZN002_ZN003_ZN004_ZN004_ZN003_ZN003_ZN006_ZN011_ZN008_ZN006_ZN008_ZN012_ZN008_ZN009
alleva-2021	L15v:0162	ZN001_ZN002_ZN003_ZN004_ZN004_ZN003_ZN003_ZN006_ZN011_ZN008_ZN012_ZN014_ZN005_ZN008_ZN009
alleva-2021	L15v:0173	ZN001_ZN002_ZN003_ZN004_ZN004_ZN003_ZN003_ZN006_zn007_ZN008_ZN006_ZN011_ZN008_ZN012_ZN008_ZN009
alleva-2021	L15v:0174	ZN001_ZN002_ZN003_ZN004_ZN004_ZN003_ZN003_ZN006_ZN011_ZN012_zn011_ZN012_ZN008_ZN012_ZN008_ZN009
alleva-2021	L15v:0175	ZN001_ZN002_ZN003_ZN004_ZN004_ZN003_ZN003_ZN006_ZN011_ZN008_ZN012_ZN006_ZN012_ZN006_ZN008_ZN009
alleva-2021	L15v:0179	ZN001_ZN002_ZN003_ZN004_ZN004_ZN003_ZN003_zn008_ZN008_ZN006_zn025_ZN006_ZN011_ZN008_ZN012_ZN008_ZN009
alleva-2021	L15v:0180	ZN001_ZN002_ZN003_ZN004_ZN004_ZN003_ZN003_ZN006_ZN011_ZN008_ZN006_ZN012_ZN008_ZN005_ZN012_ZN008_ZN009
alleva-2021	L15v:0182	ZN001_ZN002_ZN003_ZN004_ZN018_ZN004_ZN004_ZN004_ZN003_ZN004_ZN004_ZN003_ZN003_ZN006_ZN011_ZN008_ZN012_ZN008_ZN009
alleva-2021	L15v:0184	ZN001_ZN002_ZN003_ZN004_ZN004_ZN003_ZN003_ZN006_ZN011_ZN008_ZN003_ZN003_ZN006_ZN011_ZN008_ZN008_ZN012_ZN008_ZN009
alleva-2021	L15v:0187	ZN001_ZN002_ZN003_ZN004_ZN004_ZN003_ZN003_ZN006_ZN011_ZN008_ZN006_ZN011_ZN008_ZN012_ZN006_ZN011_ZN008_ZN012_ZN008_ZN009
alleva-2021	L15v:0126	ZN001_ZN002_ZN003_ZN006_ZN011_ZN008_ZN012_ZN008_ZN009
alleva-2021	L15v:0132	ZN001_ZN002_ZN003_ZN003_ZN006_ZN011_ZN008_ZN012_ZN008_ZN009
alleva-2021	L15v:0133	ZN001_ZN002_ZN003_ZN018_ZN004_ZN004_ZN003_ZN003_ZN006_ZN011_ZN008_ZN012_ZN008_ZN009
alleva-2021	L15v:0134	ZN001_ZN002_ZN003_ZN004_ZN004_ZN004_ZN003_ZN003_ZN006_ZN011_ZN008_ZN012_ZN008_ZN009
alleva-2021	L15v:0136	ZN001_ZN002_ZN003_ZN004_ZN004_ZN003_ZN003_ZN003_ZN006_ZN011_ZN008_ZN012_ZN008_ZN009
alleva-2021	L15v:0138	ZN001_ZN002_ZN003_ZN004_ZN004_ZN003_ZN003_ZN006_ZN011_ZN008_ZN012_ZN008_zn022_ZN009
alleva-2021	L15v:0139	ZN001_ZN002_ZN003_ZN003_ZN003_ZN006_ZN011_ZN008_ZN012_ZN008_ZN009
alleva-2021	L15v:0141	ZN001_ZN002_ZN003_ZN004_ZN004_ZN003_ZN003_ZN006_ZN012_ZN008_ZN009
alleva-2021	L15v:0143	ZN001_ZN002_ZN003_ZN004_ZN004_ZN003_ZN003_ZN006_ZN011_ZN008_ZN009
alleva-2021	L15v:0145	ZN001_ZN002_ZN003_ZN004_ZN004_ZN003_ZN003_ZN006_ZN011_ZN008_zn018
alleva-2021	L15v:0155	ZN001_ZN003_ZN004_ZN004_ZN003_ZN003_ZN006_ZN011_ZN008_ZN012_ZN008_ZN009
alleva-2021	L15v:0157	ZN001_ZN002_ZN003_ZN004_ZN003_ZN003_ZN006_ZN011_ZN008_ZN012_ZN008_ZN009
alleva-2021	L15v:0159	ZN001_ZN002_ZN003_ZN004_ZN018_ZN003_ZN006_ZN011_ZN008_ZN012_ZN008_ZN009
alleva-2021	L15v:0161	ZN001_ZN002_ZN003_ZN004_ZN004_ZN003_ZN006_ZN011_ZN008_ZN012_ZN008_ZN009
alleva-2021	L15v:0163	ZN001_ZN002_ZN003_ZN004_ZN004_ZN003_ZN003_ZN006_ZN008_ZN012_ZN008_ZN009
alleva-2021	L15v:0165	ZN001_ZN002_ZN003_ZN004_ZN004_ZN003_ZN003_ZN006_ZN011_ZN012_ZN008_ZN009
alleva-2021	L15v:0167	ZN001_ZN002_ZN003_ZN004_ZN004_ZN003_ZN003_ZN006_ZN011_ZN008_ZN008_ZN009
alleva-2021	L15v:0169	ZN001_ZN002_ZN003_ZN004_ZN004_ZN003_ZN003_ZN006_ZN011_ZN008_ZN012_ZN009
alleva-2021	L15v:0170	ZN001_ZN002_ZN003_ZN004_ZN004_ZN003_ZN003_ZN006_ZN011_ZN008_ZN012_zn017
alleva-2021	L15v:0171	ZN001_ZN002_ZN003_ZN004_ZN004_ZN003_ZN004_ZN004_ZN003_ZN003_ZN006_ZN011_ZN008_ZN012_ZN008_ZN009
alleva-2021	L15v:0172	ZN001_ZN002_ZN003_ZN004_ZN004_ZN003_zn002_ZN004_ZN003_ZN003_ZN006_ZN011_ZN008_ZN012_ZN008_ZN009
alleva-2021	L15v:0183	ZN001_ZN002_ZN003_ZN004_ZN004_ZN003_ZN003_ZN006_ZN011_ZN008_ZN004_ZN003_ZN003_ZN006_ZN011_ZN008_ZN012_ZN008_ZN009
alleva-2021	L15v:0185	ZN001_ZN002_ZN003_ZN004_ZN004_ZN003_ZN003_ZN006_ZN011_ZN008_ZN012_ZN008_ZN003_ZN006_ZN011_ZN008_ZN012_ZN008_ZN009
alleva-2021	L15v:0186	ZN001_ZN002_ZN003_ZN004_ZN004_ZN003_ZN003_ZN006_ZN011_ZN008_ZN004_ZN004_ZN003_ZN003_ZN006_ZN011_ZN008_ZN012_ZN008_ZN009
alleva-2021	L16	ZN001_ZN002_ZN003_ZN004_ZN018_ZN003_ZN006_ZN011_ZN008_ZN012_ZN008_ZN009_ZN010
alleva-2021	L16v:0244	ZN001_ZN002_ZN003_ZN004_ZN018_ZN003_ZN006_ZN011_ZN011_zn030_ZN011_ZN008_ZN012_ZN008_ZN009_ZN010
alleva-2021	L16v:0245	ZN001_ZN002_ZN003_ZN004_ZN004_ZN003_ZN018_ZN003_ZN006_ZN011_ZN008_ZN012_ZN008_ZN009_ZN010
alleva-2021	L16v:0247	ZN001_ZN002_ZN003_ZN004_ZN018_ZN003_ZN006_zn007_zn011_ZN008_ZN008_ZN012_ZN008_ZN009_ZN010
alleva-2021	L16v:0249	ZN001_ZN002_ZN003_ZN004_ZN018_ZN003_ZN006_zn007_ZN008_ZN012_ZN008_ZN012_ZN008_ZN009_ZN010
alleva-2021	L16v:0256	ZN001_ZN002_ZN003_ZN004_ZN018_ZN012_ZN003_ZN004_ZN018_ZN003_ZN006_ZN011_ZN008_ZN012_ZN008_ZN009_ZN010
alleva-2021	L16v:0373	ZN001_ZN002_ZN003_ZN004_ZN018_ZN003_ZN006_ZN011_ZN003_ZN003_ZN006_ZN011_ZN008_ZN012_ZN008_ZN009_ZN010
alleva-2021	L16v:0381	ZN001_ZN002_ZN003_ZN004_ZN018_ZN003_ZN003_ZN003_ZN006_ZN011_ZN008_ZN012_ZN008_ZN009_ZN010
alleva-2021	L16v:0383	ZN001_ZN002_ZN003_ZN004_ZN018_ZN003_ZN006_ZN011_ZN008_ZN008_ZN008_ZN012_ZN008_ZN009_ZN010
alleva-2021	L16v:0387	ZN001_ZN002_ZN003_ZN004_ZN018_ZN003_ZN006_ZN011_ZN008_ZN012_ZN008_ZN018_ZN018_ZN004_ZN018_ZN003_ZN006_ZN011_ZN008_ZN012_ZN008_ZN009_ZN010
alleva-2021	L16v:0388	ZN001_ZN002_ZN003_ZN004_ZN004_ZN018_ZN004_ZN018_ZN003_ZN006_ZN011_ZN008_ZN012_ZN008_ZN009_ZN010
alleva-2021	L16v:0389	ZN001_ZN002_ZN003_ZN004_ZN018_ZN003_ZN006_ZN011_ZN008_zn039_ZN011_ZN008_ZN012_ZN008_ZN009_ZN010
alleva-2021	L16v:0251	ZN001_ZN002_ZN003_ZN004_ZN018_ZN003_ZN006_ZN011_ZN008_ZN012_ZN008_ZN009_ZN008_ZN009_ZN010
alleva-2021	L16v:0379	ZN001_ZN002_ZN003_ZN004_ZN003_ZN004_ZN018_ZN003_ZN006_ZN011_ZN008_ZN012_ZN008_ZN009_ZN010
alleva-2021	L16v:0390	ZN001_ZN002_ZN003_ZN004_ZN018_ZN003_ZN006_ZN011_ZN008_ZN012_ZN008_ZN008_ZN012_ZN008_ZN009_ZN010
alleva-2021	L17	ZN001_ZN002_ZN003_ZN004_ZN004_ZN011_ZN003_ZN003_ZN006_ZN011_ZN008_ZN012_ZN008_ZN009_ZN010
alleva-2021	L18	ZN001_ZN002_ZN004_ZN004_ZN019_ZN003_ZN006_ZN011_ZN008_ZN012_ZN015_ZN009_ZN010
alleva-2021	L19	ZN001_ZN002_ZN003_ZN004_ZN004_ZN003_ZN003_ZN006_ZN011_ZN008_ZN012_ZN008_ZN017_ZN009_ZN010
alleva-2021	L2	ZN001_ZN002_ZN003_ZN004_ZN004_ZN003_ZN006_ZN007_ZN008_ZN006_ZN009_ZN010
alleva-2021	L20	ZN001_ZN002_ZN003_ZN004_ZN004_ZN005_ZN003_ZN006_ZN007_ZN011_ZN006_ZN017_ZN010
alleva-2021	L20v:0056	ZN001_ZN002_ZN003_ZN004_ZN004_ZN005_ZN005_ZN005_ZN003_ZN006_ZN007_ZN011_ZN006_ZN017_ZN010
alleva-2021	L20v:0057	ZN001_ZN002_ZN003_ZN004_ZN004_ZN005_ZN003_ZN006_ZN007_zn007_ZN006_ZN007_ZN011_ZN006_ZN017_ZN010
alleva-2021	L20v:0060	ZN001_ZN002_ZN003_ZN004_ZN004_ZN005_ZN003_ZN006_ZN007_ZN011_ZN006_ZN007_ZN011_ZN017_ZN010
alleva-2021	L20v:0062	ZN001_ZN002_ZN003_ZN004_ZN004_ZN005_ZN003_ZN006_ZN007_ZN011_ZN006_ZN006_ZN006_ZN017_ZN010
alleva-2021	L20v:0066	ZN001_ZN002_ZN003_ZN004_ZN004_ZN005_ZN003_ZN006_ZN007_ZN005_ZN003_ZN006_ZN007_ZN006_ZN007_ZN011_ZN006_ZN017_ZN010
alleva-2021	L20v:0058	ZN001_ZN002_ZN003_ZN004_ZN004_ZN005_ZN003_ZN006_ZN003_ZN006_ZN007_ZN011_ZN006_ZN017_ZN010
alleva-2021	L20v:0059	ZN001_ZN002_ZN003_ZN004_ZN004_ZN005_ZN003_ZN006_ZN007_ZN011_ZN006_ZN017_ZN011_ZN006_ZN017_ZN010
alleva-2021	L21	ZN001_ZN002_ZN003_ZN004_ZN004_ZN005_ZN005_ZN003_ZN006_ZN007_ZN008_ZN006_ZN009_ZN010
alleva-2021	L22	ZN001_ZN002_ZN003_ZN004_ZN004_ZN005_ZN003_ZN006_ZN007_ZN008_ZN008_ZN006_ZN009_ZN010
alleva-2021	L23	ZN001_ZN002_ZN003_ZN004_ZN004_ZN005_ZN003_ZN006_ZN006_ZN008_ZN006_ZN017_ZN010
alleva-2021	L24	ZN001_ZN002_ZN003_ZN004_ZN004_ZN005_ZN003_ZN006_ZN020_ZN016_ZN006_ZN017_ZN010
alleva-2021	L24v:0106	ZN001_ZN002_ZN003_ZN004_ZN005_ZN004_ZN004_ZN005_ZN003_ZN006_ZN020_ZN016_ZN006_ZN017_ZN010
alleva-2021	L24v:0108	ZN001_ZN002_ZN003_ZN004_ZN004_zn006_ZN003_ZN005_ZN003_ZN006_ZN020_ZN016_ZN006_ZN017_ZN010
alleva-2021	L24v:0111	ZN001_ZN002_ZN003_ZN004_ZN018_ZN018_ZN018_ZN004_ZN004_ZN005_ZN003_ZN006_ZN020_ZN016_ZN006_ZN017_ZN010
alleva-2021	L24v:0118	ZN001_ZN002_ZN003_ZN004_ZN004_ZN005_ZN003_ZN003_ZN004_ZN005_ZN003_ZN003_ZN006_ZN020_ZN016_ZN006_ZN017_ZN010
alleva-2021	L24v:0104	ZN001_ZN002_ZN003_ZN004_ZN004_ZN005_ZN003_ZN006_ZN020_ZN016_ZN006_ZN020_ZN016_ZN006_ZN017_ZN010
alleva-2021	L24v:0110	ZN001_ZN002_ZN003_ZN004_ZN004_ZN005_ZN003_ZN006_ZN020_ZN016_ZN020_ZN016_ZN006_ZN017_ZN010
alleva-2021	L24v:0112	ZN001_ZN002_ZN003_ZN004_ZN004_ZN005_ZN003_ZN006_ZN020_ZN016_ZN006_ZN017_ZN006_ZN017_ZN010
alleva-2021	L24v:0113	ZN001_ZN002_ZN003_ZN004_ZN004_ZN005_ZN003_ZN004_ZN004_ZN005_ZN003_ZN006_ZN020_ZN016_ZN006_ZN017_ZN010
alleva-2021	L24v:0115	ZN001_ZN002_ZN003_ZN004_ZN004_ZN005_ZN003_ZN006_ZN020_ZN016_ZN006_ZN017_ZN020_ZN016_ZN006_ZN017_ZN010
alleva-2021	L27	ZN001_ZN002_ZN003_ZN004_ZN004_ZN022_ZN003_ZN006_ZN007_ZN008_ZN006_ZN009_ZN010
alleva-2021	L27v:0067	ZN001_ZN002_ZN003_ZN004_ZN004_ZN022_ZN003_ZN006_ZN003_ZN006_ZN003_ZN006_ZN007_ZN008_ZN006_ZN009_ZN010
alleva-2021	L27v:0070	ZN001_ZN002_ZN003_ZN004_ZN004_ZN004_ZN022_ZN018_ZN004_ZN004_ZN022_ZN003_ZN006_ZN007_ZN008_ZN006_ZN009_ZN010
alleva-2021	L27v:0074	ZN001_ZN002_ZN003_ZN004_ZN004_ZN022_ZN003_ZN006_ZN007_ZN008_zn011_zn011_ZN008_zn011_zn011_ZN008_ZN006_ZN009_ZN010
alleva-2021	L27v:0078	ZN001_ZN002_ZN003_ZN003_ZN002_ZN003_ZN004_ZN004_ZN022_ZN003_ZN006_ZN007_ZN008_ZN006_ZN009_ZN010
alleva-2021	L27v:0079	ZN001_ZN002_ZN003_ZN004_ZN004_zn006_ZN003_ZN004_ZN022_ZN003_ZN006_ZN007_ZN008_ZN006_ZN009_ZN010
alleva-2021	L27v:0072	ZN001_ZN002_ZN003_ZN004_ZN004_ZN022_ZN003_ZN006_ZN007_ZN008_ZN004_ZN022_ZN003_ZN006_ZN007_ZN008_ZN006_ZN009_ZN010
alleva-2021	L27v:0077	ZN001_ZN002_ZN003_ZN004_ZN004_ZN022_ZN003_ZN006_ZN007_ZN008_ZN003_ZN004_ZN004_ZN022_ZN003_ZN006_ZN007_ZN008_ZN006_ZN009_ZN010
alleva-2021	L27v:0080	ZN001_ZN002_ZN003_ZN004_ZN004_ZN022_ZN004_ZN004_ZN022_ZN003_ZN006_ZN007_ZN008_ZN006_ZN009_ZN010
alleva-2021	L3	ZN001_ZN002_ZN003_ZN004_ZN005_ZN003_ZN006_ZN007_ZN008_ZN006_ZN009_ZN010
alleva-2021	L4	ZN001_ZN002_ZN003_ZN004_ZN004_ZN003_ZN003_ZN003_ZN004_ZN004_ZN003_ZN006_ZN011_ZN008_ZN012_ZN008_ZN009_ZN010
alleva-2021	L5	ZN001_ZN002_ZN003_ZN004_ZN004_ZN005_ZN003_ZN006_ZN009_ZN010
alleva-2021	L6	ZN001_ZN002_ZN003_ZN004_ZN004_ZN003_ZN003_ZN003_ZN006_ZN011_ZN008_ZN012_ZN015_ZN009_ZN010
alleva-2021	L7	ZN001_ZN002_ZN003_ZN004_ZN004_ZN003_ZN003_ZN006_ZN007_ZN008_ZN006_ZN010
alleva-2021	L8	ZN001_ZN002_ZN003_ZN004_ZN004_ZN005_ZN003_ZN003_ZN006_ZN011_ZN008_ZN012_ZN008_ZN009_ZN010
alleva-2021	L9	ZN001_ZN002_ZN003_ZN004_ZN004_ZN005_ZN003_ZN006_ZN007_ZN016_ZN006_ZN017_ZN010
alleva-2021	M1	ZN001_ZN002_ZN003_ZN027_ZN004_ZN003_ZN003_ZN006_ZN007_ZN008_ZN006_ZN009_ZN010
alleva-2021	M10	ZN001_ZN002_ZN003_ZN004_ZN004_ZN005_ZN003_ZN006_ZN007_ZN008_ZN006_ZN017_ZN010
alleva-2021	M11	ZN001_ZN002_ZN003_ZN004_ZN004_ZN005_ZN003_ZN006_ZN007_ZN011_ZN017_ZN010
alleva-2021	M12	ZN001_ZN002_ZN003_ZN004_ZN004_ZN003_ZN003_ZN003_ZN004_ZN004_ZN003_ZN006_ZN011_ZN008_ZN012_zn041_ZN008_ZN009_ZN010
alleva-2021	M13	ZN001_ZN002_zn002_ZN004_ZN004_ZN003_ZN003_ZN003_ZN006_ZN011_ZN008_ZN012_ZN015_ZN009_ZN010
alleva-2021	M14	ZN001_ZN002_ZN003_ZN004_ZN004_ZN003_ZN003_ZN003_ZN006_ZN011_ZN008_ZN031_ZN008_ZN009_ZN010
alleva-2021	M15	ZN001_ZN002_ZN003_ZN004_ZN004_zn002_ZN004_ZN004_zn002_zn002_ZN003_ZN006_ZN007_ZN008_ZN006_ZN009_ZN010
alleva-2021	M16	ZN001_ZN002_ZN032_ZN004_ZN004_ZN005_ZN003_ZN006_ZN007_ZN008_ZN008_ZN006_ZN009_ZN010
alleva-2021	M17	ZN001_ZN002_ZN003_ZN004_ZN004_ZN004_ZN003_ZN003_ZN006_ZN007_ZN008_ZN006_ZN010
alleva-2021	M18	ZN001_ZN002_ZN003_ZN004_ZN004_ZN003_ZN003_ZN006_ZN011_ZN008_ZN012_zn007_ZN009_ZN010
alleva-2021	M19	ZN001_ZN002_ZN003_ZN004_ZN004_ZN005_ZN003_ZN023_ZN007_ZN008_ZN006_ZN009_ZN010
alleva-2021	M2	ZN001_ZN002_ZN003_ZN018_ZN004_ZN005_ZN003_ZN006_ZN007_ZN008_ZN006_ZN009_ZN010
alleva-2021	M20	ZN001_ZN002_ZN003_ZN003_ZN003_ZN006_ZN007_ZN008_ZN006_ZN009_ZN010
alleva-2021	M21	ZN001_ZN002_ZN003_ZN004_ZN004_ZN005_ZN003_ZN004_ZN005_ZN003_ZN006_ZN007_ZN008_ZN008_ZN006_ZN009_ZN010
alleva-2021	M22	ZN001_ZN002_ZN003_ZN027_ZN033_ZN003_ZN003_ZN006_ZN007_ZN008_ZN006_ZN009_ZN010
alleva-2021	M23	ZN001_ZN002_ZN003_ZN004_ZN004_ZN034_ZN003_ZN006_ZN007_ZN008_ZN006_ZN009_ZN010
alleva-2021	M24	ZN001_ZN002_ZN003_ZN004_ZN004_ZN005_ZN003_ZN006_ZN007_ZN008_ZN006_ZN009_ZN035
alleva-2021	M25	ZN001_ZN002_ZN003_ZN004_ZN004_ZN003_ZN003_ZN006_zn007_ZN008_ZN008_ZN009_ZN010
alleva-2021	M26	ZN001_ZN002_ZN003_ZN036_ZN004_ZN005_ZN003_ZN006_ZN007_ZN008_ZN006_ZN009_ZN010
alleva-2021	M27	ZN001_ZN002_ZN003_ZN004_ZN004_ZN005_ZN037_ZN006_ZN007_ZN008_ZN006_ZN009_ZN010
alleva-2021	M28	ZN001_ZN002_ZN003_ZN004_ZN004_ZN005_ZN003_ZN006_ZN011_ZN008_ZN012_ZN015_ZN009_ZN010
alleva-2021	M29	ZN001_ZN002_ZN003_ZN004_ZN004_ZN003_ZN003_ZN006_zn007_ZN008_ZN012_ZN008_ZN009_ZN010
alleva-2021	M3	ZN001_ZN002_ZN003_ZN004_ZN005_ZN003_ZN006_ZN007_ZN008_zn004_ZN010
alleva-2021	M30	ZN001_ZN038_ZN003_ZN004_ZN004_ZN005_ZN003_ZN006_ZN007_ZN011_ZN006_ZN017_ZN010
alleva-2021	M31	ZN001_ZN002_ZN003_ZN004_ZN004_ZN003_ZN003_ZN006_ZN007_ZN008_ZN006_zn022_ZN009_ZN010
alleva-2021	M32	ZN001_ZN002_ZN003_zn002_ZN004_ZN005_ZN003_ZN006_ZN007_ZN008_ZN006_ZN009_ZN010
alleva-2021	M4	ZN001_ZN002_ZN003_ZN004_ZN004_ZN005_ZN003_ZN006_ZN021_ZN008_ZN006_ZN009_ZN010
alleva-2021	M5	ZN001_ZN002_ZN003_ZN024_ZN004_ZN005_ZN003_ZN006_ZN007_ZN008_ZN006_ZN009_ZN010
alleva-2021	M6	ZN001_ZN002_ZN003_ZN004_ZN004_ZN028_ZN003_ZN006_ZN007_ZN008_ZN006_ZN009_ZN010
alleva-2021	M7	ZN001_ZN002_ZN003_ZN004_zn002_ZN003_ZN003_ZN006_ZN007_ZN008_ZN006_ZN009_ZN010
alleva-2021	M8	ZN001_ZN002_ZN003_ZN004_ZN004_ZN003_ZN003_ZN006_ZN007_ZN029_ZN006_ZN009_ZN010
alleva-2021	M9	ZN001_ZN002_ZN003_ZN004_ZN004_ZN005_ZN003_ZN006_ZN007_ZN008_ZN006_ZN030_ZN010
alleva-2021	Rv:0063	ZN001_ZN002_ZN003_ZN004_ZN004_ZN005_ZN003_ZN006_ZN007_ZN008_zn008_ZN017_ZN007_ZN011_ZN006_ZN009_ZN010
alleva-2021	Rv:0064	ZN001_ZN002_ZN003_ZN004_ZN004_ZN005_ZN003_ZN006_ZN007_ZN008_ZN006_ZN011_ZN006_ZN009_ZN010
alleva-2021	Rv:0073	ZN001_ZN002_ZN003_ZN004_ZN004_ZN022_ZN005_ZN005_ZN003_ZN006_ZN007_ZN008_ZN006_ZN009_ZN010
alleva-2021	Rv:0075	ZN001_ZN002_ZN003_ZN004_ZN004_ZN005_zn010_ZN022_ZN003_ZN006_ZN007_ZN008_ZN006_ZN009_ZN010
alleva-2021	Rv:0076	ZN001_ZN002_ZN003_ZN004_ZN022_zn002_ZN004_ZN005_ZN003_zn002_ZN004_ZN022_ZN003_ZN006_ZN007_ZN008_ZN006_ZN009_ZN010
alleva-2021	Rv:0090	ZN001_ZN002_ZN003_ZN004_ZN004_ZN003_ZN003_ZN003_ZN003_ZN004_ZN014_ZN003_ZN006_ZN007_ZN008_ZN006_ZN009_ZN010
alleva-2021	Rv:0098	ZN001_ZN002_ZN003_ZN004_ZN004_ZN003_ZN006_ZN007_zn011_ZN004_ZN004_ZN003_ZN005_ZN003_ZN006_ZN007_ZN008_ZN006_ZN009_ZN010
alleva-2021	Rv:0105	ZN001_ZN002_ZN003_ZN004_ZN004_ZN005_ZN003_ZN006_ZN020_ZN016_ZN006_ZN017_ZN008_ZN006_ZN017_ZN010
alleva-2021	Rv:0114	ZN001_ZN002_ZN003_ZN004_ZN004_ZN005_ZN003_ZN006_ZN007_zn013_ZN007_ZN008_ZN006_ZN009_ZN010
alleva-2021	Rv:0116	ZN001_ZN002_ZN003_ZN004_ZN004_ZN005_ZN003_ZN006_ZN007_ZN016_zn013_ZN008_ZN006_ZN009_ZN010
alleva-2021	Rv:0120	ZN001_ZN002_ZN003_ZN004_ZN004_ZN005_ZN003_ZN006_ZN007_zn015_ZN007_ZN007_ZN006_ZN007_zn011_ZN006_ZN020_ZN016_ZN006_ZN009_ZN010
alleva-2021	Rv:0121	ZN001_ZN002_ZN003_ZN004_ZN004_ZN005_ZN005_ZN005_ZN003_ZN006_ZN007_ZN005_ZN004_ZN005_ZN005_ZN003_ZN006_ZN020_ZN016_ZN006_ZN017_ZN010
alleva-2021	Rv:0140	ZN001_ZN002_ZN003_ZN004_ZN004_ZN004_ZN003_ZN003_ZN006_ZN007_ZN008_ZN006_ZN009_ZN010
alleva-2021	Rv:0142	ZN001_ZN002_ZN003_ZN004_ZN004_ZN003_ZN003_ZN007_ZN006_ZN011_ZN008_ZN012_ZN008_ZN009
alleva-2021	Rv:0144	ZN001_ZN002_ZN003_ZN004_ZN004_ZN003_ZN003_ZN006_ZN007_ZN011_ZN008_ZN012_ZN008_ZN009
alleva-2021	Rv:0146	ZN001_ZN002_ZN003_ZN004_ZN004_ZN005_ZN003_ZN006_ZN007_ZN008_ZN006_ZN009_zn023_ZN010
alleva-2021	Rv:0147	ZN001_ZN002_ZN003_ZN004_ZN004_ZN003_ZN003_ZN006_ZN011_ZN008_ZN012_ZN008_zn024_ZN009
alleva-2021	Rv:0164	ZN001_ZN002_ZN003_ZN004_ZN004_ZN005_ZN003_ZN018_ZN003_ZN006_ZN011_ZN008_ZN012_ZN008_ZN009
alleva-2021	Rv:0176	ZN001_ZN002_ZN003_ZN004_ZN004_ZN003_ZN003_ZN006_ZN011_ZN008_ZN006_ZN007_ZN008_ZN012_ZN008_ZN009
alleva-2021	Rv:0188	ZN001_ZN002_ZN003_ZN004_zn026_ZN003_ZN004_zn010_zn026_ZN003_ZN004_ZN004_ZN003_ZN003_ZN006_ZN011_ZN008_ZN012_ZN008_ZN009
alleva-2021	Rv:0248	ZN001_ZN002_ZN003_ZN004_ZN004_ZN005_ZN003_ZN006_ZN011_ZN003_ZN006_ZN007_ZN008_ZN006_ZN009_ZN010
alleva-2021	Rv:0250	ZN001_ZN002_ZN003_ZN004_ZN018_ZN003_ZN006_ZN011_ZN008_ZN003_ZN006_ZN011_ZN008_ZN006_ZN009_ZN010
alleva-2021	Rv:0255	ZN001_ZN002_ZN003_ZN004_ZN004_ZN005_ZN003_ZN006_ZN007_ZN012_ZN008_ZN008_ZN006_ZN009_ZN010
alleva-2021	Rv:0258	ZN001_ZN002_ZN003_ZN004_ZN004_ZN005_ZN003_ZN005_ZN003_ZN003_ZN006_ZN011_ZN008_ZN012_ZN008_ZN009_ZN010
alleva-2021	Rv:0266	ZN001_ZN002_ZN003_ZN004_ZN004_ZN003_ZN003_ZN003_ZN006_ZN007_ZN008_ZN006_ZN011_ZN008_ZN008_ZN017_ZN010
alleva-2021	Rv:0273	ZN001_ZN002_ZN003_ZN004_ZN004_ZN003_ZN003_ZN003_ZN006_ZN007_ZN008_ZN007_ZN008_ZN007_ZN007_ZN008_ZN012_ZN008_ZN009_ZN010
alleva-2021	Rv:0327	ZN001_ZN002_ZN003_ZN004_ZN004_ZN003_ZN003_ZN006_ZN011_ZN008_ZN012_ZN015_ZN012_ZN008_ZN012_ZN008_ZN009_ZN010
alleva-2021	Rv:0343	ZN001_ZN002_ZN003_ZN004_ZN004_ZN003_ZN003_ZN006_zn019_ZN006_ZN006_ZN011_ZN008_ZN012_ZN015_ZN009_ZN010
alleva-2021	Rv:0345	ZN001_ZN002_ZN003_ZN004_ZN004_ZN003_ZN003_ZN006_ZN011_ZN008_ZN011_ZN011_ZN007_ZN012_ZN015_ZN009_ZN010
alleva-2021	Rv:0347	ZN001_ZN002_ZN003_ZN004_ZN004_ZN005_ZN003_ZN006_ZN007_ZN008_ZN006_ZN015_ZN011_ZN012_ZN015_ZN009_ZN010
alleva-2021	Rv:0349	ZN001_ZN002_ZN003_ZN004_ZN004_ZN005_ZN003_ZN006_ZN007_ZN008_ZN006_zn037_ZN017_ZN017_ZN015_ZN009_ZN010
alleva-2021	Rv:0356	ZN001_ZN002_ZN003_ZN004_ZN004_ZN003_ZN003_ZN006_ZN007_ZN011_ZN008_ZN012_ZN015_ZN009_ZN010
alleva-2021	Rv:0368	ZN001_ZN002_ZN003_ZN004_ZN004_ZN003_ZN003_ZN006_ZN007_ZN008_ZN011_ZN008_ZN012_ZN015_ZN009_ZN010
alleva-2021	Rv:0369	ZN001_ZN002_ZN003_ZN004_ZN004_ZN005_ZN003_ZN006_ZN011_ZN006_ZN006_ZN007_ZN008_ZN006_ZN009_ZN010
alleva-2021	Rv:0376	ZN001_ZN002_ZN003_ZN004_ZN018_ZN003_ZN006_ZN011_ZN008_ZN012_ZN015_zn040_ZN012_zn041_ZN008_ZN009_ZN010
alleva-2021	Rv:0380	ZN001_ZN002_ZN003_ZN004_ZN004_ZN003_ZN003_ZN018_ZN004_ZN018_ZN003_ZN006_ZN011_ZN008_ZN012_ZN008_ZN009_ZN010
alleva-2021	Rv:0382	ZN001_ZN002_ZN003_ZN004_ZN004_ZN003_ZN003_ZN006_ZN011_ZN008_ZN012_ZN015_ZN017_ZN008_ZN017_ZN008_ZN009_ZN010
alleva-2021	Rv:0403	ZN001_ZN002_ZN003_ZN004_ZN004_ZN005_ZN003_ZN006_ZN007_ZN008_ZN008_ZN012_ZN006_ZN009_ZN010
alleva-2021	Rv:0411	ZN001_ZN002_ZN003_ZN004_ZN004_ZN003_ZN003_ZN006_ZN011_ZN008_ZN003_ZN006_ZN011_ZN008_ZN008_zn019_ZN012_ZN008_ZN009_ZN010
alleva-2021	Rv:0427	ZN001_ZN002_ZN003_ZN004_ZN004_ZN005_ZN003_ZN006_ZN011_zn007_ZN008_ZN006_ZN007_ZN008_ZN006_ZN009_ZN010
alleva-2021	Rv:0429	ZN001_ZN002_ZN003_ZN004_ZN004_ZN005_ZN003_ZN006_ZN007_ZN008_ZN007_ZN011_ZN007_ZN008_ZN006_ZN009_ZN010
alleva-2021	Rv:0456	ZN001_ZN002_ZN003_ZN004_ZN004_ZN005_ZN003_ZN006_zn019_ZN011_ZN007_ZN008_ZN006_ZN009_ZN010
alleva-2021	Rv:0459	ZN001_ZN002_ZN003_ZN004_ZN004_ZN005_ZN003_ZN006_ZN007_ZN007_ZN007_ZN017_ZN003_ZN006_ZN011_ZN007_ZN008_ZN006_ZN009_ZN010
alleva-2021	Rv:0461	ZN001_ZN002_ZN003_ZN004_ZN004_ZN005_ZN003_ZN006_ZN007_ZN008_ZN006_ZN017_ZN006_ZN003_ZN011_ZN007_ZN008_ZN006_ZN009_ZN010
alleva-2021	Rv:0469	ZN001_ZN002_ZN003_ZN004_ZN004_ZN005_ZN003_ZN006_ZN007_ZN008_zn002_ZN004_ZN005_ZN003_ZN006_ZN011_ZN007_ZN008_ZN006_ZN009_ZN010
alleva-2021	Rv:0473	ZN001_ZN002_ZN003_ZN004_ZN004_ZN005_ZN003_ZN006_ZN007_ZN003_ZN004_ZN004_ZN004_ZN005_ZN003_ZN006_ZN011_ZN007_ZN008_ZN006_ZN009_ZN010
alleva-2021	Rv:0474	ZN001_ZN002_ZN003_ZN004_ZN004_ZN005_ZN003_ZN006_ZN007_ZN008_zn028_ZN004_ZN004_ZN005_ZN003_ZN006_ZN011_ZN007_ZN008_ZN006_ZN009_ZN010
alleva-2021	Rv:0482	ZN001_ZN002_ZN003_ZN004_ZN004_ZN005_ZN003_ZN006_ZN011_ZN007_ZN008_ZN006_ZN009_ZN007_ZN006_ZN007_ZN008_ZN006_ZN007_ZN008_ZN006_ZN009_ZN010
alleva-2021	Rv:0490	ZN001_ZN002_ZN003_ZN004_zn030_ZN006_ZN007_ZN008_ZN006_ZN009_ZN010
alleva-2021	Rv:0494	ZN001_ZN002_ZN003_ZN004_ZN004_ZN005_ZN003_ZN006_ZN007_ZN011_ZN006_ZN011_ZN007_ZN008_ZN006_ZN009_ZN010
alleva-2021	Rv:0503	ZN001_ZN002_ZN003_ZN004_ZN004_ZN005_ZN003_ZN006_ZN007_ZN011_ZN005_ZN003_ZN006_ZN007_ZN008_ZN006_ZN009_ZN010
alleva-2021	Rv:0504	ZN001_ZN002_ZN003_ZN004_ZN004_ZN005_ZN003_ZN006_ZN007_ZN008_zn011_zn028_ZN011_ZN007_ZN008_ZN006_ZN009_ZN010
alleva-2021	Rv:0515	ZN001_ZN002_ZN003_ZN004_ZN004_ZN005_ZN003_ZN006_ZN007_zn007_ZN006_ZN009_ZN006_ZN017_zn004_ZN011_ZN017_ZN009_ZN010
alleva-2021	Rv:0519	ZN001_ZN002_ZN003_ZN004_ZN004_ZN005_ZN003_ZN006_ZN007_ZN008_ZN007_ZN008_ZN007_ZN007_ZN011_ZN007_ZN008_ZN006_ZN009_ZN010
alleva-2021	Rv:0061	ZN001_ZN002_ZN003_ZN004_ZN004_ZN005_ZN003_ZN006_ZN007_ZN008_ZN006_ZN007_ZN011_ZN006_ZN017_ZN010
alleva-2021	Rv:0068	ZN001_ZN002_ZN003_ZN004_ZN004_ZN022_ZN003_ZN004_ZN004_ZN005_ZN003_ZN006_ZN007_ZN008_ZN006_ZN009_ZN010
alleva-2021	Rv:0093	ZN001_ZN002_ZN003_ZN004_ZN004_ZN003_zn002_ZN005_ZN003_ZN006_ZN007_ZN008_ZN006_ZN009_ZN010
alleva-2021	Rv:0148	ZN001_ZN002_ZN003_ZN004_ZN004_ZN005_ZN003_ZN003_ZN006_ZN011_ZN008_ZN012_ZN008_ZN009
alleva-2021	Rv:0149	ZN001_ZN002_ZN003_ZN004_ZN004_ZN003_ZN005_ZN003_ZN006_ZN007_ZN008_ZN006_ZN009_ZN010
alleva-2021	Rv:0150	ZN001_ZN002_ZN003_ZN004_ZN004_ZN003_ZN003_ZN003_ZN006_ZN007_ZN008_ZN006_ZN009_ZN010
alleva-2021	Rv:0166	ZN001_ZN002_ZN003_ZN004_ZN004_ZN003_ZN004_ZN005_ZN003_ZN006_ZN007_ZN008_ZN006_ZN009_ZN010
alleva-2021	Rv:0181	ZN001_ZN002_ZN003_ZN004_ZN004_ZN003_ZN003_ZN004_ZN004_ZN005_ZN003_ZN006_ZN007_ZN008_ZN006_ZN009_ZN010
alleva-2021	Rv:0246	ZN001_ZN002_ZN003_ZN004_ZN004_ZN005_ZN004_ZN018_ZN003_ZN006_ZN011_ZN008_ZN012_ZN008_ZN009_ZN010
alleva-2021	Rv:0253	ZN001_ZN002_ZN003_ZN004_ZN018_ZN004_ZN004_ZN005_ZN003_ZN006_ZN007_ZN008_ZN006_ZN009_ZN010
alleva-2021	Rv:0257	ZN001_ZN002_ZN003_ZN004_ZN004_ZN005_ZN003_ZN006_ZN007_ZN008_ZN006_ZN017_ZN008_ZN009_ZN010
alleva-2021	Rv:0259	ZN001_ZN002_ZN003_ZN004_ZN018_ZN003_ZN006_ZN004_ZN004_ZN005_ZN003_ZN006_ZN007_ZN008_ZN006_ZN009_ZN010
alleva-2021	Rv:0270	ZN001_ZN002_ZN003_ZN004_ZN004_ZN003_ZN003_ZN003_ZN006_ZN007_ZN008_ZN012_ZN008_ZN009_ZN010
alleva-2021	Rv:0272	ZN001_ZN002_ZN003_ZN004_ZN004_ZN003_ZN003_ZN006_ZN011_ZN008_ZN012_ZN008_ZN017_ZN006_ZN010
alleva-2021	Rv:0350	ZN001_ZN002_ZN003_ZN004_ZN004_ZN005_ZN003_ZN006_ZN007_ZN008_ZN006_ZN017_ZN008_ZN012_ZN015_ZN009_ZN010
alleva-2021	Rv:0355	ZN001_ZN002_ZN003_ZN004_ZN004_ZN003_ZN003_ZN006_ZN011_ZN008_ZN012_ZN008_ZN006_ZN007_ZN008_ZN006_ZN009_ZN010
alleva-2021	Rv:0375	ZN001_ZN002_ZN003_ZN004_ZN004_ZN003_ZN003_ZN004_ZN018_ZN003_ZN006_ZN011_ZN008_ZN012_ZN008_ZN009_ZN010
alleva-2021	Rv:0401	ZN001_ZN002_ZN003_ZN004_ZN004_ZN003_ZN003_ZN005_ZN003_ZN006_ZN007_ZN008_ZN006_ZN009_ZN010
alleva-2021	Rv:0405	ZN001_ZN002_ZN003_ZN004_ZN004_ZN003_ZN003_ZN006_ZN011_ZN008_ZN012_ZN008_ZN006_ZN009_ZN010
alleva-2021	Rv:0412	ZN001_ZN002_ZN003_ZN004_ZN004_ZN003_ZN003_ZN006_ZN005_ZN003_ZN006_ZN007_ZN008_ZN006_ZN009_ZN010
alleva-2021	Rv:0447	ZN001_ZN002_ZN003_ZN004_ZN004_ZN005_ZN003_ZN006_ZN011_ZN007_ZN008_ZN005_ZN003_ZN006_ZN007_ZN008_ZN006_ZN009_ZN010
alleva-2021	Rv:0449	ZN001_ZN002_ZN003_ZN004_ZN004_ZN005_ZN003_ZN006_ZN011_ZN007_ZN008_ZN006_ZN003_ZN006_ZN007_ZN008_ZN006_ZN009_ZN010
alleva-2021	Rv:0454	ZN001_ZN002_ZN003_ZN004_ZN004_ZN005_ZN003_ZN006_ZN017_ZN011_ZN007_ZN008_ZN006_ZN009_ZN010
alleva-2021	Rv:0457	ZN001_ZN002_ZN003_ZN004_ZN004_ZN005_ZN003_ZN006_ZN007_ZN004_ZN004_ZN005_ZN003_ZN006_ZN011_ZN007_ZN008_ZN006_ZN009_ZN010
alleva-2021	Rv:0458	ZN001_ZN002_ZN003_ZN004_ZN004_ZN005_ZN003_ZN006_ZN007_ZN011_ZN007_ZN008_ZN006_ZN009_ZN010
alleva-2021	Rv:0460	ZN001_ZN002_ZN003_ZN004_ZN004_ZN005_ZN003_ZN006_ZN011_ZN006_ZN007_ZN008_ZN006_ZN009_ZN010
alleva-2021	Rv:0480	ZN001_ZN002_ZN003_ZN004_ZN004_ZN005_ZN003_ZN006_ZN011_ZN007_ZN008_ZN002_ZN003_ZN004_ZN004_ZN005_ZN003_ZN006_ZN007_ZN008_ZN006_ZN009_ZN010
alleva-2021	Rv:0481	ZN001_ZN002_ZN003_ZN004_ZN004_ZN005_ZN003_ZN006_ZN011_ZN007_ZN006_ZN007_ZN008_ZN006_ZN009_ZN010
alleva-2021	Rv:0542	ZN001_ZN002_ZN003_ZN004_ZN004_ZN005_ZN003_ZN006_ZN007_ZN008_ZN011_ZN007_ZN008_ZN006_ZN009_ZN010
alleva-2021	Uv:0289	ZN001_ZN002_ZN003_ZN004_ZN004_ZN003_ZN003_ZN006_ZN011_ZN008_zn018_zn034
alleva-2021	Uv:0452	ZN001_ZN002_ZN003_ZN004_ZN004_ZN005_ZN003_ZN006_zn007_zn007_ZN007_ZN008_ZN006_ZN009_ZN010
alleva-2021	Uv:0488	ZN001_ZN002_ZN003_ZN004_ZN004_ZN005_ZN003_ZN006_ZN008_ZN009_ZN010
alleva-2021	Uv:0292	ZN001_ZN002_ZN003_ZN004_ZN004_ZN003_ZN003_ZN006_ZN011_ZN008_ZN012_ZN010
alleva-2021	baudat_F	ZN001_ZN002_ZN003_ZN004_ZN004_ZN005_ZN003_ZN003_ZN006_ZN013_ZN010
alleva-2021	baudat_H	ZN001_ZN002_ZN003_ZN004_ZN014_ZN003_ZN006_ZN007_ZN007_ZN008_ZN006_ZN009_ZN010
alleva-2021	baudat_I	ZN001_ZN002_ZN003_ZN004_ZN004_ZN003_ZN003_ZN006_ZN011_ZN008_ZN012_ZN008_ZN008_ZN008_ZN009_ZN010
beyter-2021	chr5:23526974:DN.1	ZN001_ZN002_ZN003_ZN004_ZN008_ZN006_ZN009_ZN010
beyter-2021	chr5:23526974:DN.2	ZN001_ZN002_ZN003_ZN004_ZN007_ZN008_ZN006_ZN009_ZN010
beyter-2021	chr5:23526974:DN.4	ZN001_ZN002_ZN003_ZN004_ZN003_ZN003_ZN006_ZN007_ZN008_ZN006_ZN009_ZN010
beyter-2021	chr5:23526974:XN.5	ZN001_ZN002_ZN003_ZN004_ZN004_ZN003_ZN003_ZN006_ZN007_ZN008_ZN006_ZN009_ZN010
beyter-2021	chr5:23527530:FN.0	ZN001_ZN002_ZN003_ZN004_ZN004_ZN003_ZN003_ZN006_ZN007_ZN008_TGTGGGCGGGGCTTTAGCGGGCTTTAGCTACAGTCAGTCCTCCCTTAGTCACAGAGAGGACACACACAGGGAGAAGCCCTATGTCTGCAGGGAGGTGGGCGGGGCTTTTAGCTGGCAGTCAGTCCTCCCTCAGTCACCAGAGGACACACCGTCAGGGAGAAGCCTCATGTCTGCAGGAGGTGGGCGGGCTTTAGCTGGCAGTCAGTCCTCCTCACTCACCAGAGGACACACAGGGAGGAAGCCCTCATGTCTGGGCAGGAGTGGGCGGGGCTTTAGCAATAAGTCATACCTCCTCAGACACACCGTAGGACACACACAGGGAGGTCTCATGGCGTCTGCAGGGAGGTGCAATAAGTCACACCTCCTCAGACACCAGAGGACACACACAGGGGAGAAGCCCTATGTCTGCAGGGAGZN009_ZN010
beyter-2021	chr5:23527530:FN.1	ZN001_ZN002_ZN003_ZN004_ZN004_ZN003_ZN003_ZN006_ZN007_ZN008_TGTGGGCGGGGCTTTAGCCCTCCTCAGTCACCAGAGGACACACACAGGGGAGAAGCCCTATGTCTGCAGGGAGZN008_TGTGGGCGGGGCTTTAGCTGGCAGTCAGTAATAAGTCACACCTCCTCAGACACCAGAGGACACACACAGGGGAGAAGCCCTATGTCTGCAGGGAGZN009_ZN010
beyter-2021	chr5:23527530:FN.4	ZN001_ZN002_ZN003_ZN004_ZN004_ZN003_ZN003_ZN006_ZN007_ZN008_ZN012_TGTGGGCGGGGCTTTAGAATAAGTCACACCTCCTCAGACACCAGAGGACACACACAGGGGAGAAGCCCTATGTCTGCAGGGAGZN009_ZN010
