p001	z001_z002_z003_z004_z004_z005_z003_z006_z007_z008_z006_z009_z010
p002	z001_z002_z003_z004_z004_z003_z003_z006_z007_z008_z006_z009_z010
p003	z001_z002_z003_z004_z004_z003_z003_z006_z011_z008_z012_z008_z009_z010
p004	z001_z002_z003_z004_z004_z005_z003_z006_z011_z007_z008_z006_z009_z010
p005	z001_z002_z003_z004_z008_z006_z009_z010
p006	z001_z002_z003_z004_z007_z008_z006_z009_z010
p007	z001_z003_z004_z004_z005_z003_z006_z007_z008_z006_z009_z010
p008	z001_z002_z003_z004_z004_z005_z003_z006_z007_z008_z009_z010
p009	z001_z002_z003_z004_z004_z003_z003_z003_z006_z007_z008_z006_z010
p010	z001_z002_z003_z004_z004_z005_z003_z006_z007_z008_z017_z009_z010
p011	z001_z002_z003_z004_z004_z003_z003_z006_z011_z008_z012_z015_z009_z010
p012	z001_z002_z003_z004_z004_z003_z003_z006_z011_z008_z012_z008_z009
p013	z001_z002_z003_z004_z018_z003_z006_z011_z008_z012_z008_z009_z010
p014	z001_z002_z003_z004_z004_z011_z003_z003_z006_z011_z008_z012_z008_z009_z010
p015	z001_z002_z004_z004_z019_z003_z006_z011_z008_z012_z015_z009_z010
p016	z001_z002_z003_z004_z004_z003_z003_z006_z011_z008_z012_z008_z017_z009_z010
p017	z001_z002_z003_z004_z004_z003_z006_z007_z008_z006_z009_z010
p018	z001_z002_z003_z004_z004_z005_z003_z006_z007_z011_z006_z017_z010
p019	z001_z002_z003_z004_z004_z005_z005_z003_z006_z007_z008_z006_z009_z010
p020	z001_z002_z003_z004_z004_z005_z003_z006_z007_z008_z008_z006_z009_z010
p021	z001_z002_z003_z004_z004_z005_z003_z006_z006_z008_z006_z017_z010
p022	z001_z002_z003_z004_z004_z005_z003_z006_z020_z016_z006_z017_z010
p023	z001_z002_z003_z004_z005_z003_z006_z007_z008_z006_z009_z010
p024	z001_z002_z003_z004_z004_z003_z003_z003_z004_z004_z003_z006_z011_z008_z012_z008_z009_z010
p025	z001_z002_z003_z004_z004_z005_z003_z006_z009_z010
p026	z001_z002_z003_z004_z004_z003_z003_z003_z006_z011_z008_z012_z015_z009_z010
p027	z001_z002_z003_z004_z004_z003_z003_z006_z007_z008_z006_z010
p028	z001_z002_z003_z004_z004_z005_z003_z003_z006_z011_z008_z012_z008_z009_z010
p029	z001_z002_z003_z004_z004_z005_z003_z006_z007_z016_z006_z017_z010
p030	z001_z002_z003_z004_z004_z005_z003_z006_z021_z008_z006_z009_z010
p031	z001_z002_z003_z004_z004_z005_z003_z006_z007_z008_z006_z017_z010
p032	z001_z002_z003_z004_z004_z022_z003_z006_z007_z008_z006_z009_z010
p033	z001_z002_z003_z004_z004_z005_z003_z003_z006_z013_z010
p034	z001_z002_z003_z004_z007_z008_z006_z009_z007_z008_z006_z009_z010
p035	z001_z002_z003_z004_z005_z003_z004_z003_z003_z006_z007_z008_z006_z009_z010
p036	z001_z002_z003_z004_z004_z008_z003_z006_z011_z008_z012_z008_z009_z010
p037	z001_z002_z005_z003_z006_z007_z008_z006_z009_z010
p038	z033_z011_z008_z012_z008_z009_z010
p039	z001_z002_z002_z003_z004_z004_z003_z003_z006_z011_z008_z012_z008_z009_z010
p040	z001_z002_z003_z003_z002_z003_z004_z004_z022_z003_z006_z007_z008_z006_z009_z010
p041	z001_z002_z003_z003_z003_z003_z004_z004_z003_z003_z006_z011_z008_z012_z015_z009_z010
p042	z001_z002_z003_z003_z003_z003_z004_z004_z005_z003_z006_z007_z008_z006_z009_z010
p043	z001_z002_z003_z003_z003_z006_z011_z008_z012_z008_z009
p044	z001_z002_z003_z003_z003_z043_z004_z003_z003_z006_z011_z008_z012_z015_z009_z010
p045	z001_z002_z003_z003_z004_z004_z003_z003_z006_z011_z008_z012_z008_z009_z010
p046	z001_z002_z003_z003_z004_z004_z005_z003_z006_z007_z008_z006_z009_z010
p047	z001_z002_z003_z003_z004_z004_z005_z003_z006_z011_z007_z008_z006_z009_z010
p048	z001_z002_z003_z003_z004_z004_z005_z053_z003_z004_z004_z005_z003_z006_z007_z008_z006_z009_z010
p049	z001_z002_z003_z003_z006_z007_z008_z006_z009_z010
p050	z001_z002_z003_z003_z006_z011_z008_z012_z008_z009
p051	z001_z002_z003_z003_z006_z011_z008_z012_z008_z009_z010
p052	z001_z002_z003_z004_z036_z006_z007_z008_z006_z009_z010
p053	z001_z002_z003_z004_z003_z003_z003_z004_z004_z003_z003_z006_z011_z008_z012_z015_z009_z010
p054	z001_z002_z003_z004_z003_z003_z004_z003_z043_z004_z005_z003_z006_z007_z008_z006_z009_z010
p055	z001_z002_z003_z004_z003_z003_z006_z011_z008_z012_z008_z009
p056	z001_z002_z003_z004_z003_z003_z006_z011_z008_z012_z008_z009_z010
p057	z001_z002_z003_z004_z003_z003_z006_z011_z008_z012_z015_z009_z010
p058	z001_z002_z003_z004_z003_z004_z004_z003_z003_z003_z006_z007_z008_z006_z010
p059	z001_z002_z003_z004_z003_z004_z004_z003_z003_z006_z011_z008_z012_z008_z009_z010
p060	z001_z002_z003_z004_z003_z004_z004_z005_z003_z004_z003_z004_z004_z005_z003_z006_z007_z008_z006_z009_z010
p061	z001_z002_z003_z004_z003_z004_z004_z005_z003_z006_z007_z008_z006_z009_z010
p062	z001_z002_z003_z004_z003_z004_z018_z003_z006_z011_z008_z012_z008_z009_z010
p063	z001_z002_z003_z004_z004_z002_z043_z035_z002_z043_z004_z003_z003_z006_z011_z008_z012_z008_z009_z010
p064	z001_z002_z003_z004_z004_z003_z038_z009_z010
p065	z001_z002_z003_z004_z004_z003_z003_z003_z003_z003_z003_z006_z007_z008_z006_z010
p066	z001_z002_z003_z004_z004_z003_z003_z003_z003_z004_z014_z003_z006_z007_z008_z006_z009_z010
p067	z001_z002_z003_z004_z004_z003_z003_z003_z004_z004_z003_z004_z004_z003_z003_z006_z011_z008_z012_z008_z009_z010
p068	z001_z002_z003_z004_z004_z003_z003_z003_z005_z003_z006_z007_z008_z006_z009_z010
p069	z001_z002_z003_z004_z004_z003_z003_z003_z006_z006_z011_z008_z012_z015_z009_z010
p070	z001_z002_z003_z004_z004_z003_z003_z003_z006_z007_z003_z005_z003_z006_z007_z008_z006_z009_z010
p071	z001_z002_z003_z004_z004_z003_z003_z003_z006_z007_z006_z006_z007_z006_z006_z007_z008_z006_z010
p072	z001_z002_z003_z004_z004_z003_z003_z003_z006_z007_z007_z052_z008_z006_z010
p073	z001_z002_z003_z004_z004_z003_z003_z003_z006_z007_z008_z006_z006_z007_z008_z006_z008_z045_z010
p074	z001_z002_z003_z004_z004_z003_z003_z003_z006_z007_z008_z006_z006_z007_z008_z006_z010
p075	z001_z002_z003_z004_z004_z003_z003_z003_z006_z007_z008_z006_z007_z008_z006_z010
p076	z001_z002_z003_z004_z004_z003_z003_z003_z006_z007_z008_z006_z009_z010
p077	z001_z002_z003_z004_z004_z003_z003_z003_z006_z007_z008_z006_z011_z008_z008_z017_z010
p078	z001_z002_z003_z004_z004_z003_z003_z003_z006_z007_z008_z007_z008_z006_z010
p079	z001_z002_z003_z004_z004_z003_z003_z003_z006_z007_z008_z007_z008_z007_z007_z008_z012_z008_z009_z010
p080	z001_z002_z003_z004_z004_z003_z003_z003_z006_z007_z008_z012_z008_z009_z010
p081	z001_z002_z003_z004_z004_z003_z003_z003_z006_z007_z008_z045_z017_z017_z010
p082	z001_z002_z003_z004_z004_z003_z003_z003_z006_z007_z011_z008_z048_z008_z006_z010
p083	z001_z002_z003_z004_z004_z003_z003_z003_z006_z008_z006_z007_z008_z006_z010
p084	z001_z002_z003_z004_z004_z003_z003_z003_z006_z011_z008_z012_z008_z009
p085	z001_z002_z003_z004_z004_z003_z003_z003_z006_z011_z008_z012_z008_z009_z010
p086	z001_z002_z003_z004_z004_z003_z003_z003_z006_z011_z008_z018_z003_z006_z011_z008_z012_z008_z009_z010
p087	z001_z002_z003_z004_z004_z003_z003_z004_z004_z003_z003_z003_z003_z006_z011_z008_z012_z015_z009_z010
p088	z001_z002_z003_z004_z004_z003_z003_z004_z004_z003_z003_z003_z006_z007_z008_z006_z010
p089	z001_z002_z003_z004_z004_z003_z003_z004_z004_z003_z003_z006_z011_z008_z012_z008_z009_z010
p090	z001_z002_z003_z004_z004_z003_z003_z004_z004_z005_z003_z006_z007_z008_z006_z009_z010
p091	z001_z002_z003_z004_z004_z003_z003_z004_z018_z003_z006_z011_z008_z012_z008_z009_z010
p092	z001_z002_z003_z004_z004_z003_z003_z005_z003_z006_z007_z008_z006_z009_z010
p093	z001_z002_z003_z004_z004_z003_z003_z006_z037_z004_z004_z003_z003_z004_z004_z003_z003_z011_z008_z012_z008_z009_z010
p094	z001_z002_z003_z004_z004_z003_z003_z006_z039_z009_z010
p095	z001_z002_z003_z004_z004_z003_z003_z006_z003_z006_z011_z008_z012_z015_z009_z010
p096	z001_z002_z003_z004_z004_z003_z003_z006_z005_z003_z006_z007_z008_z006_z009_z010
p097	z001_z002_z003_z004_z004_z003_z003_z006_z006_z011_z008_z012_z008_z009_z010
p098	z001_z002_z003_z004_z004_z003_z003_z006_z006_z011_z008_z012_z015_z009_z010
p099	z001_z002_z003_z004_z004_z003_z003_z006_z007_z008_z011_z008_z012_z015_z009_z010
p100	z001_z002_z003_z004_z004_z003_z003_z006_z007_z011_z008_z012_z008_z009
p101	z001_z002_z003_z004_z004_z003_z003_z006_z007_z011_z008_z012_z015_z009_z010
p102	z001_z002_z003_z004_z004_z003_z003_z006_z008_z011_z008_z012_z015_z009_z010
p103	z001_z002_z003_z004_z004_z003_z003_z006_z008_z012_z008_z009
p104	z001_z002_z003_z004_z004_z003_z003_z006_z008_z012_z008_z009_z010
p105	z001_z002_z003_z004_z004_z003_z003_z006_z008_z012_z011_z008_z012_z015_z009_z010
p106	z001_z002_z003_z004_z004_z003_z003_z006_z010
p107	z001_z002_z003_z004_z004_z003_z003_z006_z011_z036_z012_z036_z012_z008_z009_z010
p108	z001_z002_z003_z004_z004_z003_z003_z006_z011_z003_z003_z006_z011_z008_z012_z008_z009_z010
p109	z001_z002_z003_z004_z004_z003_z003_z006_z011_z003_z006_z011_z008_z012_z015_z009_z010
p110	z001_z002_z003_z004_z004_z003_z003_z006_z011_z008_z028_z012_z008_z009_z010
p111	z001_z002_z003_z004_z004_z003_z003_z006_z011_z008_z034_z003_z008_z012_z008_z009_z010
p112	z001_z002_z003_z004_z004_z003_z003_z006_z011_z008_z003_z003_z006_z011_z008_z008_z012_z008_z009
p113	z001_z002_z003_z004_z004_z003_z003_z006_z011_z008_z003_z003_z006_z011_z008_z012_z015_z009_z010
p114	z001_z002_z003_z004_z004_z003_z003_z006_z011_z008_z003_z004_z004_z003_z003_z006_z011_z008_z012_z008_z009_z010
p115	z001_z002_z003_z004_z004_z003_z003_z006_z011_z008_z003_z006_z006_z011_z008_z052_z012_z008_z009_z010
p116	z001_z002_z003_z004_z004_z003_z003_z006_z011_z008_z003_z006_z011_z008_z008_z060_z012_z008_z009_z010
p117	z001_z002_z003_z004_z004_z003_z003_z006_z011_z008_z003_z006_z011_z008_z012_z008_z009_z010
p118	z001_z002_z003_z004_z004_z003_z003_z006_z011_z008_z003_z006_z011_z008_z012_z015_z009_z010
p119	z001_z002_z003_z004_z004_z003_z003_z006_z011_z008_z003_z006_z011_z015_z009_z010
p120	z001_z002_z003_z004_z004_z003_z003_z006_z011_z008_z003_z008_z012_z008_z009_z010
p121	z001_z002_z003_z004_z004_z003_z003_z006_z011_z008_z003_z012_z008_z009_z010
p122	z001_z002_z003_z004_z004_z003_z003_z006_z011_z008_z004_z003_z003_z006_z011_z008_z012_z008_z009
p123	z001_z002_z003_z004_z004_z003_z003_z006_z011_z008_z004_z004_z003_z003_z006_z011_z008_z012_z008_z009
p124	z001_z002_z003_z004_z004_z003_z003_z006_z011_z008_z004_z004_z003_z003_z006_z011_z008_z012_z015_z009_z010
p125	z001_z002_z003_z004_z004_z003_z003_z006_z011_z008_z006_z007_z008_z012_z008_z009
p126	z001_z002_z003_z004_z004_z003_z003_z006_z011_z008_z006_z008_z012_z008_z009
p127	z001_z002_z003_z004_z004_z003_z003_z006_z011_z008_z006_z011_z034_z006_z011_z008_z012_z015_z009_z010
p128	z001_z002_z003_z004_z004_z003_z003_z006_z011_z008_z006_z011_z008_z012_z006_z011_z008_z012_z008_z009
p129	z001_z002_z003_z004_z004_z003_z003_z006_z011_z008_z006_z012_z008_z005_z012_z008_z009
p130	z001_z002_z003_z004_z004_z003_z003_z006_z011_z008_z006_z012_z008_z009_z010
p131	z001_z002_z003_z004_z004_z003_z003_z006_z011_z008_z008_z009
p132	z001_z002_z003_z004_z004_z003_z003_z006_z011_z008_z008_z009_z010
p133	z001_z002_z003_z004_z004_z003_z003_z006_z011_z008_z008_z011_z011_z008_z008_z012_z015_z009_z010
p134	z001_z002_z003_z004_z004_z003_z003_z006_z011_z008_z008_z012_z008_z009_z010
p135	z001_z002_z003_z004_z004_z003_z003_z006_z011_z008_z009
p136	z001_z002_z003_z004_z004_z003_z003_z006_z011_z008_z009_z010
p137	z001_z002_z003_z004_z004_z003_z003_z006_z011_z008_z011_z008_z012_z015_z009_z010
p138	z001_z002_z003_z004_z004_z003_z003_z006_z011_z008_z011_z011_z007_z012_z015_z009_z010
p139	z001_z002_z003_z004_z004_z003_z003_z006_z011_z008_z011_z011_z008_z011_z008_z012_z008_z009_z010
p140	z001_z002_z003_z004_z004_z003_z003_z006_z011_z008_z012_z032_z009_z010_z010
p141	z001_z002_z003_z004_z004_z003_z003_z006_z011_z008_z012_z005_z005_z015_z009_z010
p142	z001_z002_z003_z004_z004_z003_z003_z006_z011_z008_z012_z006_z011_z008_z009_z010
p143	z001_z002_z003_z004_z004_z003_z003_z006_z011_z008_z012_z006_z011_z008_z012_z008_z009_z010
p144	z001_z002_z003_z004_z004_z003_z003_z006_z011_z008_z012_z006_z012_z006_z008_z009
p145	z001_z002_z003_z004_z004_z003_z003_z006_z011_z008_z012_z008_z003_z003_z009_z010
p146	z001_z002_z003_z004_z004_z003_z003_z006_z011_z008_z012_z008_z003_z006_z011_z008_z011_z008_z012_z008_z009_z010
p147	z001_z002_z003_z004_z004_z003_z003_z006_z011_z008_z012_z008_z003_z006_z011_z008_z012_z008_z009
p148	z001_z002_z003_z004_z004_z003_z003_z006_z011_z008_z012_z008_z003_z006_z011_z015_z009_z010
p149	z001_z002_z003_z004_z004_z003_z003_z006_z011_z008_z012_z008_z003_z011_z008_z012_z012_z015_z009_z010
p150	z001_z002_z003_z004_z004_z003_z003_z006_z011_z008_z012_z008_z006_z007_z008_z006_z009_z010
p151	z001_z002_z003_z004_z004_z003_z003_z006_z011_z008_z012_z008_z006_z009_z010
p152	z001_z002_z003_z004_z004_z003_z003_z006_z011_z008_z012_z008_z006_z011_z008_z012_z008_z012_z015_z009_z010
p153	z001_z002_z003_z004_z004_z003_z003_z006_z011_z008_z012_z008_z008_z009_z010
p154	z001_z002_z003_z004_z004_z003_z003_z006_z011_z008_z012_z008_z008_z012_z008_z009_z010
p155	z001_z002_z003_z004_z004_z003_z003_z006_z011_z008_z012_z008_z009_z041_z009_z010
p156	z001_z002_z003_z004_z004_z003_z003_z006_z011_z008_z012_z008_z009_z025_z006_z011_z008_z012_z008_z009_z010
p157	z001_z002_z003_z004_z004_z003_z003_z006_z011_z008_z012_z008_z009_z010_z010
p158	z001_z002_z003_z004_z004_z003_z003_z006_z011_z008_z012_z008_z009_z045_z010
p159	z001_z002_z003_z004_z004_z003_z003_z006_z011_z008_z012_z008_z009_z065_z009_z010
p160	z001_z002_z003_z004_z004_z003_z003_z006_z011_z008_z012_z008_z011_z008_z012_z008_z011_z008_z012_z008_z009_z010
p161	z001_z002_z003_z004_z004_z003_z003_z006_z011_z008_z012_z008_z012_z008_z008_z009_z010
p162	z001_z002_z003_z004_z004_z003_z003_z006_z011_z008_z012_z008_z012_z008_z009_z010
p163	z001_z002_z003_z004_z004_z003_z003_z006_z011_z008_z012_z008_z012_z008_z015_z009_z010
p164	z001_z002_z003_z004_z004_z003_z003_z006_z011_z008_z012_z008_z012_z009_z010
p165	z001_z002_z003_z004_z004_z003_z003_z006_z011_z008_z012_z008_z012_z012_z008_z012_z012_z008_z009_z010
p166	z001_z002_z003_z004_z004_z003_z003_z006_z011_z008_z012_z008_z012_z015_z009_z010
p167	z001_z002_z003_z004_z004_z003_z003_z006_z011_z008_z012_z008_z012_z049_z009_z010
p168	z001_z002_z003_z004_z004_z003_z003_z006_z011_z008_z012_z008_z012_z058_z010
p169	z001_z002_z003_z004_z004_z003_z003_z006_z011_z008_z012_z008_z015_z009_z010
p170	z001_z002_z003_z004_z004_z003_z003_z006_z011_z008_z012_z008_z017_z006_z010
p171	z001_z002_z003_z004_z004_z003_z003_z006_z011_z008_z012_z008_z017_z008_z009_z010
p172	z001_z002_z003_z004_z004_z003_z003_z006_z011_z008_z012_z008_z017_z011_z008_z012_z008_z009_z010
p173	z001_z002_z003_z004_z004_z003_z003_z006_z011_z008_z012_z008_z017_z012_z008_z009_z010
p174	z001_z002_z003_z004_z004_z003_z003_z006_z011_z008_z012_z008_z017_z017_z008_z009_z010
p175	z001_z002_z003_z004_z004_z003_z003_z006_z011_z008_z012_z008_z063_z009
p176	z001_z002_z003_z004_z004_z003_z003_z006_z011_z008_z012_z008_z065_z009
p177	z001_z002_z003_z004_z004_z003_z003_z006_z011_z008_z012_z009
p178	z001_z002_z003_z004_z004_z003_z003_z006_z011_z008_z012_z009_z010
p179	z001_z002_z003_z004_z004_z003_z003_z006_z011_z008_z012_z010
p180	z001_z002_z003_z004_z004_z003_z003_z006_z011_z008_z012_z011_z008_z005_z008_z009_z010
p181	z001_z002_z003_z004_z004_z003_z003_z006_z011_z008_z012_z011_z008_z009_z010
p182	z001_z002_z003_z004_z004_z003_z003_z006_z011_z008_z012_z011_z008_z012_z008_z009_z010
p183	z001_z002_z003_z004_z004_z003_z003_z006_z011_z008_z012_z011_z008_z012_z008_z012_z058_z010
p184	z001_z002_z003_z004_z004_z003_z003_z006_z011_z008_z012_z011_z008_z012_z015_z009_z010
p185	z001_z002_z003_z004_z004_z003_z003_z006_z011_z008_z012_z011_z017_z063_z008_z012_z008_z045_z010
p186	z001_z002_z003_z004_z004_z003_z003_z006_z011_z008_z012_z012_z005_z003_z006_z011_z015_z009_z010
p187	z001_z002_z003_z004_z004_z003_z003_z006_z011_z008_z012_z012_z005_z012_z015_z009_z010
p188	z001_z002_z003_z004_z004_z003_z003_z006_z011_z008_z012_z012_z008_z009_z010
p189	z001_z002_z003_z004_z004_z003_z003_z006_z011_z008_z012_z012_z011_z008_z012_z008_z009_z010
p190	z001_z002_z003_z004_z004_z003_z003_z006_z011_z008_z012_z012_z011_z008_z012_z012_z008_z009_z010
p191	z001_z002_z003_z004_z004_z003_z003_z006_z011_z008_z012_z012_z012_z008_z009_z010
p192	z001_z002_z003_z004_z004_z003_z003_z006_z011_z008_z012_z012_z015_z009_z010
p193	z001_z002_z003_z004_z004_z003_z003_z006_z011_z008_z012_z014_z005_z008_z009
p194	z001_z002_z003_z004_z004_z003_z003_z006_z011_z008_z012_z015_z008_z024_z009_z010
p195	z001_z002_z003_z004_z004_z003_z003_z006_z011_z008_z012_z015_z008_z012_z015_z009_z010
p196	z001_z002_z003_z004_z004_z003_z003_z006_z011_z008_z012_z015_z009_z009_z009_z010
p197	z001_z002_z003_z004_z004_z003_z003_z006_z011_z008_z012_z015_z009_z012_z012_z015_z009_z010
p198	z001_z002_z003_z004_z004_z003_z003_z006_z011_z008_z012_z015_z012_z008_z012_z008_z009_z010
p199	z001_z002_z003_z004_z004_z003_z003_z006_z011_z008_z012_z015_z012_z015_z009_z010
p200	z001_z002_z003_z004_z004_z003_z003_z006_z011_z008_z012_z015_z017_z008_z012_z015_z009_z010
p201	z001_z002_z003_z004_z004_z003_z003_z006_z011_z008_z012_z015_z017_z008_z017_z008_z009_z010
p202	z001_z002_z003_z004_z004_z003_z003_z006_z011_z008_z012_z015_z017_z009_z010
p203	z001_z002_z003_z004_z004_z003_z003_z006_z011_z008_z012_z015_z017_z012_z015_z009_z010
p204	z001_z002_z003_z004_z004_z003_z003_z006_z011_z008_z012_z015_z017_z015_z009_z010
p205	z001_z002_z003_z004_z004_z003_z003_z006_z011_z008_z012_z048_z008_z012_z008_z009_z010
p206	z001_z002_z003_z004_z004_z003_z003_z006_z011_z008_z012_z048_z049_z009_z010
p207	z001_z002_z003_z004_z004_z003_z003_z006_z011_z008_z012_z058
p208	z001_z002_z003_z004_z004_z003_z003_z006_z011_z008_z012_z058_z010
p209	z001_z002_z003_z004_z004_z003_z003_z006_z011_z008_z012_z058_z012_z008_z003_z008_z009_z010
p210	z001_z002_z003_z004_z004_z003_z003_z006_z011_z008_z012_z058_z017_z009_z010
p211	z001_z002_z003_z004_z004_z003_z003_z006_z011_z008_z015_z009_z010
p212	z001_z002_z003_z004_z004_z003_z003_z006_z011_z008_z059
p213	z001_z002_z003_z004_z004_z003_z003_z006_z011_z008_z059_z040
p214	z001_z002_z003_z004_z004_z003_z003_z006_z011_z009_z010
p215	z001_z002_z003_z004_z004_z003_z003_z006_z011_z010
p216	z001_z002_z003_z004_z004_z003_z003_z006_z011_z011_z003_z006_z011_z008_z012_z015_z009_z010
p217	z001_z002_z003_z004_z004_z003_z003_z006_z011_z011_z008_z012_z008_z009_z010
p218	z001_z002_z003_z004_z004_z003_z003_z006_z011_z011_z008_z012_z015_z009_z010
p219	z001_z002_z003_z004_z004_z003_z003_z006_z011_z011_z011_z006_z011_z006_z006_z011_z008_z012_z008_z009_z010
p220	z001_z002_z003_z004_z004_z003_z003_z006_z011_z012_z003_z018_z012_z003_z006_z011_z008_z012_z015_z009_z010
p221	z001_z002_z003_z004_z004_z003_z003_z006_z011_z012_z008_z009
p222	z001_z002_z003_z004_z004_z003_z003_z006_z011_z012_z008_z009_z010
p223	z001_z002_z003_z004_z004_z003_z003_z006_z011_z012_z008_z012_z008_z009_z010
p224	z001_z002_z003_z004_z004_z003_z003_z006_z011_z012_z015_z009_z010
p225	z001_z002_z003_z004_z004_z003_z003_z006_z011_z012_z052_z012_z008_z012_z008_z009
p226	z001_z002_z003_z004_z004_z003_z003_z006_z011_z015_z009_z010
p227	z001_z002_z003_z004_z004_z003_z003_z006_z011_z015_z017_z006_z012_z015_z009_z010
p228	z001_z002_z003_z004_z004_z003_z003_z006_z011_z048_z012_z011_z048_z012_z008_z012_z015_z009_z010
p229	z001_z002_z003_z004_z004_z003_z003_z006_z012_z008_z009
p230	z001_z002_z003_z004_z004_z003_z003_z006_z012_z008_z009_z010
p231	z001_z002_z003_z004_z004_z003_z003_z006_z018_z006_z011_z008_z012_z015_z009_z010
p232	z001_z002_z003_z004_z004_z003_z003_z006_z048_z008_z006_z011_z008_z012_z008_z009
p233	z001_z002_z003_z004_z004_z003_z003_z006_z060_z006_z006_z011_z008_z012_z015_z009_z010
p234	z001_z002_z003_z004_z004_z003_z003_z007_z006_z011_z008_z012_z008_z009
p235	z001_z002_z003_z004_z004_z003_z003_z008_z009_z010
p236	z001_z002_z003_z004_z004_z003_z003_z011_z008_z012_z008_z009_z010
p237	z001_z002_z003_z004_z004_z003_z003_z012_z008_z009_z010
p238	z001_z002_z003_z004_z004_z003_z003_z018_z004_z018_z003_z006_z011_z008_z012_z008_z009_z010
p239	z001_z002_z003_z004_z004_z003_z003_z045_z010
p240	z001_z002_z003_z004_z004_z003_z003_z049_z008_z006_z066_z006_z011_z008_z012_z008_z009
p241	z001_z002_z003_z004_z004_z003_z004_z004_z003_z003_z003_z006_z007_z008_z006_z010
p242	z001_z002_z003_z004_z004_z003_z004_z004_z003_z003_z006_z011_z008_z012_z008_z009
p243	z001_z002_z003_z004_z004_z003_z004_z004_z003_z003_z006_z011_z008_z012_z008_z009_z010
p244	z001_z002_z003_z004_z004_z003_z004_z004_z003_z003_z006_z011_z008_z012_z015_z009_z010
p245	z001_z002_z003_z004_z004_z003_z004_z004_z003_z008_z003_z006_z011_z008_z012_z015_z009_z010
p246	z001_z002_z003_z004_z004_z003_z004_z004_z004_z003_z004_z004_z005_z003_z006_z007_z008_z006_z009_z010
p247	z001_z002_z003_z004_z004_z003_z004_z004_z005_z003_z006_z007_z008_z006_z009_z010
p248	z001_z002_z003_z004_z004_z003_z004_z004_z005_z005_z004_z004_z003_z004_z004_z005_z003_z006_z007_z008_z006_z009_z010
p249	z001_z002_z003_z004_z004_z003_z004_z004_z014_z003_z006_z007_z008_z006_z009_z010
p250	z001_z002_z003_z004_z004_z003_z004_z005_z003_z006_z007_z008_z006_z009_z010
p251	z001_z002_z003_z004_z004_z003_z004_z018_z003_z006_z011_z008_z012_z008_z009_z010
p252	z001_z002_z003_z004_z004_z003_z005_z003_z006_z007_z008_z006_z009_z010
p253	z001_z002_z003_z004_z004_z003_z006_z007_z052_z004_z004_z003_z005_z003_z006_z007_z008_z006_z009_z010
p254	z001_z002_z003_z004_z004_z003_z006_z011_z008_z012_z008_z009
p255	z001_z002_z003_z004_z004_z003_z006_z011_z008_z012_z008_z009_z010
p256	z001_z002_z003_z004_z004_z003_z006_z011_z008_z012_z015_z009_z010
p257	z001_z002_z003_z004_z004_z003_z012_z008_z009_z010
p258	z001_z002_z003_z004_z004_z003_z018_z003_z006_z011_z008_z012_z008_z009_z010
p259	z001_z002_z003_z004_z004_z003_z018_z003_z006_z011_z008_z012_z015_z009_z010
p260	z001_z002_z003_z004_z004_z003_z043_z003_z003_z006_z011_z008_z012_z008_z009_z010
p261	z001_z002_z003_z004_z004_z003_z043_z004_z003_z003_z006_z011_z008_z012_z008_z009
p262	z001_z002_z003_z004_z004_z003_z043_z005_z003_z006_z007_z008_z006_z009_z010
p263	z001_z002_z003_z004_z004_z003_z043_z018_z004_z004_z005_z003_z006_z007_z008_z006_z009_z010
p264	z001_z002_z003_z004_z004_z003_z051_z003_z003_z006_z011_z008_z012_z008_z009_z010
p265	z001_z002_z003_z004_z004_z003_z051_z003_z006_z011_z008_z012_z015_z009_z010
p266	z001_z002_z003_z004_z004_z004_z003_z003_z006_z007_z008_z006_z009_z010
p267	z001_z002_z003_z004_z004_z004_z003_z003_z006_z011_z008_z012_z008_z009
p268	z001_z002_z003_z004_z004_z004_z003_z003_z006_z011_z008_z012_z008_z009_z010
p269	z001_z002_z003_z004_z004_z004_z003_z003_z006_z011_z008_z012_z015_z009_z010
p270	z001_z002_z003_z004_z004_z004_z003_z004_z004_z005_z003_z006_z007_z008_z006_z009_z010
p271	z001_z002_z003_z004_z004_z004_z004_z003_z003_z006_z011_z008_z012_z008_z009_z010
p272	z001_z002_z003_z004_z004_z004_z004_z003_z004_z004_z003_z003_z006_z011_z008_z012_z015_z009_z010
p273	z001_z002_z003_z004_z004_z004_z004_z004_z003_z003_z006_z011_z008_z012_z008_z009_z010
p274	z001_z002_z003_z004_z004_z004_z004_z005_z003_z006_z007_z008_z006_z009_z010
p275	z001_z002_z003_z004_z004_z004_z005_z003_z006_z007_z008_z006_z009_z010
p276	z001_z002_z003_z004_z004_z004_z005_z003_z006_z011_z007_z008_z006_z009_z010
p277	z001_z002_z003_z004_z004_z004_z006_z011_z008_z012_z008_z009_z010
p278	z001_z002_z003_z004_z004_z004_z018_z003_z003_z006_z011_z008_z012_z008_z009_z010
p279	z001_z002_z003_z004_z004_z004_z018_z003_z043_z004_z018_z003_z006_z011_z008_z012_z008_z009_z010
p280	z001_z002_z003_z004_z004_z004_z018_z004_z004_z003_z003_z006_z011_z008_z012_z008_z009_z010
p281	z001_z002_z003_z004_z004_z004_z022_z018_z004_z004_z022_z003_z006_z007_z008_z006_z009_z010
p282	z001_z002_z003_z004_z004_z004_z051_z004_z004_z005_z003_z006_z011_z007_z008_z006_z009_z010
p283	z001_z002_z003_z004_z004_z004_z051_z051_z051_z004_z004_z003_z003_z006_z011_z008_z012_z015_z009_z010
p284	z001_z002_z003_z004_z004_z005_z003_z030_z004_z004_z005_z003_z006_z011_z007_z008_z006_z009_z010
p285	z001_z002_z003_z004_z004_z005_z003_z003_z003_z006_z007_z008_z006_z009_z010
p286	z001_z002_z003_z004_z004_z005_z003_z003_z004_z005_z003_z003_z006_z020_z016_z006_z017_z010
p287	z001_z002_z003_z004_z004_z005_z003_z003_z004_z005_z003_z006_z007_z008_z006_z009_z010
p288	z001_z002_z003_z004_z004_z005_z003_z003_z006_z007_z008_z006_z009_z010
p289	z001_z002_z003_z004_z004_z005_z003_z003_z006_z011_z007_z008_z006_z009_z010
p290	z001_z002_z003_z004_z004_z005_z003_z003_z006_z011_z008_z012_z008_z009
p291	z001_z002_z003_z004_z004_z005_z003_z004_z004_z005_z003_z006_z007_z008_z006_z009_z010
p292	z001_z002_z003_z004_z004_z005_z003_z004_z004_z005_z003_z006_z011_z007_z008_z006_z009_z010
p293	z001_z002_z003_z004_z004_z005_z003_z004_z004_z005_z003_z006_z020_z016_z006_z017_z010
p294	z001_z002_z003_z004_z004_z005_z003_z004_z048_z011_z007_z008_z006_z009_z010
p295	z001_z002_z003_z004_z004_z005_z003_z005_z003_z003_z006_z011_z008_z012_z008_z009_z010
p296	z001_z002_z003_z004_z004_z005_z003_z005_z003_z006_z007_z008_z006_z009_z010
p297	z001_z002_z003_z004_z004_z005_z003_z006_z003_z006_z007_z011_z006_z017_z010
p298	z001_z002_z003_z004_z004_z005_z003_z006_z003_z006_z011_z007_z008_z006_z009_z010
p299	z001_z002_z003_z004_z004_z005_z003_z006_z004_z003_z006_z011_z007_z008_z006_z009_z010
p300	z001_z002_z003_z004_z004_z005_z003_z006_z004_z004_z004_z005_z003_z006_z007_z008_z006_z009_z010
p301	z001_z002_z003_z004_z004_z005_z003_z006_z004_z005_z003_z006_z007_z008_z006_z009_z010
p302	z001_z002_z003_z004_z004_z005_z003_z006_z005_z005_z003_z006_z007_z008_z006_z009_z010
p303	z001_z002_z003_z004_z004_z005_z003_z006_z006_z007_z008_z006_z009_z010
p304	z001_z002_z003_z004_z004_z005_z003_z006_z006_z009_z010
p305	z001_z002_z003_z004_z004_z005_z003_z006_z006_z011_z007_z008_z006_z009_z010
p306	z001_z002_z003_z004_z004_z005_z003_z006_z007_z003_z004_z004_z004_z005_z003_z006_z011_z007_z008_z006_z009_z010
p307	z001_z002_z003_z004_z004_z005_z003_z006_z007_z003_z006_z007_z008_z006_z009_z010
p308	z001_z002_z003_z004_z004_z005_z003_z006_z007_z003_z006_z008_z006_z009_z010
p309	z001_z002_z003_z004_z004_z005_z003_z006_z007_z004_z004_z005_z003_z006_z011_z007_z008_z006_z009_z010
p310	z001_z002_z003_z004_z004_z005_z003_z006_z007_z005_z003_z006_z007_z006_z007_z011_z006_z017_z010
p311	z001_z002_z003_z004_z004_z005_z003_z006_z007_z006_z007_z006_z011_z007_z008_z006_z009_z010
p312	z001_z002_z003_z004_z004_z005_z003_z006_z007_z006_z007_z008_z006_z009_z010
p313	z001_z002_z003_z004_z004_z005_z003_z006_z007_z006_z008_z006_z009_z010
p314	z001_z002_z003_z004_z004_z005_z003_z006_z007_z006_z009_z010
p315	z001_z002_z003_z004_z004_z005_z003_z006_z007_z007_z005_z003_z006_z007_z008_z006_z009_z010
p316	z001_z002_z003_z004_z004_z005_z003_z006_z007_z007_z007_z007_z007_z008_z006_z009_z007_z007_z007_z007_z007_z008_z006_z009_z010
p317	z001_z002_z003_z004_z004_z005_z003_z006_z007_z007_z007_z008_z006_z009_z010
p318	z001_z002_z003_z004_z004_z005_z003_z006_z007_z007_z007_z017_z003_z006_z011_z007_z008_z006_z009_z010
p319	z001_z002_z003_z004_z004_z005_z003_z006_z007_z007_z008_z006_z009_z010
p320	z001_z002_z003_z004_z004_z005_z003_z006_z007_z008_z034_z004_z004_z005_z003_z006_z011_z007_z008_z006_z009_z010
p321	z001_z002_z003_z004_z004_z005_z003_z006_z007_z008_z004_z004_z005_z003_z006_z008_z004_z004_z005_z003_z006_z009_z010
p322	z001_z002_z003_z004_z004_z005_z003_z006_z007_z008_z004_z005_z003_z006_z004_z005_z003_z006_z007_z008_z006_z009_z010
p323	z001_z002_z003_z004_z004_z005_z003_z006_z007_z008_z006_z026_z017_z017_z015_z009_z010
p324	z001_z002_z003_z004_z004_z005_z003_z006_z007_z008_z006_z003_z006_z007_z008_z006_z006_z009_z010
p325	z001_z002_z003_z004_z004_z005_z003_z006_z007_z008_z006_z006_z009_z010
p326	z001_z002_z003_z004_z004_z005_z003_z006_z007_z008_z006_z007_z008_z006_z009_z010
p327	z001_z002_z003_z004_z004_z005_z003_z006_z007_z008_z006_z007_z011_z006_z009_z010
p328	z001_z002_z003_z004_z004_z005_z003_z006_z007_z008_z006_z007_z011_z006_z017_z010
p329	z001_z002_z003_z004_z004_z005_z003_z006_z007_z008_z006_z008_z006_z007_z006_z009_z010
p330	z001_z002_z003_z004_z004_z005_z003_z006_z007_z008_z006_z008_z006_z009_z010
p331	z001_z002_z003_z004_z004_z005_z003_z006_z007_z008_z006_z008_z045_z010
p332	z001_z002_z003_z004_z004_z005_z003_z006_z007_z008_z006_z008_z052_z009_z010
p333	z001_z002_z003_z004_z004_z005_z003_z006_z007_z008_z006_z009
p334	z001_z002_z003_z004_z004_z005_z003_z006_z007_z008_z006_z009_z008_z006_z008_z006_z009_z010
p335	z001_z002_z003_z004_z004_z005_z003_z006_z007_z008_z006_z009_z008_z006_z009_z008_z006_z009_z010
p336	z001_z002_z003_z004_z004_z005_z003_z006_z007_z008_z006_z009_z010_z010
p337	z001_z002_z003_z004_z004_z005_z003_z006_z007_z008_z006_z009_z010_z048_z007_z008_z009_z010
p338	z001_z002_z003_z004_z004_z005_z003_z006_z007_z008_z006_z009_z017_z006_z007_z008_z006_z009_z010
p339	z001_z002_z003_z004_z004_z005_z003_z006_z007_z008_z006_z009_z017_z009_z010
p340	z001_z002_z003_z004_z004_z005_z003_z006_z007_z008_z006_z009_z045_z010
p341	z001_z002_z003_z004_z004_z005_z003_z006_z007_z008_z006_z009_z064_z010
p342	z001_z002_z003_z004_z004_z005_z003_z006_z007_z008_z006_z009_z065_z008_z006_z009_z010
p343	z001_z002_z003_z004_z004_z005_z003_z006_z007_z008_z006_z010
p344	z001_z002_z003_z004_z004_z005_z003_z006_z007_z008_z006_z011_z006_z009_z010
p345	z001_z002_z003_z004_z004_z005_z003_z006_z007_z008_z006_z015_z011_z012_z015_z009_z010
p346	z001_z002_z003_z004_z004_z005_z003_z006_z007_z008_z006_z017_z006_z003_z011_z007_z008_z006_z009_z010
p347	z001_z002_z003_z004_z004_z005_z003_z006_z007_z008_z006_z017_z006_z006_z007_z008_z006_z009_z010
p348	z001_z002_z003_z004_z004_z005_z003_z006_z007_z008_z006_z017_z006_z009_z010
p349	z001_z002_z003_z004_z004_z005_z003_z006_z007_z008_z006_z017_z006_z017_z009_z010
p350	z001_z002_z003_z004_z004_z005_z003_z006_z007_z008_z006_z017_z007_z008_z006_z009_z010
p351	z001_z002_z003_z004_z004_z005_z003_z006_z007_z008_z006_z017_z007_z008_z006_z017_z006_z009_z010
p352	z001_z002_z003_z004_z004_z005_z003_z006_z007_z008_z006_z017_z008_z006_z009_z010
p353	z001_z002_z003_z004_z004_z005_z003_z006_z007_z008_z006_z017_z008_z009_z010
p354	z001_z002_z003_z004_z004_z005_z003_z006_z007_z008_z006_z017_z008_z012_z015_z009_z010
p355	z001_z002_z003_z004_z004_z005_z003_z006_z007_z008_z006_z017_z009_z010
p356	z001_z002_z003_z004_z004_z005_z003_z006_z007_z008_z006_z017_z017_z008_z006_z027_z009_z010
p357	z001_z002_z003_z004_z004_z005_z003_z006_z007_z008_z006_z017_z017_z009_z010
p358	z001_z002_z003_z004_z004_z005_z003_z006_z007_z008_z006_z017_z063_z009_z010
p359	z001_z002_z003_z004_z004_z005_z003_z006_z007_z008_z006_z045_z004_z003_z006_z004_z005_z003_z006_z007_z008_z006_z009_z010
p360	z001_z002_z003_z004_z004_z005_z003_z006_z007_z008_z007_z008_z006_z009_z010
p361	z001_z002_z003_z004_z004_z005_z003_z006_z007_z008_z007_z008_z007_z007_z011_z007_z008_z006_z009_z010
p362	z001_z002_z003_z004_z004_z005_z003_z006_z007_z008_z007_z011_z007_z008_z006_z009_z010
p363	z001_z002_z003_z004_z004_z005_z003_z006_z007_z008_z008_z006_z017_z008_z006_z009_z010
p364	z001_z002_z003_z004_z004_z005_z003_z006_z007_z008_z008_z007_z008_z007_z008_z008_z006_z009_z010
p365	z001_z002_z003_z004_z004_z005_z003_z006_z007_z008_z008_z012_z006_z009_z010
p366	z001_z002_z003_z004_z004_z005_z003_z006_z007_z008_z011_z007_z008_z006_z009_z010
p367	z001_z002_z003_z004_z004_z005_z003_z006_z007_z008_z043_z004_z005_z003_z006_z011_z007_z008_z006_z009_z010
p368	z001_z002_z003_z004_z004_z005_z003_z006_z007_z008_z045
p369	z001_z002_z003_z004_z004_z005_z003_z006_z007_z008_z045_z010
p370	z001_z002_z003_z004_z004_z005_z003_z006_z007_z008_z049_z004_z004_z005_z003_z006_z007_z008_z006_z007_z008_z006_z009_z010
p371	z001_z002_z003_z004_z004_z005_z003_z006_z007_z008_z049_z004_z004_z005_z003_z006_z007_z008_z006_z009_z010
p372	z001_z002_z003_z004_z004_z005_z003_z006_z007_z008_z049_z017_z007_z011_z006_z009_z010
p373	z001_z002_z003_z004_z004_z005_z003_z006_z007_z008_z052_z034_z011_z007_z008_z006_z009_z010
p374	z001_z002_z003_z004_z004_z005_z003_z006_z007_z008_z052_z006_z006_z009_z010
p375	z001_z002_z003_z004_z004_z005_z003_z006_z007_z009_z010
p376	z001_z002_z003_z004_z004_z005_z003_z006_z007_z011_z005_z003_z006_z007_z008_z006_z009_z010
p377	z001_z002_z003_z004_z004_z005_z003_z006_z007_z011_z006_z006_z006_z017_z010
p378	z001_z002_z003_z004_z004_z005_z003_z006_z007_z011_z006_z007_z011_z017_z010
p379	z001_z002_z003_z004_z004_z005_z003_z006_z007_z011_z006_z011_z007_z008_z006_z009_z010
p380	z001_z002_z003_z004_z004_z005_z003_z006_z007_z011_z006_z017_z011_z006_z017_z010
p381	z001_z002_z003_z004_z004_z005_z003_z006_z007_z011_z007_z008_z006_z009_z010
p382	z001_z002_z003_z004_z004_z005_z003_z006_z007_z012_z008_z008_z006_z009_z010
p383	z001_z002_z003_z004_z004_z005_z003_z006_z007_z016_z054_z008_z006_z009_z010
p384	z001_z002_z003_z004_z004_z005_z003_z006_z007_z048_z006_z007_z011_z006_z017_z010
p385	z001_z002_z003_z004_z004_z005_z003_z006_z007_z048_z006_z009_z006_z017_z045_z011_z017_z009_z010
p386	z001_z002_z003_z004_z004_z005_z003_z006_z007_z048_z048_z011_z007_z008_z006_z009_z010
p387	z001_z002_z003_z004_z004_z005_z003_z006_z007_z052_z003_z006_z007_z008_z006_z009_z010
p388	z001_z002_z003_z004_z004_z005_z003_z006_z007_z054_z007_z008_z006_z009_z010
p389	z001_z002_z003_z004_z004_z005_z003_z006_z007_z056_z007_z007_z006_z007_z052_z006_z020_z016_z006_z009_z010
p390	z001_z002_z003_z004_z004_z005_z003_z006_z007_z058
p391	z001_z002_z003_z004_z004_z005_z003_z006_z007_z058_z010
p392	z001_z002_z003_z004_z004_z005_z003_z006_z008_z005_z003_z006_z006_z007_z008_z006_z009_z010
p393	z001_z002_z003_z004_z004_z005_z003_z006_z008_z006_z009_z010
p394	z001_z002_z003_z004_z004_z005_z003_z006_z008_z009_z010
p395	z001_z002_z003_z004_z004_z005_z003_z006_z008_z058_z003_z008_z008_z008_z008_z003_z011_z007_z008_z006_z009_z010
p396	z001_z002_z003_z004_z004_z005_z003_z006_z011_z003_z006_z007_z008_z006_z009_z010
p397	z001_z002_z003_z004_z004_z005_z003_z006_z011_z004_z004_z005_z003_z006_z011_z007_z008_z006_z009_z010
p398	z001_z002_z003_z004_z004_z005_z003_z006_z011_z006_z006_z007_z008_z006_z009_z010
p399	z001_z002_z003_z004_z004_z005_z003_z006_z011_z006_z007_z008_z006_z009_z010
p400	z001_z002_z003_z004_z004_z005_z003_z006_z011_z007_z023_z006_z011_z007_z008_z006_z009_z010
p401	z001_z002_z003_z004_z004_z005_z003_z006_z011_z007_z004_z004_z005_z003_z006_z011_z007_z008_z006_z009_z010
p402	z001_z002_z003_z004_z004_z005_z003_z006_z011_z007_z005_z003_z006_z011_z007_z008_z006_z009_z010
p403	z001_z002_z003_z004_z004_z005_z003_z006_z011_z007_z006_z004_z005_z003_z006_z011_z007_z008_z006_z009_z010
p404	z001_z002_z003_z004_z004_z005_z003_z006_z011_z007_z006_z006_z008_z006_z009_z010
p405	z001_z002_z003_z004_z004_z005_z003_z006_z011_z007_z006_z007_z008_z006_z009_z010
p406	z001_z002_z003_z004_z004_z005_z003_z006_z011_z007_z006_z008_z006_z008_z006_z009_z010
p407	z001_z002_z003_z004_z004_z005_z003_z006_z011_z007_z007_z008_z006_z009_z010
p408	z001_z002_z003_z004_z004_z005_z003_z006_z011_z007_z008_z002_z003_z004_z004_z005_z003_z006_z007_z008_z006_z009_z010
p409	z001_z002_z003_z004_z004_z005_z003_z006_z011_z007_z008_z002_z003_z004_z004_z005_z003_z006_z011_z007_z006_z009_z010
p410	z001_z002_z003_z004_z004_z005_z003_z006_z011_z007_z008_z004_z004_z005_z003_z006_z011_z007_z008_z006_z009_z010
p411	z001_z002_z003_z004_z004_z005_z003_z006_z011_z007_z008_z005_z003_z006_z007_z008_z006_z009_z010
p412	z001_z002_z003_z004_z004_z005_z003_z006_z011_z007_z008_z006_z003_z006_z007_z008_z006_z009_z010
p413	z001_z002_z003_z004_z004_z005_z003_z006_z011_z007_z008_z006_z003_z006_z011_z007_z008_z006_z009_z010
p414	z001_z002_z003_z004_z004_z005_z003_z006_z011_z007_z008_z006_z006_z009_z010
p415	z001_z002_z003_z004_z004_z005_z003_z006_z011_z007_z008_z006_z007_z008_z006_z007_z008_z006_z009_z010
p416	z001_z002_z003_z004_z004_z005_z003_z006_z011_z007_z008_z006_z007_z008_z006_z009_z010
p417	z001_z002_z003_z004_z004_z005_z003_z006_z011_z007_z008_z006_z008_z006_z009_z010
p418	z001_z002_z003_z004_z004_z005_z003_z006_z011_z007_z008_z006_z009_z007_z006_z007_z008_z006_z007_z008_z006_z009_z010
p419	z001_z002_z003_z004_z004_z005_z003_z006_z011_z007_z008_z006_z009_z011_z011_z007_z008_z006_z009_z010
p420	z001_z002_z003_z004_z004_z005_z003_z006_z011_z007_z008_z006_z009_z065_z005_z003_z006_z011_z007_z008_z006_z009_z010
p421	z001_z002_z003_z004_z004_z005_z003_z006_z011_z007_z008_z006_z017_z006_z006_z011_z007_z008_z006_z009_z010
p422	z001_z002_z003_z004_z004_z005_z003_z006_z011_z007_z008_z006_z017_z006_z017_z006_z009_z010
p423	z001_z002_z003_z004_z004_z005_z003_z006_z011_z007_z008_z006_z017_z007_z008_z006_z009_z010
p424	z001_z002_z003_z004_z004_z005_z003_z006_z011_z007_z008_z006_z017_z008_z009_z010
p425	z001_z002_z003_z004_z004_z005_z003_z006_z011_z007_z008_z006_z017_z009_z010
p426	z001_z002_z003_z004_z004_z005_z003_z006_z011_z007_z008_z006_z017_z048_z007_z008_z006_z009_z010
p427	z001_z002_z003_z004_z004_z005_z003_z006_z011_z007_z008_z006_z063_z017_z009_z010
p428	z001_z002_z003_z004_z004_z005_z003_z006_z011_z007_z008_z007_z007_z008_z011_z008_z006_z009_z010
p429	z001_z002_z003_z004_z004_z005_z003_z006_z011_z007_z008_z007_z011_z007_z008_z006_z009_z010
p430	z001_z002_z003_z004_z004_z005_z003_z006_z011_z007_z008_z008_z006_z009_z010
p431	z001_z002_z003_z004_z004_z005_z003_z006_z011_z007_z008_z008_z008_z006_z009_z010
p432	z001_z002_z003_z004_z004_z005_z003_z006_z011_z007_z008_z011_z006_z009_z010
p433	z001_z002_z003_z004_z004_z005_z003_z006_z011_z007_z008_z017_z008_z006_z009_z010
p434	z001_z002_z003_z004_z004_z005_z003_z006_z011_z007_z008_z017_z009_z006_z009_z010
p435	z001_z002_z003_z004_z004_z005_z003_z006_z011_z007_z008_z045_z006_z006_z003_z006_z011_z007_z008_z006_z009_z010
p436	z001_z002_z003_z004_z004_z005_z003_z006_z011_z007_z008_z045_z007_z008_z006_z009_z010
p437	z001_z002_z003_z004_z004_z005_z003_z006_z011_z007_z008_z048_z006_z009_z010
p438	z001_z002_z003_z004_z004_z005_z003_z006_z011_z007_z008_z049_z049_z049_z006_z009_z010
p439	z001_z002_z003_z004_z004_z005_z003_z006_z011_z007_z011_z006_z008_z006_z009_z010
p440	z001_z002_z003_z004_z004_z005_z003_z006_z011_z007_z011_z007_z008_z006_z009_z010
p441	z001_z002_z003_z004_z004_z005_z003_z006_z011_z007_z021_z008_z006_z009_z010
p442	z001_z002_z003_z004_z004_z005_z003_z006_z011_z007_z052_z048_z052_z003_z011_z007_z008_z006_z009_z010
p443	z001_z002_z003_z004_z004_z005_z003_z006_z011_z008_z006_z007_z008_z006_z009_z010
p444	z001_z002_z003_z004_z004_z005_z003_z006_z011_z008_z006_z011_z006_z011_z007_z006_z011_z007_z008_z006_z009_z010
p445	z001_z002_z003_z004_z004_z005_z003_z006_z011_z011_z007_z008_z006_z009_z010
p446	z001_z002_z003_z004_z004_z005_z003_z006_z011_z048_z008_z006_z007_z008_z006_z009_z010
p447	z001_z002_z003_z004_z004_z005_z003_z006_z011_z048_z009_z010
p448	z001_z002_z003_z004_z004_z005_z003_z006_z011_z060_z003_z004_z004_z005_z003_z048_z007_z008_z006_z009_z010
p449	z001_z002_z003_z004_z004_z005_z003_z006_z017_z011_z007_z008_z006_z009_z010
p450	z001_z002_z003_z004_z004_z005_z003_z006_z018_z006_z007_z008_z006_z009_z010
p451	z001_z002_z003_z004_z004_z005_z003_z006_z020_z016_z006_z017_z006_z017_z010
p452	z001_z002_z003_z004_z004_z005_z003_z006_z020_z016_z006_z017_z008_z006_z017_z010
p453	z001_z002_z003_z004_z004_z005_z003_z006_z020_z016_z006_z017_z020_z016_z006_z017_z010
p454	z001_z002_z003_z004_z004_z005_z003_z006_z020_z016_z006_z020_z016_z006_z017_z010
p455	z001_z002_z003_z004_z004_z005_z003_z006_z020_z016_z020_z016_z006_z017_z010
p456	z001_z002_z003_z004_z004_z005_z003_z006_z042_z010
p457	z001_z002_z003_z004_z004_z005_z003_z006_z043_z004_z005_z003_z007_z008_z006_z009_z010
p458	z001_z002_z003_z004_z004_z005_z003_z006_z048_z006_z011_z007_z008_z006_z009_z010
p459	z001_z002_z003_z004_z004_z005_z003_z006_z048_z007_z008_z006_z011_z007_z008_z006_z009_z010
p460	z001_z002_z003_z004_z004_z005_z003_z006_z048_z048_z007_z008_z006_z009_z010
p461	z001_z002_z003_z004_z004_z005_z003_z006_z048_z048_z049_z007_z008_z006_z009_z010
p462	z001_z002_z003_z004_z004_z005_z003_z006_z060_z006_z009_z010
p463	z001_z002_z003_z004_z004_z005_z003_z006_z060_z007_z060_z060_z007_z008_z006_z009_z010
p464	z001_z002_z003_z004_z004_z005_z003_z006_z060_z011_z007_z008_z006_z009_z010
p465	z001_z002_z003_z004_z004_z005_z003_z007_z008_z006_z009_z010
p466	z001_z002_z003_z004_z004_z005_z003_z008_z006_z009_z010
p467	z001_z002_z003_z004_z004_z005_z003_z018_z003_z006_z011_z008_z012_z008_z009
p468	z001_z002_z003_z004_z004_z005_z003_z043_z003_z004_z004_z005_z048_z007_z008_z006_z009_z010
p469	z001_z002_z003_z004_z004_z005_z003_z045_z011_z011_z007_z008_z006_z009_z010
p470	z001_z002_z003_z004_z004_z005_z003_z046_z005_z003_z006_z011_z007_z008_z006_z009_z010
p471	z001_z002_z003_z004_z004_z005_z003_z049_z006_z006_z007_z008_z005_z003_z049_z006_z006_z007_z008_z006_z009_z010
p472	z001_z002_z003_z004_z004_z005_z004_z004_z003_z006_z007_z008_z006_z009_z010
p473	z001_z002_z003_z004_z004_z005_z004_z004_z005_z003_z006_z007_z008_z006_z009_z010
p474	z001_z002_z003_z004_z004_z005_z004_z004_z047_z004_z005_z003_z006_z007_z008_z006_z009_z010
p475	z001_z002_z003_z004_z004_z005_z004_z005_z003_z006_z007_z008_z006_z009_z010
p476	z001_z002_z003_z004_z004_z005_z004_z018_z003_z006_z011_z008_z012_z008_z009_z010
p477	z001_z002_z003_z004_z004_z005_z005_z003_z006_z011_z007_z008_z006_z009_z010
p478	z001_z002_z003_z004_z004_z005_z005_z004_z004_z003_z003_z006_z007_z008_z006_z009_z010
p479	z001_z002_z003_z004_z004_z005_z005_z005_z003_z006_z007_z005_z004_z005_z005_z003_z006_z020_z016_z006_z017_z010
p480	z001_z002_z003_z004_z004_z005_z005_z005_z003_z006_z007_z011_z006_z017_z010
p481	z001_z002_z003_z004_z004_z005_z005_z006_z009_z010
p482	z001_z002_z003_z004_z004_z005_z006_z007_z004_z003_z006_z007_z008_z006_z009_z010
p483	z001_z002_z003_z004_z004_z005_z006_z007_z006_z006_z003_z006_z007_z008_z006_z009_z010
p484	z001_z002_z003_z004_z004_z005_z006_z007_z008_z006_z009_z010
p485	z001_z002_z003_z004_z004_z005_z006_z009_z010
p486	z001_z002_z003_z004_z004_z005_z007_z008_z006_z009_z010
p487	z001_z002_z003_z004_z004_z005_z043_z005_z003_z006_z007_z008_z006_z009_z010
p488	z001_z002_z003_z004_z004_z005_z043_z005_z006_z007_z008_z006_z009_z010
p489	z001_z002_z003_z004_z004_z005_z043_z006_z007_z008_z006_z009_z006_z006_z006_z007_z008_z006_z009_z010
p490	z001_z002_z003_z004_z004_z005_z043_z043_z005_z003_z006_z007_z008_z006_z009_z010
p491	z001_z002_z003_z004_z004_z005_z043_z043_z005_z043_z004_z005_z003_z006_z007_z008_z006_z009_z010
p492	z001_z002_z003_z004_z004_z005_z050_z050_z003_z004_z004_z005_z003_z006_z007_z008_z006_z009_z010
p493	z001_z002_z003_z004_z004_z005_z051_z022_z003_z006_z007_z008_z006_z009_z010
p494	z001_z002_z003_z004_z004_z005_z057_z010
p495	z001_z002_z003_z004_z004_z006_z005_z003_z021_z007_z008_z006_z009_z010
p496	z001_z002_z003_z004_z004_z006_z007_z008_z006_z009_z010
p497	z001_z002_z003_z004_z004_z006_z011_z008_z012_z008_z009_z010
p498	z001_z002_z003_z004_z004_z018_z004_z003_z003_z006_z011_z008_z012_z015_z009_z010
p499	z001_z002_z003_z004_z004_z018_z004_z018_z003_z006_z011_z008_z012_z008_z009_z010
p500	z001_z002_z003_z004_z004_z022_z003_z004_z004_z005_z003_z006_z007_z008_z006_z009_z010
p501	z001_z002_z003_z004_z004_z022_z003_z006_z003_z006_z003_z006_z007_z008_z006_z009_z010
p502	z001_z002_z003_z004_z004_z022_z003_z006_z007_z008_z003_z004_z004_z022_z003_z006_z007_z008_z006_z009_z010
p503	z001_z002_z003_z004_z004_z022_z003_z006_z007_z008_z004_z022_z003_z006_z007_z008_z006_z009_z010
p504	z001_z002_z003_z004_z004_z022_z003_z006_z007_z008_z052_z052_z008_z052_z052_z008_z006_z009_z010
p505	z001_z002_z003_z004_z004_z022_z004_z004_z022_z003_z006_z007_z008_z006_z009_z010
p506	z001_z002_z003_z004_z004_z022_z005_z005_z003_z006_z007_z008_z006_z009_z010
p507	z001_z002_z003_z004_z004_z043_z003_z003_z006_z011_z008_z012_z015_z009_z010
p508	z001_z002_z003_z004_z004_z043_z004_z005_z003_z006_z007_z008_z006_z009_z010
p509	z001_z002_z003_z004_z004_z043_z005_z003_z006_z007_z008_z006_z009_z010
p510	z001_z002_z003_z004_z004_z043_z005_z003_z006_z011_z007_z008_z006_z009_z010
p511	z001_z002_z003_z004_z004_z043_z018_z003_z006_z011_z008_z012_z008_z009_z010
p512	z001_z002_z003_z004_z004_z047_z003_z004_z022_z003_z006_z007_z008_z006_z009_z010
p513	z001_z002_z003_z004_z004_z047_z003_z005_z003_z006_z020_z016_z006_z017_z010
p514	z001_z002_z003_z004_z004_z047_z004_z005_z003_z006_z007_z008_z006_z009_z010
p515	z001_z002_z003_z004_z004_z047_z005_z003_z006_z007_z008_z006_z009_z010
p516	z001_z002_z003_z004_z005_z004_z004_z005_z003_z006_z020_z016_z006_z017_z010
p517	z001_z002_z003_z004_z006_z003_z006_z007_z008_z006_z009_z010
p518	z001_z002_z003_z004_z006_z007_z008_z006_z009_z010
p519	z001_z002_z003_z004_z014_z003_z006_z007_z008_z006_z009_z010
p520	z001_z002_z003_z004_z018_z003_z003_z003_z006_z011_z008_z012_z008_z009_z010
p521	z001_z002_z003_z004_z018_z003_z003_z004_z003_z003_z006_z011_z008_z012_z008_z009_z010
p522	z001_z002_z003_z004_z018_z003_z006_z004_z004_z005_z003_z006_z007_z008_z006_z009_z010
p523	z001_z002_z003_z004_z018_z003_z006_z011_z003_z003_z006_z011_z008_z012_z008_z009_z010
p524	z001_z002_z003_z004_z018_z003_z006_z011_z008_z031_z011_z008_z012_z008_z009_z010
p525	z001_z002_z003_z004_z018_z003_z006_z011_z008_z003_z006_z011_z008_z006_z009_z010
p526	z001_z002_z003_z004_z018_z003_z006_z011_z008_z008_z008_z012_z008_z009_z010
p527	z001_z002_z003_z004_z018_z003_z006_z011_z008_z012_z008_z008_z012_z008_z009_z010
p528	z001_z002_z003_z004_z018_z003_z006_z011_z008_z012_z008_z009
p529	z001_z002_z003_z004_z018_z003_z006_z011_z008_z012_z008_z009_z008_z009_z010
p530	z001_z002_z003_z004_z018_z003_z006_z011_z008_z012_z008_z018_z018_z004_z018_z003_z006_z011_z008_z012_z008_z009_z010
p531	z001_z002_z003_z004_z018_z003_z006_z011_z008_z012_z015_z029_z012_z028_z008_z009_z010
p532	z001_z002_z003_z004_z018_z003_z006_z011_z011_z036_z011_z008_z012_z008_z009_z010
p533	z001_z002_z003_z004_z018_z003_z006_z048_z008_z012_z008_z012_z008_z009_z010
p534	z001_z002_z003_z004_z018_z003_z006_z048_z052_z008_z008_z012_z008_z009_z010
p535	z001_z002_z003_z004_z018_z003_z012_z008_z009_z010
p536	z001_z002_z003_z004_z018_z004_z004_z003_z003_z006_z011_z008_z012_z008_z009_z010
p537	z001_z002_z003_z004_z018_z004_z004_z004_z003_z003_z006_z011_z008_z012_z008_z009_z010
p538	z001_z002_z003_z004_z018_z004_z004_z004_z003_z004_z004_z003_z003_z006_z011_z008_z012_z008_z009
p539	z001_z002_z003_z004_z018_z004_z004_z005_z003_z006_z007_z008_z006_z009_z010
p540	z001_z002_z003_z004_z018_z012_z003_z004_z018_z003_z006_z011_z008_z012_z008_z009_z010
p541	z001_z002_z003_z004_z018_z018_z018_z004_z004_z005_z003_z006_z020_z016_z006_z017_z010
p542	z001_z002_z003_z004_z018_z050_z003_z004_z004_z005_z003_z006_z007_z008_z006_z009_z010
p543	z001_z002_z003_z004_z022_z043_z004_z005_z003_z043_z004_z022_z003_z006_z007_z008_z006_z009_z010
p544	z001_z002_z003_z004_z043_z004_z004_z005_z003_z006_z007_z008_z006_z009_z010
p545	z001_z002_z003_z004_z051_z004_z004_z003_z003_z006_z011_z008_z012_z008_z009
p546	z001_z002_z003_z004_z055_z053_z003_z004_z004_z005_z003_z006_z007_z008_z006_z009_z010
p547	z001_z002_z003_z004_z067_z003_z004_z051_z067_z003_z004_z004_z003_z003_z006_z011_z008_z012_z008_z009
p548	z001_z002_z003_z005_z003_z006_z007_z008_z006_z009_z010
p549	z001_z002_z003_z005_z004_z004_z004_z004_z005_z003_z006_z004_z004_z005_z003_z006_z007_z008_z006_z009_z010
p550	z001_z002_z003_z006_z007_z008_z006_z009_z010
p551	z001_z002_z003_z006_z011_z008_z012_z008_z009
p552	z001_z002_z003_z006_z011_z008_z012_z008_z009_z010
p553	z001_z002_z003_z006_z011_z008_z012_z015_z017_z004_z004_z003_z003_z006_z011_z008_z012_z015_z009_z010
p554	z001_z002_z003_z008_z006_z009_z010
p555	z001_z002_z003_z011_z008_z012_z008_z009_z010
p556	z001_z002_z003_z018_z004_z004_z003_z003_z003_z006_z011_z008_z012_z008_z009_z010
p557	z001_z002_z003_z018_z004_z004_z003_z003_z006_z011_z008_z012_z008_z009
p558	z001_z002_z003_z043_z003_z004_z004_z005_z003_z006_z007_z008_z006_z009_z010
p559	z001_z002_z003_z043_z004_z004_z004_z004_z003_z003_z006_z011_z008_z012_z008_z009_z010
p560	z001_z002_z003_z051_z018_z004_z004_z005_z003_z006_z007_z008_z006_z009_z010
p561	z001_z002_z003_z051_z043_z051_z003_z004_z004_z003_z003_z006_z011_z008_z012_z008_z009_z010
p562	z001_z002_z004_z004_z003_z003_z006_z011_z008_z012_z008_z009_z010
p563	z001_z002_z004_z004_z003_z003_z006_z011_z008_z012_z015_z009_z010
p564	z001_z002_z004_z004_z003_z004_z004_z005_z003_z006_z007_z008_z006_z009_z010
p565	z001_z002_z004_z004_z005_z003_z006_z007_z008_z006_z009_z010
p566	z001_z002_z007_z008_z006_z009_z010
p567	z001_z002_z043_z003_z004_z003_z004_z003_z004_z004_z005_z003_z006_z007_z008_z006_z009_z010
p568	z001_z002_z043_z004_z005_z003_z006_z007_z008_z006_z009_z010
p569	z001_z002_z043_z005_z003_z006_z007_z008_z006_z009_z010
p570	z001_z002_z046_z003_z004_z004_z005_z003_z006_z007_z008_z006_z009_z010
p571	z001_z002_z061_z018_z004_z004_z005_z003_z006_z007_z008_z006_z009_z010
p572	z001_z003_z004_z004_z003_z003_z006_z011_z008_z012_z008_z009
p573	z001_z004_z004_z005_z003_z006_z007_z008_z006_z009_z010
p574	z001_z006_z007_z008_z006_z009_z010
p575	z001_z044_z003_z006_z007_z008_z006_z009_z010
p576	z001_z044_z003_z006_z011_z008_z012_z008_z009_z010
p577	z001_z044_z004_z004_z005_z003_z006_z007_z008_z006_z009_z010
p578	z001_z062_z003_z003_z004_z004_z003_z003_z006_z011_z008_z012_z008_z009
p579	z001_z002_z003_z069_z004_z005_z003_z006_z007_z008_z006_z009_z010
p580	z001_z002_z003_z004_z004_z005_z003_z006_z007_z008_z006_z070_z010
p581	z001_z002_z003_z004_z004_z005_z003_z071_z007_z008_z006_z009_z010
p582	z001_z002_z018_z004_z004_z005_z003_z006_z007_z008_z006_z009_z010
p583	z001_z002_z003_z004_z004_z005_z003_z068_z007_z008_z006_z017_z010
p584	z001_z002_z003_z004_z014_z003_z006_z007_z007_z008_z006_z009_z010
p585	z001_z002_z003_z004_z004_z003_z003_z006_z011_z008_z012_z008_z008_z008_z009_z010
p586	z001_z002_z003_z072_z004_z003_z003_z006_z007_z008_z006_z009_z010
p587	z001_z002_z003_z004_z004_z005_z003_z006_z007_z011_z017_z010
p588	z001_z002_z003_z004_z004_z003_z003_z003_z004_z004_z003_z006_z011_z008_z012_z028_z008_z009_z010
p589	z001_z002_z043_z004_z004_z003_z003_z003_z006_z011_z008_z012_z015_z009_z010
p590	z001_z002_z003_z004_z004_z003_z003_z003_z006_z011_z008_z076_z008_z009_z010
p591	z001_z002_z003_z004_z004_z043_z004_z004_z043_z043_z003_z006_z007_z008_z006_z009_z010
p592	z001_z002_z077_z004_z004_z005_z003_z006_z007_z008_z008_z006_z009_z010
p593	z001_z002_z003_z004_z004_z004_z003_z003_z006_z007_z008_z006_z010
p594	z001_z002_z003_z004_z004_z003_z003_z006_z011_z008_z012_z048_z009_z010
p595	z001_z002_z003_z004_z004_z005_z003_z068_z007_z008_z006_z009_z010
p596	z001_z002_z003_z018_z004_z005_z003_z006_z007_z008_z006_z009_z010
p597	z001_z002_z003_z003_z003_z006_z007_z008_z006_z009_z010
p598	z001_z002_z003_z004_z004_z005_z003_z004_z005_z003_z006_z007_z008_z008_z006_z009_z010
p599	z001_z002_z003_z072_z078_z003_z003_z006_z007_z008_z006_z009_z010
p600	z001_z002_z003_z004_z004_z079_z003_z006_z007_z008_z006_z009_z010
p601	z001_z002_z003_z004_z004_z005_z003_z006_z007_z008_z006_z009_z080
p602	z001_z002_z003_z004_z004_z003_z003_z006_z048_z008_z008_z009_z010
p603	z001_z002_z003_z081_z004_z005_z003_z006_z007_z008_z006_z009_z010
p604	z001_z002_z003_z004_z004_z005_z082_z006_z007_z008_z006_z009_z010
p605	z001_z002_z003_z004_z004_z005_z003_z006_z011_z008_z012_z015_z009_z010
p606	z001_z002_z003_z004_z004_z003_z003_z006_z048_z008_z012_z008_z009_z010
p607	z001_z002_z003_z004_z005_z003_z006_z007_z008_z045_z010
p608	z001_z083_z003_z004_z004_z005_z003_z006_z007_z011_z006_z017_z010
p609	z001_z002_z003_z004_z004_z003_z003_z006_z007_z008_z006_z063_z009_z010
p610	z001_z002_z003_z043_z004_z005_z003_z006_z007_z008_z006_z009_z010
p611	z001_z002_z003_z004_z004_z073_z003_z006_z007_z008_z006_z009_z010
p612	z001_z002_z003_z004_z043_z003_z003_z006_z007_z008_z006_z009_z010
p613	z001_z002_z003_z004_z004_z003_z003_z006_z007_z074_z006_z009_z010
p614	z001_z002_z003_z004_z004_z005_z003_z006_z007_z008_z006_z075_z010
P615	z001_z002_z003_z004_z003_z003_z006_z007_z008_z006_z009_z010
