StandardName	StandardZnfContent	Alleva.2021	Berg.2010	Berg.2011	Beyter.2021	Borel.2012	Hussin.2013	Jeffreys.2013	Ponting.2011
p001	z001_z002_z003_z004_z004_z005_z003_z006_z007_z008_z006_z009_z010	A	A	A	NA	A	NA	Jeffreys306	A
p002	z001_z002_z003_z004_z004_z003_z003_z006_z007_z008_z006_z009_z010	B	B	B	chr5:23526974:XN.5	B	NA	NA	B
p003	z001_z002_z003_z004_z004_z003_z003_z006_z011_z008_z012_z008_z009_z010	C	C	C	NA	C	NA	Jeffreys123	C
p004	z001_z002_z003_z004_z004_z005_z003_z006_z011_z007_z008_z006_z009_z010	D	D	D	NA	D	NA	Jeffreys394	D
p005	z001_z002_z003_z004_z008_z006_z009_z010	E	E	E	chr5:23526974:DN.1	E	NA	Jeffreys500	E
p006	z001_z002_z003_z004_z007_z008_z006_z009_z010	L1	L1	L1	chr5:23526974:DN.2	L1	NA	Jeffreys499	L1
p007	z001_z003_z004_z004_z005_z003_z006_z007_z008_z006_z009_z010	L10	L10	L10	NA	NA	NA	Jeffreys557	L10
p008	z001_z002_z003_z004_z004_z005_z003_z006_z007_z008_z009_z010	L11	L11	L11	NA	NA	NA	Jeffreys338	L11
p009	z001_z002_z003_z004_z004_z003_z003_z003_z006_z007_z008_z006_z010	L12	L12	L12	NA	NA	NA	Jeffreys040	L12
p010	z001_z002_z003_z004_z004_z005_z003_z006_z007_z008_z017_z009_z010	L13	L13	L13	NA	NA	NA	NA	L13
p011	z001_z002_z003_z004_z004_z003_z003_z006_z011_z008_z012_z015_z009_z010	L14	L14	L14	NA	NA	NA	Jeffreys165	L14
p012	z001_z002_z003_z004_z004_z003_z003_z006_z011_z008_z012_z008_z009	L15	L15	L15	NA	NA	NA	Jeffreys120	L15
p013	z001_z002_z003_z004_z018_z003_z006_z011_z008_z012_z008_z009_z010	L16	L16	L16	NA	NA	NA	Jeffreys512	L16
p014	z001_z002_z003_z004_z004_z011_z003_z003_z006_z011_z008_z012_z008_z009_z010	L17	L17	L17	NA	NA	NA	NA	L17
p015	z001_z002_z004_z004_z019_z003_z006_z011_z008_z012_z015_z009_z010	L18	L18	L18	NA	NA	NA	NA	L18
p016	z001_z002_z003_z004_z004_z003_z003_z006_z011_z008_z012_z008_z017_z009_z010	L19	L19	L19	NA	L19	NA	Jeffreys139	L19
p017	z001_z002_z003_z004_z004_z003_z006_z007_z008_z006_z009_z010	L2	L2	L2	NA	NA	NA	Jeffreys222	L2
p018	z001_z002_z003_z004_z004_z005_z003_z006_z007_z011_z006_z017_z010	L20	L20	L20	NA	NA	NA	Jeffreys353	L20
p019	z001_z002_z003_z004_z004_z005_z005_z003_z006_z007_z008_z006_z009_z010	L21	L21	L21	NA	NA	NA	Jeffreys454	L21
p020	z001_z002_z003_z004_z004_z005_z003_z006_z007_z008_z008_z006_z009_z010	L22	L22	L22	NA	NA	NA	Jeffreys334	L22
p021	z001_z002_z003_z004_z004_z005_z003_z006_z006_z008_z006_z017_z010	L23	L23	L23	NA	NA	NA	NA	L23
p022	z001_z002_z003_z004_z004_z005_z003_z006_z020_z016_z006_z017_z010	L24	L24	L24	NA	NA	NA	Jeffreys429	NA
p023	z001_z002_z003_z004_z005_z003_z006_z007_z008_z006_z009_z010	L3	L3	L3	NA	NA	NA	Jeffreys495	L3
p024	z001_z002_z003_z004_z004_z003_z003_z003_z004_z004_z003_z006_z011_z008_z012_z008_z009_z010	L4	L4	L4	NA	NA	NA	NA	L4
p025	z001_z002_z003_z004_z004_z005_z003_z006_z009_z010	L5	L5	L5	NA	NA	NA	Jeffreys370	L5
p026	z001_z002_z003_z004_z004_z003_z003_z003_z006_z011_z008_z012_z015_z009_z010	L6	L6	L6	NA	NA	NA	Jeffreys050	L6
p027	z001_z002_z003_z004_z004_z003_z003_z006_z007_z008_z006_z010	L7	L7	L7	NA	NA	NA	NA	L7
p028	z001_z002_z003_z004_z004_z005_z003_z003_z006_z011_z008_z012_z008_z009_z010	L8	L8	L8	NA	NA	NA	NA	L8
p029	z001_z002_z003_z004_z004_z005_z003_z006_z007_z016_z006_z017_z010	L9	L9	L9	NA	NA	NA	NA	L9
p030	z001_z002_z003_z004_z004_z005_z003_z006_z021_z008_z006_z009_z010	M4	NA	L25	NA	NA	NA	NA	NA
p031	z001_z002_z003_z004_z004_z005_z003_z006_z007_z008_z006_z017_z010	M10	NA	L26	NA	NA	L37	NA	NA
p032	z001_z002_z003_z004_z004_z022_z003_z006_z007_z008_z006_z009_z010	L27	NA	L27	NA	NA	NA	Jeffreys482	NA
p033	z001_z002_z003_z004_z004_z005_z003_z003_z006_z013_z010	baudat_F	NA	NA	NA	F	NA	NA	NA
p034	z001_z002_z003_z003_z004_z003_z003_z006_z011_z008_z012_z008_z008_z008_z009_z010	NA	NA	NA	NA	I	NA	NA	NA
p035	z001_z002_z003_z004_z007_z008_z006_z009_z007_z008_z006_z009_z010	NA	NA	NA	NA	L28	NA	NA	NA
p036	z001_z002_z003_z004_z005_z003_z004_z003_z003_z006_z007_z008_z006_z009_z010	NA	NA	NA	NA	L29	NA	NA	NA
p037	z001_z002_z003_z004_z004_z008_z003_z006_z011_z008_z012_z008_z009_z010	NA	NA	NA	NA	L30	NA	NA	NA
p038	z001_z002_z005_z003_z006_z007_z008_z006_z009_z010	Av:0128	NA	NA	NA	L31	NA	Jeffreys549	NA
p039	z033_z011_z008_z012_z008_z009_z010	Cv:0189	NA	NA	NA	NA	NA	Jeffreys001	NA
p040	z001_z002_z002_z003_z004_z004_z003_z003_z006_z011_z008_z012_z008_z009_z010	Cv:0391	NA	NA	NA	NA	NA	Jeffreys002	NA
p041	z001_z002_z003_z003_z002_z003_z004_z004_z022_z003_z006_z007_z008_z006_z009_z010	L27v:0078	NA	NA	NA	NA	NA	Jeffreys003	NA
p042	z001_z002_z003_z003_z003_z003_z004_z004_z003_z003_z006_z011_z008_z012_z015_z009_z010	L14v:0339	NA	NA	NA	NA	NA	Jeffreys004	NA
p043	z001_z002_z003_z003_z003_z003_z004_z004_z005_z003_z006_z007_z008_z006_z009_z010	Av:0358	NA	NA	NA	NA	NA	Jeffreys005	NA
p044	z001_z002_z003_z003_z003_z006_z011_z008_z012_z008_z009	L15v:0139	NA	NA	NA	NA	NA	Jeffreys006	NA
p045	z001_z002_z003_z003_z003_z043_z004_z003_z003_z006_z011_z008_z012_z015_z009_z010	L14v:0290	NA	NA	NA	NA	NA	Jeffreys007	NA
p046	z001_z002_z003_z003_z004_z004_z003_z003_z006_z011_z008_z012_z008_z009_z010	Cv:0190	NA	NA	NA	NA	NA	Jeffreys008	NA
p047	z001_z002_z003_z003_z004_z004_z005_z003_z006_z007_z008_z006_z009_z010	Av:0022	NA	NA	NA	NA	NA	Jeffreys009	NA
p048	z001_z002_z003_z003_z004_z004_z005_z003_z006_z011_z007_z008_z006_z009_z010	Dv:0508	NA	NA	NA	NA	NA	Jeffreys010	NA
p049	z001_z002_z003_z003_z004_z004_z005_z053_z003_z004_z004_z005_z003_z006_z007_z008_z006_z009_z010	Av:0092	NA	NA	NA	NA	NA	Jeffreys011	NA
p050	z001_z002_z003_z003_z006_z007_z008_z006_z009_z010	Av:0003	NA	NA	NA	NA	NA	Jeffreys012	NA
p051	z001_z002_z003_z003_z006_z011_z008_z012_z008_z009	L15v:0132	NA	NA	NA	NA	NA	Jeffreys013	NA
p052	z001_z002_z003_z003_z006_z011_z008_z012_z008_z009_z010	Cv:0203	NA	NA	NA	NA	NA	Jeffreys014	NA
p053	z001_z002_z003_z004_z036_z006_z007_z008_z006_z009_z010	Rv:0490	NA	NA	NA	NA	NA	Jeffreys015	NA
p054	z001_z002_z003_z004_z003_z003_z003_z004_z004_z003_z003_z006_z011_z008_z012_z015_z009_z010	L14v:0354	NA	NA	NA	NA	NA	Jeffreys016	NA
p055	z001_z002_z003_z004_z003_z003_z004_z003_z043_z004_z005_z003_z006_z007_z008_z006_z009_z010	Av:0117	NA	NA	NA	NA	NA	Jeffreys017	NA
p056	z001_z002_z003_z004_z003_z003_z006_z011_z008_z012_z008_z009	L15v:0157	NA	NA	NA	NA	NA	Jeffreys018	NA
p057	z001_z002_z003_z004_z003_z003_z006_z011_z008_z012_z008_z009_z010	Cv:0212	NA	NA	NA	NA	NA	Jeffreys019	NA
p058	z001_z002_z003_z004_z003_z003_z006_z011_z008_z012_z015_z009_z010	L14v:0302	NA	NA	NA	NA	NA	Jeffreys020	NA
p059	z001_z002_z003_z004_z003_z004_z004_z003_z003_z003_z006_z007_z008_z006_z010	L12v:0085	NA	NA	NA	NA	NA	Jeffreys021	NA
p060	z001_z002_z003_z004_z003_z004_z004_z003_z003_z006_z011_z008_z012_z008_z009_z010	Cv:0213	NA	NA	NA	NA	NA	Jeffreys022	NA
p061	z001_z002_z003_z004_z003_z004_z004_z005_z003_z004_z003_z004_z004_z005_z003_z006_z007_z008_z006_z009_z010	Av:0463	NA	NA	NA	NA	NA	Jeffreys023	NA
p062	z001_z002_z003_z004_z003_z004_z004_z005_z003_z006_z007_z008_z006_z009_z010	Av:0101	NA	NA	NA	NA	NA	Jeffreys024	NA
p063	z001_z002_z003_z004_z003_z004_z018_z003_z006_z011_z008_z012_z008_z009_z010	L16v:0379	NA	NA	NA	NA	NA	Jeffreys025	NA
p064	z001_z002_z003_z004_z004_z002_z043_z035_z002_z043_z004_z003_z003_z006_z011_z008_z012_z008_z009_z010	Cv:0239	NA	NA	NA	NA	NA	Jeffreys026	NA
p065	z001_z002_z003_z004_z004_z003_z038_z009_z010	L14v:0275	NA	NA	NA	NA	NA	Jeffreys027	NA
p066	z001_z002_z003_z004_z004_z003_z003_z003_z003_z003_z003_z006_z007_z008_z006_z010	L12v:0099	NA	NA	NA	NA	NA	Jeffreys028	NA
p067	z001_z002_z003_z004_z004_z003_z003_z003_z003_z004_z014_z003_z006_z007_z008_z006_z009_z010	Rv:0090	NA	NA	NA	NA	NA	Jeffreys029	NA
p068	z001_z002_z003_z004_z004_z003_z003_z003_z004_z004_z003_z004_z004_z003_z003_z006_z011_z008_z012_z008_z009_z010	Cv:0415	NA	NA	NA	NA	NA	Jeffreys030	NA
p069	z001_z002_z003_z004_z004_z003_z003_z003_z005_z003_z006_z007_z008_z006_z009_z010	Av:0242	NA	NA	NA	NA	NA	Jeffreys031	NA
p070	z001_z002_z003_z004_z004_z003_z003_z003_z006_z006_z011_z008_z012_z015_z009_z010	L14v:0363	NA	NA	NA	NA	NA	Jeffreys032	NA
p071	z001_z002_z003_z004_z004_z003_z003_z003_z006_z007_z003_z005_z003_z006_z007_z008_z006_z009_z010	Av:0357	NA	NA	NA	NA	NA	Jeffreys033	NA
p072	z001_z002_z003_z004_z004_z003_z003_z003_z006_z007_z006_z006_z007_z006_z006_z007_z008_z006_z010	L12v:0096	NA	NA	NA	NA	NA	Jeffreys034	NA
p073	z001_z002_z003_z004_z004_z003_z003_z003_z006_z007_z007_z052_z008_z006_z010	L12v:0087	NA	NA	NA	NA	NA	Jeffreys035	NA
p074	z001_z002_z003_z004_z004_z003_z003_z003_z006_z007_z008_z006_z006_z007_z008_z006_z008_z045_z010	L12v:0271	NA	NA	NA	NA	NA	Jeffreys036	NA
p075	z001_z002_z003_z004_z004_z003_z003_z003_z006_z007_z008_z006_z006_z007_z008_z006_z010	L12v:0086	NA	NA	NA	NA	NA	Jeffreys037	NA
p076	z001_z002_z003_z004_z004_z003_z003_z003_z006_z007_z008_z006_z007_z008_z006_z010	L12v:0263	NA	NA	NA	NA	NA	Jeffreys038	NA
p077	z001_z002_z003_z004_z004_z003_z003_z003_z006_z007_z008_z006_z009_z010	Rv:0150	NA	NA	NA	NA	NA	Jeffreys039	NA
p078	z001_z002_z003_z004_z004_z003_z003_z003_z006_z007_z008_z006_z011_z008_z008_z017_z010	Rv:0266	NA	NA	NA	NA	NA	Jeffreys041	NA
p079	z001_z002_z003_z004_z004_z003_z003_z003_z006_z007_z008_z007_z008_z006_z010	L12v:0089	NA	NA	NA	NA	NA	Jeffreys042	NA
p080	z001_z002_z003_z004_z004_z003_z003_z003_z006_z007_z008_z007_z008_z007_z007_z008_z012_z008_z009_z010	Rv:0273	NA	NA	NA	NA	NA	Jeffreys043	NA
p081	z001_z002_z003_z004_z004_z003_z003_z003_z006_z007_z008_z012_z008_z009_z010	Rv:0270	NA	NA	NA	NA	NA	Jeffreys044	NA
p082	z001_z002_z003_z004_z004_z003_z003_z003_z006_z007_z008_z045_z017_z017_z010	L12v:0091	NA	NA	NA	NA	NA	Jeffreys045	NA
p083	z001_z002_z003_z004_z004_z003_z003_z003_z006_z007_z011_z008_z048_z008_z006_z010	L12v:0100	NA	NA	NA	NA	NA	Jeffreys046	NA
p084	z001_z002_z003_z004_z004_z003_z003_z003_z006_z008_z006_z007_z008_z006_z010	L12v:0268	NA	NA	NA	NA	NA	Jeffreys047	NA
p085	z001_z002_z003_z004_z004_z003_z003_z003_z006_z011_z008_z012_z008_z009	L15v:0136	NA	NA	NA	NA	NA	Jeffreys048	NA
p086	z001_z002_z003_z004_z004_z003_z003_z003_z006_z011_z008_z012_z008_z009_z010	Cv:0196	NA	NA	NA	NA	NA	Jeffreys049	NA
p087	z001_z002_z003_z004_z004_z003_z003_z003_z006_z011_z008_z018_z003_z006_z011_z008_z012_z008_z009_z010	Cv:0240	NA	NA	NA	NA	NA	Jeffreys051	NA
p088	z001_z002_z003_z004_z004_z003_z003_z004_z004_z003_z003_z003_z003_z006_z011_z008_z012_z015_z009_z010	L14v:0333	NA	NA	NA	NA	NA	Jeffreys052	NA
p089	z001_z002_z003_z004_z004_z003_z003_z004_z004_z003_z003_z003_z006_z007_z008_z006_z010	L12v:0264	NA	NA	NA	NA	NA	Jeffreys053	NA
p090	z001_z002_z003_z004_z004_z003_z003_z004_z004_z003_z003_z006_z011_z008_z012_z008_z009_z010	Cv:0234	NA	NA	NA	NA	NA	Jeffreys054	NA
p091	z001_z002_z003_z004_z004_z003_z003_z004_z004_z005_z003_z006_z007_z008_z006_z009_z010	Rv:0181	NA	NA	NA	NA	NA	Jeffreys055	NA
p092	z001_z002_z003_z004_z004_z003_z003_z004_z018_z003_z006_z011_z008_z012_z008_z009_z010	Rv:0375	NA	NA	NA	NA	NA	Jeffreys056	NA
p093	z001_z002_z003_z004_z004_z003_z003_z005_z003_z006_z007_z008_z006_z009_z010	Rv:0401	NA	NA	NA	NA	NA	Jeffreys057	NA
p094	z001_z002_z003_z004_z004_z003_z003_z006_z037_z004_z004_z003_z003_z004_z004_z003_z003_z011_z008_z012_z008_z009_z010	Cv:0274	NA	NA	NA	NA	NA	Jeffreys058	NA
p095	z001_z002_z003_z004_z004_z003_z003_z006_z039_z009_z010	L14v:0284	NA	NA	NA	NA	NA	Jeffreys059	NA
p096	z001_z002_z003_z004_z004_z003_z003_z006_z003_z006_z011_z008_z012_z015_z009_z010	L14v:0364	NA	NA	NA	NA	NA	Jeffreys060	NA
p097	z001_z002_z003_z004_z004_z003_z003_z006_z005_z003_z006_z007_z008_z006_z009_z010	Rv:0412	NA	NA	NA	NA	NA	Jeffreys061	NA
p098	z001_z002_z003_z004_z004_z003_z003_z006_z006_z011_z008_z012_z008_z009_z010	Cv:0198	NA	NA	NA	NA	NA	Jeffreys062	NA
p099	z001_z002_z003_z004_z004_z003_z003_z006_z006_z011_z008_z012_z015_z009_z010	L14v:0319	NA	NA	NA	NA	NA	Jeffreys063	NA
p100	z001_z002_z003_z004_z004_z003_z003_z006_z007_z008_z011_z008_z012_z015_z009_z010	Rv:0368	NA	NA	NA	NA	NA	Jeffreys064	NA
p101	z001_z002_z003_z004_z004_z003_z003_z006_z007_z011_z008_z012_z008_z009	Rv:0144	NA	NA	NA	NA	NA	Jeffreys065	NA
p102	z001_z002_z003_z004_z004_z003_z003_z006_z007_z011_z008_z012_z015_z009_z010	Rv:0356	NA	NA	NA	NA	NA	Jeffreys066	NA
p103	z001_z002_z003_z004_z004_z003_z003_z006_z008_z011_z008_z012_z015_z009_z010	L14v:0374	NA	NA	NA	NA	NA	Jeffreys067	NA
p104	z001_z002_z003_z004_z004_z003_z003_z006_z008_z012_z008_z009	L15v:0163	NA	NA	NA	NA	NA	Jeffreys068	NA
p105	z001_z002_z003_z004_z004_z003_z003_z006_z008_z012_z008_z009_z010	Cv:0220	NA	NA	NA	NA	NA	Jeffreys069	NA
p106	z001_z002_z003_z004_z004_z003_z003_z006_z008_z012_z011_z008_z012_z015_z009_z010	L14v:0293	NA	NA	NA	NA	NA	Jeffreys070	NA
p107	z001_z002_z003_z004_z004_z003_z003_z006_z010	Cv:0195	NA	NA	NA	NA	NA	Jeffreys071	NA
p108	z001_z002_z003_z004_z004_z003_z003_z006_z011_z036_z012_z036_z012_z008_z009_z010	Cv:0260	NA	NA	NA	NA	NA	Jeffreys072	NA
p109	z001_z002_z003_z004_z004_z003_z003_z006_z011_z003_z003_z006_z011_z008_z012_z008_z009_z010	Cv:0317	NA	NA	NA	NA	NA	Jeffreys073	NA
p110	z001_z002_z003_z004_z004_z003_z003_z006_z011_z003_z006_z011_z008_z012_z015_z009_z010	L14v:0310	NA	NA	NA	NA	NA	Jeffreys074	NA
p111	z001_z002_z003_z004_z004_z003_z003_z006_z011_z008_z028_z012_z008_z009_z010	Cv:0394	NA	NA	NA	NA	NA	Jeffreys075	NA
p112	z001_z002_z003_z004_z004_z003_z003_z006_z011_z008_z034_z003_z008_z012_z008_z009_z010	Cv:0228	NA	NA	NA	NA	NA	Jeffreys076	NA
p113	z001_z002_z003_z004_z004_z003_z003_z006_z011_z008_z003_z003_z006_z011_z008_z008_z012_z008_z009	L15v:0184	NA	NA	NA	NA	NA	Jeffreys077	NA
p114	z001_z002_z003_z004_z004_z003_z003_z006_z011_z008_z003_z003_z006_z011_z008_z012_z015_z009_z010	L14v:0328	NA	NA	NA	NA	NA	Jeffreys078	NA
p115	z001_z002_z003_z004_z004_z003_z003_z006_z011_z008_z003_z004_z004_z003_z003_z006_z011_z008_z012_z008_z009_z010	Cv:0416	NA	NA	NA	NA	NA	Jeffreys079	NA
p116	z001_z002_z003_z004_z004_z003_z003_z006_z011_z008_z003_z006_z006_z011_z008_z052_z012_z008_z009_z010	Cv:0413	NA	NA	NA	NA	NA	Jeffreys080	NA
p117	z001_z002_z003_z004_z004_z003_z003_z006_z011_z008_z003_z006_z011_z008_z008_z060_z012_z008_z009_z010	Rv:0411	NA	NA	NA	NA	NA	Jeffreys081	NA
p118	z001_z002_z003_z004_z004_z003_z003_z006_z011_z008_z003_z006_z011_z008_z012_z008_z009_z010	Cv:0267	NA	NA	NA	NA	NA	Jeffreys082	NA
p119	z001_z002_z003_z004_z004_z003_z003_z006_z011_z008_z003_z006_z011_z008_z012_z015_z009_z010	L14v:0322	NA	NA	NA	NA	NA	Jeffreys083	NA
p120	z001_z002_z003_z004_z004_z003_z003_z006_z011_z008_z003_z006_z011_z015_z009_z010	L14v:0295	NA	NA	NA	NA	NA	Jeffreys084	NA
p121	z001_z002_z003_z004_z004_z003_z003_z006_z011_z008_z003_z008_z012_z008_z009_z010	Cv:0283	NA	NA	NA	NA	NA	Jeffreys085	NA
p122	z001_z002_z003_z004_z004_z003_z003_z006_z011_z008_z003_z012_z008_z009_z010	Cv:0204	NA	NA	NA	NA	NA	Jeffreys086	NA
p123	z001_z002_z003_z004_z004_z003_z003_z006_z011_z008_z004_z003_z003_z006_z011_z008_z012_z008_z009	L15v:0183	NA	NA	NA	NA	NA	Jeffreys087	NA
p124	z001_z002_z003_z004_z004_z003_z003_z006_z011_z008_z004_z004_z003_z003_z006_z011_z008_z012_z008_z009	L15v:0186	NA	NA	NA	NA	NA	Jeffreys088	NA
p125	z001_z002_z003_z004_z004_z003_z003_z006_z011_z008_z004_z004_z003_z003_z006_z011_z008_z012_z015_z009_z010	L14v:0337	NA	NA	NA	NA	NA	Jeffreys089	NA
p126	z001_z002_z003_z004_z004_z003_z003_z006_z011_z008_z006_z007_z008_z012_z008_z009	Rv:0176	NA	NA	NA	NA	NA	Jeffreys090	NA
p127	z001_z002_z003_z004_z004_z003_z003_z006_z011_z008_z006_z008_z012_z008_z009	L15v:0160	NA	NA	NA	NA	NA	Jeffreys091	NA
p128	z001_z002_z003_z004_z004_z003_z003_z006_z011_z008_z006_z011_z034_z006_z011_z008_z012_z015_z009_z010	L14v:0334	NA	NA	NA	NA	NA	Jeffreys092	NA
p129	z001_z002_z003_z004_z004_z003_z003_z006_z011_z008_z006_z011_z008_z012_z006_z011_z008_z012_z008_z009	L15v:0187	NA	NA	NA	NA	NA	Jeffreys093	NA
p130	z001_z002_z003_z004_z004_z003_z003_z006_z011_z008_z006_z012_z008_z005_z012_z008_z009	L15v:0180	NA	NA	NA	NA	NA	Jeffreys094	NA
p131	z001_z002_z003_z004_z004_z003_z003_z006_z011_z008_z006_z012_z008_z009_z010	Cv:0395	NA	NA	NA	NA	NA	Jeffreys095	NA
p132	z001_z002_z003_z004_z004_z003_z003_z006_z011_z008_z008_z009	L15v:0167	NA	NA	NA	NA	NA	Jeffreys096	NA
p133	z001_z002_z003_z004_z004_z003_z003_z006_z011_z008_z008_z009_z010	Cv:0298	NA	NA	NA	NA	NA	Jeffreys097	NA
p134	z001_z002_z003_z004_z004_z003_z003_z006_z011_z008_z008_z011_z011_z008_z008_z012_z015_z009_z010	L14v:0329	NA	NA	NA	NA	NA	Jeffreys098	NA
p135	z001_z002_z003_z004_z004_z003_z003_z006_z011_z008_z008_z012_z008_z009_z010	Cv:0202	NA	NA	NA	NA	NA	Jeffreys099	NA
p136	z001_z002_z003_z004_z004_z003_z003_z006_z011_z008_z009	L15v:0143	NA	NA	NA	NA	NA	Jeffreys100	NA
p137	z001_z002_z003_z004_z004_z003_z003_z006_z011_z008_z009_z010	Cv:0209	NA	NA	NA	NA	NA	Jeffreys101	NA
p138	z001_z002_z003_z004_z004_z003_z003_z006_z011_z008_z011_z008_z012_z015_z009_z010	L14v:0296	NA	NA	NA	NA	NA	Jeffreys102	NA
p139	z001_z002_z003_z004_z004_z003_z003_z006_z011_z008_z011_z011_z007_z012_z015_z009_z010	Rv:0345	NA	NA	NA	NA	NA	Jeffreys103	NA
p140	z001_z002_z003_z004_z004_z003_z003_z006_z011_z008_z011_z011_z008_z011_z008_z012_z008_z009_z010	Cv:0409	NA	NA	NA	NA	NA	Jeffreys104	NA
p141	z001_z002_z003_z004_z004_z003_z003_z006_z011_z008_z012_z032_z009_z010_z010	L14v:0377	NA	NA	NA	NA	NA	Jeffreys105	NA
p142	z001_z002_z003_z004_z004_z003_z003_z006_z011_z008_z012_z005_z005_z015_z009_z010	L14v:0365	NA	NA	NA	NA	NA	Jeffreys106	NA
p143	z001_z002_z003_z004_z004_z003_z003_z006_z011_z008_z012_z006_z011_z008_z009_z010	Cv:0408	NA	NA	NA	NA	NA	Jeffreys107	NA
p144	z001_z002_z003_z004_z004_z003_z003_z006_z011_z008_z012_z006_z011_z008_z012_z008_z009_z010	Cv:0235	NA	NA	NA	NA	NA	Jeffreys108	NA
p145	z001_z002_z003_z004_z004_z003_z003_z006_z011_z008_z012_z006_z012_z006_z008_z009	L15v:0175	NA	NA	NA	NA	NA	Jeffreys109	NA
p146	z001_z002_z003_z004_z004_z003_z003_z006_z011_z008_z012_z008_z003_z003_z009_z010	Cv:0261	NA	NA	NA	NA	NA	Jeffreys110	NA
p147	z001_z002_z003_z004_z004_z003_z003_z006_z011_z008_z012_z008_z003_z006_z011_z008_z011_z008_z012_z008_z009_z010	Cv:0417	NA	NA	NA	NA	NA	Jeffreys111	NA
p148	z001_z002_z003_z004_z004_z003_z003_z006_z011_z008_z012_z008_z003_z006_z011_z008_z012_z008_z009	L15v:0185	NA	NA	NA	NA	NA	Jeffreys112	NA
p149	z001_z002_z003_z004_z004_z003_z003_z006_z011_z008_z012_z008_z003_z006_z011_z015_z009_z010	L14v:0378	NA	NA	NA	NA	NA	Jeffreys113	NA
p150	z001_z002_z003_z004_z004_z003_z003_z006_z011_z008_z012_z008_z003_z011_z008_z012_z012_z015_z009_z010	L14v:0335	NA	NA	NA	NA	NA	Jeffreys114	NA
p151	z001_z002_z003_z004_z004_z003_z003_z006_z011_z008_z012_z008_z006_z007_z008_z006_z009_z010	Rv:0355	NA	NA	NA	NA	NA	Jeffreys115	NA
p152	z001_z002_z003_z004_z004_z003_z003_z006_z011_z008_z012_z008_z006_z009_z010	Rv:0405	NA	NA	NA	NA	NA	Jeffreys116	NA
p153	z001_z002_z003_z004_z004_z003_z003_z006_z011_z008_z012_z008_z006_z011_z008_z012_z008_z012_z015_z009_z010	L14v:0338	NA	NA	NA	NA	NA	Jeffreys117	NA
p154	z001_z002_z003_z004_z004_z003_z003_z006_z011_z008_z012_z008_z008_z009_z010	Cv:0208	NA	NA	NA	NA	NA	Jeffreys118	NA
p155	z001_z002_z003_z004_z004_z003_z003_z006_z011_z008_z012_z008_z008_z012_z008_z009_z010	Cv:0230	NA	NA	NA	NA	NA	Jeffreys119	NA
p156	z001_z002_z003_z004_z004_z003_z003_z006_z011_z008_z012_z008_z009_z041_z009_z010	L14v:0301	NA	NA	NA	NA	NA	Jeffreys121	NA
p157	z001_z002_z003_z004_z004_z003_z003_z006_z011_z008_z012_z008_z009_z025_z006_z011_z008_z012_z008_z009_z010	Cv:0414	NA	NA	NA	NA	NA	Jeffreys122	NA
p158	z001_z002_z003_z004_z004_z003_z003_z006_z011_z008_z012_z008_z009_z010_z010	Cv:0211	NA	NA	NA	NA	NA	Jeffreys124	NA
p159	z001_z002_z003_z004_z004_z003_z003_z006_z011_z008_z012_z008_z009_z045_z010	Cv:0399	NA	NA	NA	NA	NA	Jeffreys125	NA
p160	z001_z002_z003_z004_z004_z003_z003_z006_z011_z008_z012_z008_z009_z065_z009_z010	Cv:0288	NA	NA	NA	NA	NA	Jeffreys126	NA
p161	z001_z002_z003_z004_z004_z003_z003_z006_z011_z008_z012_z008_z011_z008_z012_z008_z011_z008_z012_z008_z009_z010	L14v:0361	NA	NA	NA	NA	NA	Jeffreys127	NA
p162	z001_z002_z003_z004_z004_z003_z003_z006_z011_z008_z012_z008_z012_z008_z008_z009_z010	Cv:0309	NA	NA	NA	NA	NA	Jeffreys128	NA
p163	z001_z002_z003_z004_z004_z003_z003_z006_z011_z008_z012_z008_z012_z008_z009_z010	Cv:0223	NA	NA	NA	NA	NA	Jeffreys129	NA
p164	z001_z002_z003_z004_z004_z003_z003_z006_z011_z008_z012_z008_z012_z008_z015_z009_z010	L14v:0312	NA	NA	NA	NA	NA	Jeffreys130	NA
p165	z001_z002_z003_z004_z004_z003_z003_z006_z011_z008_z012_z008_z012_z009_z010	Cv:0316	NA	NA	NA	NA	NA	Jeffreys131	NA
p166	z001_z002_z003_z004_z004_z003_z003_z006_z011_z008_z012_z008_z012_z012_z008_z012_z012_z008_z009_z010	Cv:0241	NA	NA	NA	NA	NA	Jeffreys132	NA
p167	z001_z002_z003_z004_z004_z003_z003_z006_z011_z008_z012_z008_z012_z015_z009_z010	L14v:0297	NA	NA	NA	NA	NA	Jeffreys133	NA
p168	z001_z002_z003_z004_z004_z003_z003_z006_z011_z008_z012_z008_z012_z049_z009_z010	Cv:0410	NA	NA	NA	NA	NA	Jeffreys134	NA
p169	z001_z002_z003_z004_z004_z003_z003_z006_z011_z008_z012_z008_z012_z058_z010	Cv:0265	NA	NA	NA	NA	NA	Jeffreys135	NA
p170	z001_z002_z003_z004_z004_z003_z003_z006_z011_z008_z012_z008_z015_z009_z010	L14v:0325	NA	NA	NA	NA	NA	Jeffreys136	NA
p171	z001_z002_z003_z004_z004_z003_z003_z006_z011_z008_z012_z008_z017_z006_z010	Rv:0272	NA	NA	NA	NA	NA	Jeffreys137	NA
p172	z001_z002_z003_z004_z004_z003_z003_z006_z011_z008_z012_z008_z017_z008_z009_z010	Cv:0225	NA	NA	NA	NA	NA	Jeffreys138	NA
p173	z001_z002_z003_z004_z004_z003_z003_z006_z011_z008_z012_z008_z017_z011_z008_z012_z008_z009_z010	Cv:0238	NA	NA	NA	NA	NA	Jeffreys140	NA
p174	z001_z002_z003_z004_z004_z003_z003_z006_z011_z008_z012_z008_z017_z012_z008_z009_z010	Cv:0231	NA	NA	NA	NA	NA	Jeffreys141	NA
p175	z001_z002_z003_z004_z004_z003_z003_z006_z011_z008_z012_z008_z017_z017_z008_z009_z010	Cv:0232	NA	NA	NA	NA	NA	Jeffreys142	NA
p176	z001_z002_z003_z004_z004_z003_z003_z006_z011_z008_z012_z008_z063_z009	L15v:0138	NA	NA	NA	NA	NA	Jeffreys143	NA
p177	z001_z002_z003_z004_z004_z003_z003_z006_z011_z008_z012_z008_z065_z009	Rv:0147	NA	NA	NA	NA	NA	Jeffreys144	NA
p178	z001_z002_z003_z004_z004_z003_z003_z006_z011_z008_z012_z009	L15v:0169	NA	NA	NA	NA	NA	Jeffreys145	NA
p179	z001_z002_z003_z004_z004_z003_z003_z006_z011_z008_z012_z009_z010	Cv:0224	NA	NA	NA	NA	NA	Jeffreys146	NA
p180	z001_z002_z003_z004_z004_z003_z003_z006_z011_z008_z012_z010	Uv:0292	NA	NA	NA	NA	NA	Jeffreys147	NA
p181	z001_z002_z003_z004_z004_z003_z003_z006_z011_z008_z012_z011_z008_z005_z008_z009_z010	Cv:0396	NA	NA	NA	NA	NA	Jeffreys148	NA
p182	z001_z002_z003_z004_z004_z003_z003_z006_z011_z008_z012_z011_z008_z009_z010	Cv:0314	NA	NA	NA	NA	NA	Jeffreys149	NA
p183	z001_z002_z003_z004_z004_z003_z003_z006_z011_z008_z012_z011_z008_z012_z008_z009_z010	Cv:0229	NA	NA	NA	NA	NA	Jeffreys150	NA
p184	z001_z002_z003_z004_z004_z003_z003_z006_z011_z008_z012_z011_z008_z012_z008_z012_z058_z010	Cv:0406	NA	NA	NA	NA	NA	Jeffreys151	NA
p185	z001_z002_z003_z004_z004_z003_z003_z006_z011_z008_z012_z011_z008_z012_z015_z009_z010	L14v:0311	NA	NA	NA	NA	NA	Jeffreys152	NA
p186	z001_z002_z003_z004_z004_z003_z003_z006_z011_z008_z012_z011_z017_z063_z008_z012_z008_z045_z010	Cv:0269	NA	NA	NA	NA	NA	Jeffreys153	NA
p187	z001_z002_z003_z004_z004_z003_z003_z006_z011_z008_z012_z012_z005_z003_z006_z011_z015_z009_z010	L14v:0330	NA	NA	NA	NA	NA	Jeffreys154	NA
p188	z001_z002_z003_z004_z004_z003_z003_z006_z011_z008_z012_z012_z005_z012_z015_z009_z010	L14v:0313	NA	NA	NA	NA	NA	Jeffreys155	NA
p189	z001_z002_z003_z004_z004_z003_z003_z006_z011_z008_z012_z012_z008_z009_z010	Cv:0206	NA	NA	NA	NA	NA	Jeffreys156	NA
p190	z001_z002_z003_z004_z004_z003_z003_z006_z011_z008_z012_z012_z011_z008_z012_z008_z009_z010	Cv:0407	NA	NA	NA	NA	NA	Jeffreys157	NA
p191	z001_z002_z003_z004_z004_z003_z003_z006_z011_z008_z012_z012_z011_z008_z012_z012_z008_z009_z010	Cv:0237	NA	NA	NA	NA	NA	Jeffreys158	NA
p192	z001_z002_z003_z004_z004_z003_z003_z006_z011_z008_z012_z012_z012_z008_z009_z010	Cv:0285	NA	NA	NA	NA	NA	Jeffreys159	NA
p193	z001_z002_z003_z004_z004_z003_z003_z006_z011_z008_z012_z012_z015_z009_z010	L14v:0323	NA	NA	NA	NA	NA	Jeffreys160	NA
p194	z001_z002_z003_z004_z004_z003_z003_z006_z011_z008_z012_z014_z005_z008_z009	L15v:0162	NA	NA	NA	NA	NA	Jeffreys161	NA
p195	z001_z002_z003_z004_z004_z003_z003_z006_z011_z008_z012_z015_z008_z024_z009_z010	L14v:0366	NA	NA	NA	NA	NA	Jeffreys162	NA
p196	z001_z002_z003_z004_z004_z003_z003_z006_z011_z008_z012_z015_z008_z012_z015_z009_z010	L14v:0341	NA	NA	NA	NA	NA	Jeffreys163	NA
p197	z001_z002_z003_z004_z004_z003_z003_z006_z011_z008_z012_z015_z009_z009_z009_z010	L14v:0367	NA	NA	NA	NA	NA	Jeffreys164	NA
p198	z001_z002_z003_z004_z004_z003_z003_z006_z011_z008_z012_z015_z009_z012_z012_z015_z009_z010	L14v:0326	NA	NA	NA	NA	NA	Jeffreys166	NA
p199	z001_z002_z003_z004_z004_z003_z003_z006_z011_z008_z012_z015_z012_z008_z012_z008_z009_z010	Rv:0327	NA	NA	NA	NA	NA	Jeffreys167	NA
p200	z001_z002_z003_z004_z004_z003_z003_z006_z011_z008_z012_z015_z012_z015_z009_z010	L14v:0299	NA	NA	NA	NA	NA	Jeffreys168	NA
p201	z001_z002_z003_z004_z004_z003_z003_z006_z011_z008_z012_z015_z017_z008_z012_z015_z009_z010	L14v:0324	NA	NA	NA	NA	NA	Jeffreys169	NA
p202	z001_z002_z003_z004_z004_z003_z003_z006_z011_z008_z012_z015_z017_z008_z017_z008_z009_z010	Rv:0382	NA	NA	NA	NA	NA	Jeffreys170	NA
p203	z001_z002_z003_z004_z004_z003_z003_z006_z011_z008_z012_z015_z017_z009_z010	L14v:0353	NA	NA	NA	NA	NA	Jeffreys171	NA
p204	z001_z002_z003_z004_z004_z003_z003_z006_z011_z008_z012_z015_z017_z012_z015_z009_z010	L14v:0315	NA	NA	NA	NA	NA	Jeffreys172	NA
p205	z001_z002_z003_z004_z004_z003_z003_z006_z011_z008_z012_z015_z017_z015_z009_z010	L14v:0386	NA	NA	NA	NA	NA	Jeffreys173	NA
p206	z001_z002_z003_z004_z004_z003_z003_z006_z011_z008_z012_z048_z008_z012_z008_z009_z010	Cv:0398	NA	NA	NA	NA	NA	Jeffreys174	NA
p207	z001_z002_z003_z004_z004_z003_z003_z006_z011_z008_z012_z048_z049_z009_z010	Cv:0397	NA	NA	NA	NA	NA	Jeffreys175	NA
p208	z001_z002_z003_z004_z004_z003_z003_z006_z011_z008_z012_z058	L15v:0170	NA	NA	NA	NA	NA	Jeffreys176	NA
p209	z001_z002_z003_z004_z004_z003_z003_z006_z011_z008_z012_z058_z010	Cv:0226	NA	NA	NA	NA	NA	Jeffreys177	NA
p210	z001_z002_z003_z004_z004_z003_z003_z006_z011_z008_z012_z058_z012_z008_z003_z008_z009_z010	Cv:0404	NA	NA	NA	NA	NA	Jeffreys178	NA
p211	z001_z002_z003_z004_z004_z003_z003_z006_z011_z008_z012_z058_z017_z009_z010	L14v:0351	NA	NA	NA	NA	NA	Jeffreys179	NA
p212	z001_z002_z003_z004_z004_z003_z003_z006_z011_z008_z015_z009_z010	L14v:0308	NA	NA	NA	NA	NA	Jeffreys180	NA
p213	z001_z002_z003_z004_z004_z003_z003_z006_z011_z008_z059	L15v:0145	NA	NA	NA	NA	NA	Jeffreys181	NA
p214	z001_z002_z003_z004_z004_z003_z003_z006_z011_z008_z059_z040	Uv:0289	NA	NA	NA	NA	NA	Jeffreys182	NA
p215	z001_z002_z003_z004_z004_z003_z003_z006_z011_z009_z010	Cv:0205	NA	NA	NA	NA	NA	Jeffreys183	NA
p216	z001_z002_z003_z004_z004_z003_z003_z006_z011_z010	Cv:0201	NA	NA	NA	NA	NA	Jeffreys184	NA
p217	z001_z002_z003_z004_z004_z003_z003_z006_z011_z011_z003_z006_z011_z008_z012_z015_z009_z010	L14v:0320	NA	NA	NA	NA	NA	Jeffreys185	NA
p218	z001_z002_z003_z004_z004_z003_z003_z006_z011_z011_z008_z012_z008_z009_z010	Cv:0200	NA	NA	NA	NA	NA	Jeffreys186	NA
p219	z001_z002_z003_z004_z004_z003_z003_z006_z011_z011_z008_z012_z015_z009_z010	L14v:0321	NA	NA	NA	NA	NA	Jeffreys187	NA
p220	z001_z002_z003_z004_z004_z003_z003_z006_z011_z011_z011_z006_z011_z006_z006_z011_z008_z012_z008_z009_z010	Cv:0336	NA	NA	NA	NA	NA	Jeffreys188	NA
p221	z001_z002_z003_z004_z004_z003_z003_z006_z011_z012_z003_z018_z012_z003_z006_z011_z008_z012_z015_z009_z010	L14v:0385	NA	NA	NA	NA	NA	Jeffreys189	NA
p222	z001_z002_z003_z004_z004_z003_z003_z006_z011_z012_z008_z009	L15v:0165	NA	NA	NA	NA	NA	Jeffreys190	NA
p223	z001_z002_z003_z004_z004_z003_z003_z006_z011_z012_z008_z009_z010	Cv:0222	NA	NA	NA	NA	NA	Jeffreys191	NA
p224	z001_z002_z003_z004_z004_z003_z003_z006_z011_z012_z008_z012_z008_z009_z010	Cv:0262	NA	NA	NA	NA	NA	Jeffreys192	NA
p225	z001_z002_z003_z004_z004_z003_z003_z006_z011_z012_z015_z009_z010	L14v:0306	NA	NA	NA	NA	NA	Jeffreys193	NA
p226	z001_z002_z003_z004_z004_z003_z003_z006_z011_z012_z052_z012_z008_z012_z008_z009	L15v:0174	NA	NA	NA	NA	NA	Jeffreys194	NA
p227	z001_z002_z003_z004_z004_z003_z003_z006_z011_z015_z009_z010	L14v:0287	NA	NA	NA	NA	NA	Jeffreys195	NA
p228	z001_z002_z003_z004_z004_z003_z003_z006_z011_z015_z017_z006_z012_z015_z009_z010	L14v:0294	NA	NA	NA	NA	NA	Jeffreys196	NA
p229	z001_z002_z003_z004_z004_z003_z003_z006_z011_z048_z012_z011_z048_z012_z008_z012_z015_z009_z010	L14v:0359	NA	NA	NA	NA	NA	Jeffreys197	NA
p230	z001_z002_z003_z004_z004_z003_z003_z006_z012_z008_z009	L15v:0141	NA	NA	NA	NA	NA	Jeffreys198	NA
p231	z001_z002_z003_z004_z004_z003_z003_z006_z012_z008_z009_z010	Cv:0286	NA	NA	NA	NA	NA	Jeffreys199	NA
p232	z001_z002_z003_z004_z004_z003_z003_z006_z018_z006_z011_z008_z012_z015_z009_z010	L14v:0291	NA	NA	NA	NA	NA	Jeffreys200	NA
p233	z001_z002_z003_z004_z004_z003_z003_z006_z048_z008_z006_z011_z008_z012_z008_z009	L15v:0173	NA	NA	NA	NA	NA	Jeffreys201	NA
p234	z001_z002_z003_z004_z004_z003_z003_z006_z060_z006_z006_z011_z008_z012_z015_z009_z010	Rv:0343	NA	NA	NA	NA	NA	Jeffreys202	NA
p235	z001_z002_z003_z004_z004_z003_z003_z007_z006_z011_z008_z012_z008_z009	Rv:0142	NA	NA	NA	NA	NA	Jeffreys203	NA
p236	z001_z002_z003_z004_z004_z003_z003_z008_z009_z010	Cv:0280	NA	NA	NA	NA	NA	Jeffreys204	NA
p237	z001_z002_z003_z004_z004_z003_z003_z011_z008_z012_z008_z009_z010	Cv:0218	NA	NA	NA	NA	NA	Jeffreys205	NA
p238	z001_z002_z003_z004_z004_z003_z003_z012_z008_z009_z010	Cv:0282	NA	NA	NA	NA	NA	Jeffreys206	NA
p239	z001_z002_z003_z004_z004_z003_z003_z018_z004_z018_z003_z006_z011_z008_z012_z008_z009_z010	Rv:0380	NA	NA	NA	NA	NA	Jeffreys207	NA
p240	z001_z002_z003_z004_z004_z003_z003_z045_z010	Cv:0193	NA	NA	NA	NA	NA	Jeffreys208	NA
p241	z001_z002_z003_z004_z004_z003_z003_z049_z008_z006_z066_z006_z011_z008_z012_z008_z009	L15v:0179	NA	NA	NA	NA	NA	Jeffreys209	NA
p242	z001_z002_z003_z004_z004_z003_z004_z004_z003_z003_z003_z006_z007_z008_z006_z010	L12v:0097	NA	NA	NA	NA	NA	Jeffreys210	NA
p243	z001_z002_z003_z004_z004_z003_z004_z004_z003_z003_z006_z011_z008_z012_z008_z009	L15v:0171	NA	NA	NA	NA	NA	Jeffreys211	NA
p244	z001_z002_z003_z004_z004_z003_z004_z004_z003_z003_z006_z011_z008_z012_z008_z009_z010	Cv:0307	NA	NA	NA	NA	NA	Jeffreys212	NA
p245	z001_z002_z003_z004_z004_z003_z004_z004_z003_z003_z006_z011_z008_z012_z015_z009_z010	L14v:0371	NA	NA	NA	NA	NA	Jeffreys213	NA
p246	z001_z002_z003_z004_z004_z003_z004_z004_z003_z008_z003_z006_z011_z008_z012_z015_z009_z010	L14v:0318	NA	NA	NA	NA	NA	Jeffreys214	NA
p247	z001_z002_z003_z004_z004_z003_z004_z004_z004_z003_z004_z004_z005_z003_z006_z007_z008_z006_z009_z010	Av:0052	NA	NA	NA	NA	NA	Jeffreys215	NA
p248	z001_z002_z003_z004_z004_z003_z004_z004_z005_z003_z006_z007_z008_z006_z009_z010	Av:0042	NA	NA	NA	NA	NA	Jeffreys216	NA
p249	z001_z002_z003_z004_z004_z003_z004_z004_z005_z005_z004_z004_z003_z004_z004_z005_z003_z006_z007_z008_z006_z009_z010	Av:0530	NA	NA	NA	NA	NA	Jeffreys217	NA
p250	z001_z002_z003_z004_z004_z003_z004_z004_z014_z003_z006_z007_z008_z006_z009_z010	Av:0168	NA	NA	NA	NA	NA	Jeffreys218	NA
p251	z001_z002_z003_z004_z004_z003_z004_z005_z003_z006_z007_z008_z006_z009_z010	Rv:0166	NA	NA	NA	NA	NA	Jeffreys219	NA
p252	z001_z002_z003_z004_z004_z003_z004_z018_z003_z006_z011_z008_z012_z008_z009_z010	Cv:0281	NA	NA	NA	NA	NA	Jeffreys220	NA
p253	z001_z002_z003_z004_z004_z003_z005_z003_z006_z007_z008_z006_z009_z010	Rv:0149	NA	NA	NA	NA	NA	Jeffreys221	NA
p254	z001_z002_z003_z004_z004_z003_z006_z007_z052_z004_z004_z003_z005_z003_z006_z007_z008_z006_z009_z010	Rv:0098	NA	NA	NA	NA	NA	Jeffreys223	NA
p255	z001_z002_z003_z004_z004_z003_z006_z011_z008_z012_z008_z009	L15v:0161	NA	NA	NA	NA	NA	Jeffreys224	NA
p256	z001_z002_z003_z004_z004_z003_z006_z011_z008_z012_z008_z009_z010	Cv:0216	NA	NA	NA	NA	NA	Jeffreys225	NA
p257	z001_z002_z003_z004_z004_z003_z006_z011_z008_z012_z015_z009_z010	L14v:0304	NA	NA	NA	NA	NA	Jeffreys226	NA
p258	z001_z002_z003_z004_z004_z003_z012_z008_z009_z010	Cv:0199	NA	NA	NA	NA	NA	Jeffreys227	NA
p259	z001_z002_z003_z004_z004_z003_z018_z003_z006_z011_z008_z012_z008_z009_z010	L16v:0245	NA	NA	NA	NA	NA	Jeffreys228	NA
p260	z001_z002_z003_z004_z004_z003_z018_z003_z006_z011_z008_z012_z015_z009_z010	L14v:0370	NA	NA	NA	NA	NA	Jeffreys229	NA
p261	z001_z002_z003_z004_z004_z003_z043_z003_z003_z006_z011_z008_z012_z008_z009_z010	Cv:0279	NA	NA	NA	NA	NA	Jeffreys230	NA
p262	z001_z002_z003_z004_z004_z003_z043_z004_z003_z003_z006_z011_z008_z012_z008_z009	L15v:0172	NA	NA	NA	NA	NA	Jeffreys231	NA
p263	z001_z002_z003_z004_z004_z003_z043_z005_z003_z006_z007_z008_z006_z009_z010	Rv:0093	NA	NA	NA	NA	NA	Jeffreys232	NA
p264	z001_z002_z003_z004_z004_z003_z043_z018_z004_z004_z005_z003_z006_z007_z008_z006_z009_z010	Av:0088	NA	NA	NA	NA	NA	Jeffreys233	NA
p265	z001_z002_z003_z004_z004_z003_z051_z003_z003_z006_z011_z008_z012_z008_z009_z010	Cv:0221	NA	NA	NA	NA	NA	Jeffreys234	NA
p266	z001_z002_z003_z004_z004_z003_z051_z003_z006_z011_z008_z012_z015_z009_z010	L14v:0372	NA	NA	NA	NA	NA	Jeffreys235	NA
p267	z001_z002_z003_z004_z004_z004_z003_z003_z006_z007_z008_z006_z009_z010	Rv:0140	NA	NA	NA	NA	NA	Jeffreys236	NA
p268	z001_z002_z003_z004_z004_z004_z003_z003_z006_z011_z008_z012_z008_z009	L15v:0134	NA	NA	NA	NA	NA	Jeffreys237	NA
p269	z001_z002_z003_z004_z004_z004_z003_z003_z006_z011_z008_z012_z008_z009_z010	Cv:0192	NA	NA	NA	NA	NA	Jeffreys238	NA
p270	z001_z002_z003_z004_z004_z004_z003_z003_z006_z011_z008_z012_z015_z009_z010	L14v:0346	NA	NA	NA	NA	NA	Jeffreys239	NA
p271	z001_z002_z003_z004_z004_z004_z003_z004_z004_z005_z003_z006_z007_z008_z006_z009_z010	Av:0252	NA	NA	NA	NA	NA	Jeffreys240	NA
p272	z001_z002_z003_z004_z004_z004_z004_z003_z003_z006_z011_z008_z012_z008_z009_z010	Cv:0217	NA	NA	NA	NA	NA	Jeffreys241	NA
p273	z001_z002_z003_z004_z004_z004_z004_z003_z004_z004_z003_z003_z006_z011_z008_z012_z015_z009_z010	L14v:0384	NA	NA	NA	NA	NA	Jeffreys242	NA
p274	z001_z002_z003_z004_z004_z004_z004_z004_z003_z003_z006_z011_z008_z012_z008_z009_z010	Cv:0227	NA	NA	NA	NA	NA	Jeffreys243	NA
p275	z001_z002_z003_z004_z004_z004_z004_z005_z003_z006_z007_z008_z006_z009_z010	Av:0039	NA	NA	NA	NA	NA	Jeffreys244	NA
p276	z001_z002_z003_z004_z004_z004_z005_z003_z006_z007_z008_z006_z009_z010	Av:0024	NA	NA	NA	NA	L33	Jeffreys245	NA
p277	z001_z002_z003_z004_z004_z004_z005_z003_z006_z011_z007_z008_z006_z009_z010	Dv:0430	NA	NA	NA	NA	NA	Jeffreys246	NA
p278	z001_z002_z003_z004_z004_z004_z006_z011_z008_z012_z008_z009_z010	Cv:0214	NA	NA	NA	NA	NA	Jeffreys247	NA
p279	z001_z002_z003_z004_z004_z004_z018_z003_z003_z006_z011_z008_z012_z008_z009_z010	Cv:0219	NA	NA	NA	NA	NA	Jeffreys248	NA
p280	z001_z002_z003_z004_z004_z004_z018_z003_z043_z004_z018_z003_z006_z011_z008_z012_z008_z009_z010	Cv:0236	NA	NA	NA	NA	NA	Jeffreys249	NA
p281	z001_z002_z003_z004_z004_z004_z018_z004_z004_z003_z003_z006_z011_z008_z012_z008_z009_z010	Cv:0233	NA	NA	NA	NA	NA	Jeffreys250	NA
p282	z001_z002_z003_z004_z004_z004_z022_z018_z004_z004_z022_z003_z006_z007_z008_z006_z009_z010	L27v:0070	NA	NA	NA	NA	NA	Jeffreys251	NA
p283	z001_z002_z003_z004_z004_z004_z051_z004_z004_z005_z003_z006_z011_z007_z008_z006_z009_z010	Dv:0431	NA	NA	NA	NA	NA	Jeffreys252	NA
p284	z001_z002_z003_z004_z004_z004_z051_z051_z051_z004_z004_z003_z003_z006_z011_z008_z012_z015_z009_z010	L14v:0332	NA	NA	NA	NA	NA	Jeffreys253	NA
p285	z001_z002_z003_z004_z004_z005_z003_z030_z004_z004_z005_z003_z006_z011_z007_z008_z006_z009_z010	Dv:0511	NA	NA	NA	NA	NA	Jeffreys254	NA
p286	z001_z002_z003_z004_z004_z005_z003_z003_z003_z006_z007_z008_z006_z009_z010	Av:0156	NA	NA	NA	NA	NA	Jeffreys255	NA
p287	z001_z002_z003_z004_z004_z005_z003_z003_z004_z005_z003_z003_z006_z020_z016_z006_z017_z010	L24v:0118	NA	NA	NA	NA	NA	Jeffreys256	NA
p288	z001_z002_z003_z004_z004_z005_z003_z003_z004_z005_z003_z006_z007_z008_z006_z009_z010	Av:0082	NA	NA	NA	NA	NA	Jeffreys257	NA
p289	z001_z002_z003_z004_z004_z005_z003_z003_z006_z007_z008_z006_z009_z010	Av:0031	NA	NA	NA	NA	NA	Jeffreys258	NA
p290	z001_z002_z003_z004_z004_z005_z003_z003_z006_z011_z007_z008_z006_z009_z010	Dv:0432	NA	NA	NA	NA	NA	Jeffreys259	NA
p291	z001_z002_z003_z004_z004_z005_z003_z003_z006_z011_z008_z012_z008_z009	Rv:0148	NA	NA	NA	NA	NA	Jeffreys260	NA
p292	z001_z002_z003_z004_z004_z005_z003_z004_z004_z005_z003_z006_z007_z008_z006_z009_z010	Av:0046	NA	NA	NA	NA	NA	Jeffreys261	NA
p293	z001_z002_z003_z004_z004_z005_z003_z004_z004_z005_z003_z006_z011_z007_z008_z006_z009_z010	Dv:0433	NA	NA	NA	NA	NA	Jeffreys262	NA
p294	z001_z002_z003_z004_z004_z005_z003_z004_z004_z005_z003_z006_z020_z016_z006_z017_z010	L24v:0113	NA	NA	NA	NA	NA	Jeffreys263	NA
p295	z001_z002_z003_z004_z004_z005_z003_z004_z048_z011_z007_z008_z006_z009_z010	Dv:0434	NA	NA	NA	NA	NA	Jeffreys264	NA
p296	z001_z002_z003_z004_z004_z005_z003_z005_z003_z003_z006_z011_z008_z012_z008_z009_z010	Rv:0258	NA	NA	NA	NA	NA	Jeffreys265	NA
p297	z001_z002_z003_z004_z004_z005_z003_z005_z003_z006_z007_z008_z006_z009_z010	Av:0069	NA	NA	NA	NA	NA	Jeffreys266	NA
p298	z001_z002_z003_z004_z004_z005_z003_z006_z003_z006_z007_z011_z006_z017_z010	L20v:0058	NA	NA	NA	NA	NA	Jeffreys267	NA
p299	z001_z002_z003_z004_z004_z005_z003_z006_z003_z006_z011_z007_z008_z006_z009_z010	Dv:0468	NA	NA	NA	NA	NA	Jeffreys268	NA
p300	z001_z002_z003_z004_z004_z005_z003_z006_z004_z003_z006_z011_z007_z008_z006_z009_z010	Dv:0491	NA	NA	NA	NA	NA	Jeffreys269	NA
p301	z001_z002_z003_z004_z004_z005_z003_z006_z004_z004_z004_z005_z003_z006_z007_z008_z006_z009_z010	Av:0049	NA	NA	NA	NA	NA	Jeffreys270	NA
p302	z001_z002_z003_z004_z004_z005_z003_z006_z004_z005_z003_z006_z007_z008_z006_z009_z010	Av:0483	NA	NA	NA	NA	NA	Jeffreys271	NA
p303	z001_z002_z003_z004_z004_z005_z003_z006_z005_z005_z003_z006_z007_z008_z006_z009_z010	Av:0419	NA	NA	NA	NA	NA	Jeffreys272	NA
p304	z001_z002_z003_z004_z004_z005_z003_z006_z006_z007_z008_z006_z009_z010	Av:0033	NA	NA	NA	NA	NA	Jeffreys273	NA
p305	z001_z002_z003_z004_z004_z005_z003_z006_z006_z009_z010	Av:0015	NA	NA	NA	NA	NA	Jeffreys274	NA
p306	z001_z002_z003_z004_z004_z005_z003_z006_z006_z011_z007_z008_z006_z009_z010	Dv:0436	NA	NA	NA	NA	NA	Jeffreys275	NA
p307	z001_z002_z003_z004_z004_z005_z003_z006_z007_z003_z004_z004_z004_z005_z003_z006_z011_z007_z008_z006_z009_z010	Rv:0473	NA	NA	NA	NA	NA	Jeffreys276	NA
p308	z001_z002_z003_z004_z004_z005_z003_z006_z007_z003_z006_z007_z008_z006_z009_z010	Av:0360	NA	NA	NA	NA	NA	Jeffreys277	NA
p309	z001_z002_z003_z004_z004_z005_z003_z006_z007_z003_z006_z008_z006_z009_z010	Av:0342	NA	NA	NA	NA	NA	Jeffreys278	NA
p310	z001_z002_z003_z004_z004_z005_z003_z006_z007_z004_z004_z005_z003_z006_z011_z007_z008_z006_z009_z010	Rv:0457	NA	NA	NA	NA	NA	Jeffreys279	NA
p311	z001_z002_z003_z004_z004_z005_z003_z006_z007_z005_z003_z006_z007_z006_z007_z011_z006_z017_z010	L20v:0066	NA	NA	NA	NA	NA	Jeffreys280	NA
p312	z001_z002_z003_z004_z004_z005_z003_z006_z007_z006_z007_z006_z011_z007_z008_z006_z009_z010	Dv:0500	NA	NA	NA	NA	NA	Jeffreys281	NA
p313	z001_z002_z003_z004_z004_z005_z003_z006_z007_z006_z007_z008_z006_z009_z010	Av:0340	NA	NA	NA	NA	NA	Jeffreys282	NA
p314	z001_z002_z003_z004_z004_z005_z003_z006_z007_z006_z008_z006_z009_z010	Av:0129	NA	NA	NA	NA	NA	Jeffreys283	NA
p315	z001_z002_z003_z004_z004_z005_z003_z006_z007_z006_z009_z010	Av:0013	NA	NA	NA	NA	NA	Jeffreys284	NA
p316	z001_z002_z003_z004_z004_z005_z003_z006_z007_z007_z005_z003_z006_z007_z008_z006_z009_z010	Av:0496	NA	NA	NA	NA	NA	Jeffreys285	NA
p317	z001_z002_z003_z004_z004_z005_z003_z006_z007_z007_z007_z007_z007_z008_z006_z009_z007_z007_z007_z007_z007_z008_z006_z009_z010	Av:0540	NA	NA	NA	NA	NA	Jeffreys286	NA
p318	z001_z002_z003_z004_z004_z005_z003_z006_z007_z007_z007_z008_z006_z009_z010	Av:0041	NA	NA	NA	NA	NA	Jeffreys287	NA
p319	z001_z002_z003_z004_z004_z005_z003_z006_z007_z007_z007_z017_z003_z006_z011_z007_z008_z006_z009_z010	Rv:0459	NA	NA	NA	NA	NA	Jeffreys288	NA
p320	z001_z002_z003_z004_z004_z005_z003_z006_z007_z007_z008_z006_z009_z010	Av:0127	NA	NA	NA	NA	NA	Jeffreys289	NA
p321	z001_z002_z003_z004_z004_z005_z003_z006_z007_z008_z034_z004_z004_z005_z003_z006_z011_z007_z008_z006_z009_z010	Rv:0474	NA	NA	NA	NA	NA	Jeffreys290	NA
p322	z001_z002_z003_z004_z004_z005_z003_z006_z007_z008_z004_z004_z005_z003_z006_z008_z004_z004_z005_z003_z006_z009_z010	Av:0532	NA	NA	NA	NA	NA	Jeffreys291	NA
p323	z001_z002_z003_z004_z004_z005_z003_z006_z007_z008_z004_z005_z003_z006_z004_z005_z003_z006_z007_z008_z006_z009_z010	Av:0476	NA	NA	NA	NA	NA	Jeffreys292	NA
p324	z001_z002_z003_z004_z004_z005_z003_z006_z007_z008_z006_z026_z017_z017_z015_z009_z010	Rv:0349	NA	NA	NA	NA	NA	Jeffreys293	NA
p325	z001_z002_z003_z004_z004_z005_z003_z006_z007_z008_z006_z003_z006_z007_z008_z006_z006_z009_z010	Av:0507	NA	NA	NA	NA	NA	Jeffreys294	NA
p326	z001_z002_z003_z004_z004_z005_z003_z006_z007_z008_z006_z006_z009_z010	Av:0018	NA	NA	NA	NA	NA	Jeffreys295	NA
p327	z001_z002_z003_z004_z004_z005_z003_z006_z007_z008_z006_z007_z008_z006_z009_z010	Av:0044	NA	NA	NA	NA	NA	Jeffreys296	NA
p328	z001_z002_z003_z004_z004_z005_z003_z006_z007_z008_z006_z007_z011_z006_z009_z010	Av:0095	NA	NA	NA	NA	NA	Jeffreys297	NA
p329	z001_z002_z003_z004_z004_z005_z003_z006_z007_z008_z006_z007_z011_z006_z017_z010	Rv:0061	NA	NA	NA	NA	NA	Jeffreys298	NA
p330	z001_z002_z003_z004_z004_z005_z003_z006_z007_z008_z006_z008_z006_z007_z006_z009_z010	Av:0487	NA	NA	NA	NA	NA	Jeffreys299	NA
p331	z001_z002_z003_z004_z004_z005_z003_z006_z007_z008_z006_z008_z006_z009_z010	Av:0426	NA	NA	NA	NA	NA	Jeffreys300	NA
p332	z001_z002_z003_z004_z004_z005_z003_z006_z007_z008_z006_z008_z045_z010	Av:0035	NA	NA	NA	NA	NA	Jeffreys301	NA
p333	z001_z002_z003_z004_z004_z005_z003_z006_z007_z008_z006_z008_z052_z009_z010	Av:0083	NA	NA	NA	NA	NA	Jeffreys302	NA
p334	z001_z002_z003_z004_z004_z005_z003_z006_z007_z008_z006_z009	Av:0017	NA	NA	NA	NA	NA	Jeffreys303	NA
p335	z001_z002_z003_z004_z004_z005_z003_z006_z007_z008_z006_z009_z008_z006_z008_z006_z009_z010	Av:0048	NA	NA	NA	NA	NA	Jeffreys304	NA
p336	z001_z002_z003_z004_z004_z005_z003_z006_z007_z008_z006_z009_z008_z006_z009_z008_z006_z009_z010	Av:0051	NA	NA	NA	NA	NA	Jeffreys305	NA
p337	z001_z002_z003_z004_z004_z005_z003_z006_z007_z008_z006_z009_z010_z010	Av:0036	NA	NA	NA	NA	NA	Jeffreys307	NA
p338	z001_z002_z003_z004_z004_z005_z003_z006_z007_z008_z006_z009_z010_z048_z007_z008_z009_z010	Av:0499	NA	NA	NA	NA	NA	Jeffreys308	NA
p339	z001_z002_z003_z004_z004_z005_z003_z006_z007_z008_z006_z009_z017_z006_z007_z008_z006_z009_z010	Av:0509	NA	NA	NA	NA	NA	Jeffreys309	NA
p340	z001_z002_z003_z004_z004_z005_z003_z006_z007_z008_z006_z009_z017_z009_z010	Av:0428	NA	NA	NA	NA	NA	Jeffreys310	NA
p341	z001_z002_z003_z004_z004_z005_z003_z006_z007_z008_z006_z009_z045_z010	Av:0037	NA	NA	NA	NA	NA	Jeffreys311	NA
p342	z001_z002_z003_z004_z004_z005_z003_z006_z007_z008_z006_z009_z064_z010	Rv:0146	NA	NA	NA	NA	NA	Jeffreys312	NA
p343	z001_z002_z003_z004_z004_z005_z003_z006_z007_z008_z006_z009_z065_z008_z006_z009_z010	Av:0254	NA	NA	NA	NA	NA	Jeffreys313	NA
p344	z001_z002_z003_z004_z004_z005_z003_z006_z007_z008_z006_z010	Av:0016	NA	NA	NA	NA	NA	Jeffreys314	NA
p345	z001_z002_z003_z004_z004_z005_z003_z006_z007_z008_z006_z011_z006_z009_z010	Rv:0064	NA	NA	NA	NA	NA	Jeffreys315	NA
p346	z001_z002_z003_z004_z004_z005_z003_z006_z007_z008_z006_z015_z011_z012_z015_z009_z010	Rv:0347	NA	NA	NA	NA	NA	Jeffreys316	NA
p347	z001_z002_z003_z004_z004_z005_z003_z006_z007_z008_z006_z017_z006_z003_z011_z007_z008_z006_z009_z010	Rv:0461	NA	NA	NA	NA	NA	Jeffreys317	NA
p348	z001_z002_z003_z004_z004_z005_z003_z006_z007_z008_z006_z017_z006_z006_z007_z008_z006_z009_z010	Av:0443	NA	NA	NA	NA	NA	Jeffreys318	NA
p349	z001_z002_z003_z004_z004_z005_z003_z006_z007_z008_z006_z017_z006_z009_z010	Av:0054	NA	NA	NA	NA	NA	Jeffreys319	NA
p350	z001_z002_z003_z004_z004_z005_z003_z006_z007_z008_z006_z017_z006_z017_z009_z010	Av:0466	NA	NA	NA	NA	NA	Jeffreys320	NA
p351	z001_z002_z003_z004_z004_z005_z003_z006_z007_z008_z006_z017_z007_z008_z006_z009_z010	Av:0109	NA	NA	NA	NA	NA	Jeffreys321	NA
p352	z001_z002_z003_z004_z004_z005_z003_z006_z007_z008_z006_z017_z007_z008_z006_z017_z006_z009_z010	Av:0050	NA	NA	NA	NA	NA	Jeffreys322	NA
p353	z001_z002_z003_z004_z004_z005_z003_z006_z007_z008_z006_z017_z008_z006_z009_z010	Av:0102	NA	NA	NA	NA	NA	Jeffreys323	NA
p354	z001_z002_z003_z004_z004_z005_z003_z006_z007_z008_z006_z017_z008_z009_z010	Rv:0257	NA	NA	NA	NA	NA	Jeffreys324	NA
p355	z001_z002_z003_z004_z004_z005_z003_z006_z007_z008_z006_z017_z008_z012_z015_z009_z010	Rv:0350	NA	NA	NA	NA	NA	Jeffreys325	NA
p356	z001_z002_z003_z004_z004_z005_z003_z006_z007_z008_z006_z017_z009_z010	Av:0034	NA	NA	NA	NA	NA	Jeffreys326	NA
p357	z001_z002_z003_z004_z004_z005_z003_z006_z007_z008_z006_z017_z017_z008_z006_z027_z009_z010	Av:0498	NA	NA	NA	NA	NA	Jeffreys327	NA
p358	z001_z002_z003_z004_z004_z005_z003_z006_z007_z008_z006_z017_z017_z009_z010	Av:0243	NA	NA	NA	NA	NA	Jeffreys328	NA
p359	z001_z002_z003_z004_z004_z005_z003_z006_z007_z008_z006_z017_z063_z009_z010	Av:0506	NA	NA	NA	NA	NA	Jeffreys329	NA
p360	z001_z002_z003_z004_z004_z005_z003_z006_z007_z008_z006_z045_z004_z003_z006_z004_z005_z003_z006_z007_z008_z006_z009_z010	Av:0538	NA	NA	NA	NA	NA	Jeffreys330	NA
p361	z001_z002_z003_z004_z004_z005_z003_z006_z007_z008_z007_z008_z006_z009_z010	Av:0103	NA	NA	NA	NA	NA	Jeffreys331	NA
p362	z001_z002_z003_z004_z004_z005_z003_z006_z007_z008_z007_z008_z007_z007_z011_z007_z008_z006_z009_z010	Rv:0519	NA	NA	NA	NA	NA	Jeffreys332	NA
p363	z001_z002_z003_z004_z004_z005_z003_z006_z007_z008_z007_z011_z007_z008_z006_z009_z010	Rv:0429	NA	NA	NA	NA	NA	Jeffreys333	NA
p364	z001_z002_z003_z004_z004_z005_z003_z006_z007_z008_z008_z006_z017_z008_z006_z009_z010	Av:0485	NA	NA	NA	NA	NA	Jeffreys335	NA
p365	z001_z002_z003_z004_z004_z005_z003_z006_z007_z008_z008_z007_z008_z007_z008_z008_z006_z009_z010	Av:0505	NA	NA	NA	NA	NA	Jeffreys336	NA
p366	z001_z002_z003_z004_z004_z005_z003_z006_z007_z008_z008_z012_z006_z009_z010	Rv:0403	NA	NA	NA	NA	NA	Jeffreys337	NA
p367	z001_z002_z003_z004_z004_z005_z003_z006_z007_z008_z011_z007_z008_z006_z009_z010	Rv:0542	NA	NA	NA	NA	NA	Jeffreys339	NA
p368	z001_z002_z003_z004_z004_z005_z003_z006_z007_z008_z043_z004_z005_z003_z006_z011_z007_z008_z006_z009_z010	Rv:0469	NA	NA	NA	NA	NA	Jeffreys340	NA
p369	z001_z002_z003_z004_z004_z005_z003_z006_z007_z008_z045	Av:0137	NA	NA	NA	NA	NA	Jeffreys341	NA
p370	z001_z002_z003_z004_z004_z005_z003_z006_z007_z008_z045_z010	Av:0053	NA	NA	NA	NA	NA	Jeffreys342	NA
p371	z001_z002_z003_z004_z004_z005_z003_z006_z007_z008_z049_z004_z004_z005_z003_z006_z007_z008_z006_z007_z008_z006_z009_z010	Av:0536	NA	NA	NA	NA	NA	Jeffreys343	NA
p372	z001_z002_z003_z004_z004_z005_z003_z006_z007_z008_z049_z004_z004_z005_z003_z006_z007_z008_z006_z009_z010	Av:0464	NA	NA	NA	NA	NA	Jeffreys344	NA
p373	z001_z002_z003_z004_z004_z005_z003_z006_z007_z008_z049_z017_z007_z011_z006_z009_z010	Rv:0063	NA	NA	NA	NA	NA	Jeffreys345	NA
p374	z001_z002_z003_z004_z004_z005_z003_z006_z007_z008_z052_z034_z011_z007_z008_z006_z009_z010	Rv:0504	NA	NA	NA	NA	NA	Jeffreys346	NA
p375	z001_z002_z003_z004_z004_z005_z003_z006_z007_z008_z052_z006_z006_z009_z010	Av:0344	NA	NA	NA	NA	NA	Jeffreys347	NA
p376	z001_z002_z003_z004_z004_z005_z003_z006_z007_z009_z010	Av:0135	NA	NA	NA	NA	NA	Jeffreys348	NA
p377	z001_z002_z003_z004_z004_z005_z003_z006_z007_z011_z005_z003_z006_z007_z008_z006_z009_z010	Rv:0503	NA	NA	NA	NA	NA	Jeffreys349	NA
p378	z001_z002_z003_z004_z004_z005_z003_z006_z007_z011_z006_z006_z006_z017_z010	L20v:0062	NA	NA	NA	NA	NA	Jeffreys350	NA
p379	z001_z002_z003_z004_z004_z005_z003_z006_z007_z011_z006_z007_z011_z017_z010	L20v:0060	NA	NA	NA	NA	NA	Jeffreys351	NA
p380	z001_z002_z003_z004_z004_z005_z003_z006_z007_z011_z006_z011_z007_z008_z006_z009_z010	Rv:0494	NA	NA	NA	NA	NA	Jeffreys352	NA
p381	z001_z002_z003_z004_z004_z005_z003_z006_z007_z011_z006_z017_z011_z006_z017_z010	L20v:0059	NA	NA	NA	NA	NA	Jeffreys354	NA
p382	z001_z002_z003_z004_z004_z005_z003_z006_z007_z011_z007_z008_z006_z009_z010	Rv:0458	NA	NA	NA	NA	NA	Jeffreys355	NA
p383	z001_z002_z003_z004_z004_z005_z003_z006_z007_z012_z008_z008_z006_z009_z010	Rv:0255	NA	NA	NA	NA	NA	Jeffreys356	NA
p384	z001_z002_z003_z004_z004_z005_z003_z006_z007_z016_z054_z008_z006_z009_z010	Rv:0116	NA	NA	NA	NA	NA	Jeffreys357	NA
p385	z001_z002_z003_z004_z004_z005_z003_z006_z007_z048_z006_z007_z011_z006_z017_z010	L20v:0057	NA	NA	NA	NA	NA	Jeffreys358	NA
p386	z001_z002_z003_z004_z004_z005_z003_z006_z007_z048_z006_z009_z006_z017_z045_z011_z017_z009_z010	Rv:0515	NA	NA	NA	NA	NA	Jeffreys359	NA
p387	z001_z002_z003_z004_z004_z005_z003_z006_z007_z048_z048_z011_z007_z008_z006_z009_z010	Dv:0422	NA	NA	NA	NA	NA	Jeffreys360	NA
p388	z001_z002_z003_z004_z004_z005_z003_z006_z007_z052_z003_z006_z007_z008_z006_z009_z010	Av:0484	NA	NA	NA	NA	NA	Jeffreys361	NA
p389	z001_z002_z003_z004_z004_z005_z003_z006_z007_z054_z007_z008_z006_z009_z010	Rv:0114	NA	NA	NA	NA	NA	Jeffreys362	NA
p390	z001_z002_z003_z004_z004_z005_z003_z006_z007_z056_z007_z007_z006_z007_z052_z006_z020_z016_z006_z009_z010	Rv:0120	NA	NA	NA	NA	NA	Jeffreys363	NA
p391	z001_z002_z003_z004_z004_z005_z003_z006_z007_z058	Av:0130	NA	NA	NA	NA	NA	Jeffreys364	NA
p392	z001_z002_z003_z004_z004_z005_z003_z006_z007_z058_z010	Av:0486	NA	NA	NA	NA	NA	Jeffreys365	NA
p393	z001_z002_z003_z004_z004_z005_z003_z006_z008_z005_z003_z006_z006_z007_z008_z006_z009_z010	Av:0352	NA	NA	NA	NA	NA	Jeffreys366	NA
p394	z001_z002_z003_z004_z004_z005_z003_z006_z008_z006_z009_z010	Av:0011	NA	NA	NA	NA	NA	Jeffreys367	NA
p395	z001_z002_z003_z004_z004_z005_z003_z006_z008_z009_z010	Uv:0488	NA	NA	NA	NA	NA	Jeffreys368	NA
p396	z001_z002_z003_z004_z004_z005_z003_z006_z008_z058_z003_z008_z008_z008_z008_z003_z011_z007_z008_z006_z009_z010	Dv:0471	NA	NA	NA	NA	NA	Jeffreys369	NA
p397	z001_z002_z003_z004_z004_z005_z003_z006_z011_z003_z006_z007_z008_z006_z009_z010	Rv:0248	NA	NA	NA	NA	NA	Jeffreys371	NA
p398	z001_z002_z003_z004_z004_z005_z003_z006_z011_z004_z004_z005_z003_z006_z011_z007_z008_z006_z009_z010	Dv:0451	NA	NA	NA	NA	NA	Jeffreys372	NA
p399	z001_z002_z003_z004_z004_z005_z003_z006_z011_z006_z006_z007_z008_z006_z009_z010	Rv:0369	NA	NA	NA	NA	NA	Jeffreys373	NA
p400	z001_z002_z003_z004_z004_z005_z003_z006_z011_z006_z007_z008_z006_z009_z010	Rv:0460	NA	NA	NA	NA	NA	Jeffreys374	NA
p401	z001_z002_z003_z004_z004_z005_z003_z006_z011_z007_z023_z006_z011_z007_z008_z006_z009_z010	Dv:0437	NA	NA	NA	NA	NA	Jeffreys375	NA
p402	z001_z002_z003_z004_z004_z005_z003_z006_z011_z007_z004_z004_z005_z003_z006_z011_z007_z008_z006_z009_z010	Dv:0522	NA	NA	NA	NA	NA	Jeffreys376	NA
p403	z001_z002_z003_z004_z004_z005_z003_z006_z011_z007_z005_z003_z006_z011_z007_z008_z006_z009_z010	Dv:0513	NA	NA	NA	NA	NA	Jeffreys377	NA
p404	z001_z002_z003_z004_z004_z005_z003_z006_z011_z007_z006_z004_z005_z003_z006_z011_z007_z008_z006_z009_z010	Dv:0523	NA	NA	NA	NA	NA	Jeffreys378	NA
p405	z001_z002_z003_z004_z004_z005_z003_z006_z011_z007_z006_z006_z008_z006_z009_z010	Dv:0477	NA	NA	NA	NA	NA	Jeffreys379	NA
p406	z001_z002_z003_z004_z004_z005_z003_z006_z011_z007_z006_z007_z008_z006_z009_z010	Rv:0481	NA	NA	NA	NA	NA	Jeffreys380	NA
p407	z001_z002_z003_z004_z004_z005_z003_z006_z011_z007_z006_z008_z006_z008_z006_z009_z010	Dv:0423	NA	NA	NA	NA	NA	Jeffreys381	NA
p408	z001_z002_z003_z004_z004_z005_z003_z006_z011_z007_z007_z008_z006_z009_z010	Dv:0440	NA	NA	NA	NA	NA	Jeffreys382	NA
p409	z001_z002_z003_z004_z004_z005_z003_z006_z011_z007_z008_z002_z003_z004_z004_z005_z003_z006_z007_z008_z006_z009_z010	Rv:0480	NA	NA	NA	NA	NA	Jeffreys383	NA
p410	z001_z002_z003_z004_z004_z005_z003_z006_z011_z007_z008_z002_z003_z004_z004_z005_z003_z006_z011_z007_z006_z009_z010	Dv:0534	NA	NA	NA	NA	NA	Jeffreys384	NA
p411	z001_z002_z003_z004_z004_z005_z003_z006_z011_z007_z008_z004_z004_z005_z003_z006_z011_z007_z008_z006_z009_z010	Dv:0526	NA	NA	NA	NA	NA	Jeffreys385	NA
p412	z001_z002_z003_z004_z004_z005_z003_z006_z011_z007_z008_z005_z003_z006_z007_z008_z006_z009_z010	Rv:0447	NA	NA	NA	NA	NA	Jeffreys386	NA
p413	z001_z002_z003_z004_z004_z005_z003_z006_z011_z007_z008_z006_z003_z006_z007_z008_z006_z009_z010	Rv:0449	NA	NA	NA	NA	NA	Jeffreys387	NA
p414	z001_z002_z003_z004_z004_z005_z003_z006_z011_z007_z008_z006_z003_z006_z011_z007_z008_z006_z009_z010	Dv:0517	NA	NA	NA	NA	NA	Jeffreys388	NA
p415	z001_z002_z003_z004_z004_z005_z003_z006_z011_z007_z008_z006_z006_z009_z010	Dv:0448	NA	NA	NA	NA	NA	Jeffreys389	NA
p416	z001_z002_z003_z004_z004_z005_z003_z006_z011_z007_z008_z006_z007_z008_z006_z007_z008_z006_z009_z010	Dv:0453	NA	NA	NA	NA	NA	Jeffreys390	NA
p417	z001_z002_z003_z004_z004_z005_z003_z006_z011_z007_z008_z006_z007_z008_z006_z009_z010	Dv:0425	NA	NA	NA	NA	NA	Jeffreys391	NA
p418	z001_z002_z003_z004_z004_z005_z003_z006_z011_z007_z008_z006_z008_z006_z009_z010	Dv:0537	NA	NA	NA	NA	NA	Jeffreys392	NA
p419	z001_z002_z003_z004_z004_z005_z003_z006_z011_z007_z008_z006_z009_z007_z006_z007_z008_z006_z007_z008_z006_z009_z010	Rv:0482	NA	NA	NA	NA	NA	Jeffreys393	NA
p420	z001_z002_z003_z004_z004_z005_z003_z006_z011_z007_z008_z006_z009_z011_z011_z007_z008_z006_z009_z010	Dv:0455	NA	NA	NA	NA	NA	Jeffreys395	NA
p421	z001_z002_z003_z004_z004_z005_z003_z006_z011_z007_z008_z006_z009_z065_z005_z003_z006_z011_z007_z008_z006_z009_z010	Dv:0478	NA	NA	NA	NA	NA	Jeffreys396	NA
p422	z001_z002_z003_z004_z004_z005_z003_z006_z011_z007_z008_z006_z017_z006_z006_z011_z007_z008_z006_z009_z010	Dv:0467	NA	NA	NA	NA	NA	Jeffreys397	NA
p423	z001_z002_z003_z004_z004_z005_z003_z006_z011_z007_z008_z006_z017_z006_z017_z006_z009_z010	Dv:0502	NA	NA	NA	NA	NA	Jeffreys398	NA
p424	z001_z002_z003_z004_z004_z005_z003_z006_z011_z007_z008_z006_z017_z007_z008_z006_z009_z010	Dv:0441	NA	NA	NA	NA	NA	Jeffreys399	NA
p425	z001_z002_z003_z004_z004_z005_z003_z006_z011_z007_z008_z006_z017_z008_z009_z010	Dv:0539	NA	NA	NA	NA	NA	Jeffreys400	NA
p426	z001_z002_z003_z004_z004_z005_z003_z006_z011_z007_z008_z006_z017_z009_z010	Dv:0450	NA	NA	NA	NA	NA	Jeffreys401	NA
p427	z001_z002_z003_z004_z004_z005_z003_z006_z011_z007_z008_z006_z017_z048_z007_z008_z006_z009_z010	Dv:0445	NA	NA	NA	NA	NA	Jeffreys402	NA
p428	z001_z002_z003_z004_z004_z005_z003_z006_z011_z007_z008_z006_z063_z017_z009_z010	Dv:0541	NA	NA	NA	NA	NA	Jeffreys403	NA
p429	z001_z002_z003_z004_z004_z005_z003_z006_z011_z007_z008_z007_z007_z008_z011_z008_z006_z009_z010	Dv:0514	NA	NA	NA	NA	NA	Jeffreys404	NA
p430	z001_z002_z003_z004_z004_z005_z003_z006_z011_z007_z008_z007_z011_z007_z008_z006_z009_z010	Dv:0439	NA	NA	NA	NA	NA	Jeffreys405	NA
p431	z001_z002_z003_z004_z004_z005_z003_z006_z011_z007_z008_z008_z006_z009_z010	Dv:0444	NA	NA	NA	NA	NA	Jeffreys406	NA
p432	z001_z002_z003_z004_z004_z005_z003_z006_z011_z007_z008_z008_z008_z006_z009_z010	Dv:0533	NA	NA	NA	NA	NA	Jeffreys407	NA
p433	z001_z002_z003_z004_z004_z005_z003_z006_z011_z007_z008_z011_z006_z009_z010	Dv:0521	NA	NA	NA	NA	NA	Jeffreys408	NA
p434	z001_z002_z003_z004_z004_z005_z003_z006_z011_z007_z008_z017_z008_z006_z009_z010	Dv:0479	NA	NA	NA	NA	NA	Jeffreys409	NA
p435	z001_z002_z003_z004_z004_z005_z003_z006_z011_z007_z008_z017_z009_z006_z009_z010	Dv:0535	NA	NA	NA	NA	NA	Jeffreys410	NA
p436	z001_z002_z003_z004_z004_z005_z003_z006_z011_z007_z008_z045_z006_z006_z003_z006_z011_z007_z008_z006_z009_z010	Dv:0528	NA	NA	NA	NA	NA	Jeffreys411	NA
p437	z001_z002_z003_z004_z004_z005_z003_z006_z011_z007_z008_z045_z007_z008_z006_z009_z010	Dv:0493	NA	NA	NA	NA	NA	Jeffreys412	NA
p438	z001_z002_z003_z004_z004_z005_z003_z006_z011_z007_z008_z048_z006_z009_z010	Dv:0446	NA	NA	NA	NA	NA	Jeffreys413	NA
p439	z001_z002_z003_z004_z004_z005_z003_z006_z011_z007_z008_z049_z049_z049_z006_z009_z010	Dv:0492	NA	NA	NA	NA	NA	Jeffreys414	NA
p440	z001_z002_z003_z004_z004_z005_z003_z006_z011_z007_z011_z006_z008_z006_z009_z010	Dv:0531	NA	NA	NA	NA	NA	Jeffreys415	NA
p441	z001_z002_z003_z004_z004_z005_z003_z006_z011_z007_z011_z007_z008_z006_z009_z010	Dv:0475	NA	NA	NA	NA	NA	Jeffreys416	NA
p442	z001_z002_z003_z004_z004_z005_z003_z006_z011_z007_z021_z008_z006_z009_z010	Dv:0442	NA	NA	NA	NA	NA	Jeffreys417	NA
p443	z001_z002_z003_z004_z004_z005_z003_z006_z011_z007_z052_z048_z052_z003_z011_z007_z008_z006_z009_z010	Dv:0518	NA	NA	NA	NA	NA	Jeffreys418	NA
p444	z001_z002_z003_z004_z004_z005_z003_z006_z011_z008_z006_z007_z008_z006_z009_z010	Dv:0472	NA	NA	NA	NA	NA	Jeffreys419	NA
p445	z001_z002_z003_z004_z004_z005_z003_z006_z011_z008_z006_z011_z006_z011_z007_z006_z011_z007_z008_z006_z009_z010	Dv:0525	NA	NA	NA	NA	NA	Jeffreys420	NA
p446	z001_z002_z003_z004_z004_z005_z003_z006_z011_z011_z007_z008_z006_z009_z010	Dv:0438	NA	NA	NA	NA	NA	Jeffreys421	NA
p447	z001_z002_z003_z004_z004_z005_z003_z006_z011_z048_z008_z006_z007_z008_z006_z009_z010	Rv:0427	NA	NA	NA	NA	NA	Jeffreys422	NA
p448	z001_z002_z003_z004_z004_z005_z003_z006_z011_z048_z009_z010	Dv:0497	NA	NA	NA	NA	NA	Jeffreys423	NA
p449	z001_z002_z003_z004_z004_z005_z003_z006_z011_z060_z003_z004_z004_z005_z003_z048_z007_z008_z006_z009_z010	Dv:0465	NA	NA	NA	NA	NA	Jeffreys424	NA
p450	z001_z002_z003_z004_z004_z005_z003_z006_z017_z011_z007_z008_z006_z009_z010	Rv:0454	NA	NA	NA	NA	NA	Jeffreys425	NA
p451	z001_z002_z003_z004_z004_z005_z003_z006_z018_z006_z007_z008_z006_z009_z010	Av:0071	NA	NA	NA	NA	NA	Jeffreys426	NA
p452	z001_z002_z003_z004_z004_z005_z003_z006_z020_z016_z006_z017_z006_z017_z010	L24v:0112	NA	NA	NA	NA	NA	Jeffreys427	NA
p453	z001_z002_z003_z004_z004_z005_z003_z006_z020_z016_z006_z017_z008_z006_z017_z010	Rv:0105	NA	NA	NA	NA	NA	Jeffreys428	NA
p454	z001_z002_z003_z004_z004_z005_z003_z006_z020_z016_z006_z017_z020_z016_z006_z017_z010	L24v:0115	NA	NA	NA	NA	NA	Jeffreys430	NA
p455	z001_z002_z003_z004_z004_z005_z003_z006_z020_z016_z006_z020_z016_z006_z017_z010	L24v:0104	NA	NA	NA	NA	NA	Jeffreys431	NA
p456	z001_z002_z003_z004_z004_z005_z003_z006_z020_z016_z020_z016_z006_z017_z010	L24v:0110	NA	NA	NA	NA	NA	Jeffreys432	NA
p457	z001_z002_z003_z004_z004_z005_z003_z006_z042_z010	Av:0006	NA	NA	NA	NA	NA	Jeffreys433	NA
p458	z001_z002_z003_z004_z004_z005_z003_z006_z043_z004_z005_z003_z007_z008_z006_z009_z010	Av:0084	NA	NA	NA	NA	NA	Jeffreys434	NA
p459	z001_z002_z003_z004_z004_z005_z003_z006_z048_z006_z011_z007_z008_z006_z009_z010	Dv:0470	NA	NA	NA	NA	NA	Jeffreys435	NA
p460	z001_z002_z003_z004_z004_z005_z003_z006_z048_z007_z008_z006_z011_z007_z008_z006_z009_z010	Dv:0435	NA	NA	NA	NA	NA	Jeffreys436	NA
p461	z001_z002_z003_z004_z004_z005_z003_z006_z048_z048_z007_z008_z006_z009_z010	Uv:0452	NA	NA	NA	NA	NA	Jeffreys437	NA
p462	z001_z002_z003_z004_z004_z005_z003_z006_z048_z048_z049_z007_z008_z006_z009_z010	Av:0529	NA	NA	NA	NA	NA	Jeffreys438	NA
p463	z001_z002_z003_z004_z004_z005_z003_z006_z060_z006_z009_z010	Av:0151	NA	NA	NA	NA	NA	Jeffreys439	NA
p464	z001_z002_z003_z004_z004_z005_z003_z006_z060_z007_z060_z060_z007_z008_z006_z009_z010	Av:0420	NA	NA	NA	NA	NA	Jeffreys440	NA
p465	z001_z002_z003_z004_z004_z005_z003_z006_z060_z011_z007_z008_z006_z009_z010	Rv:0456	NA	NA	NA	NA	NA	Jeffreys441	NA
p466	z001_z002_z003_z004_z004_z005_z003_z007_z008_z006_z009_z010	Av:0009	NA	NA	NA	NA	NA	Jeffreys442	NA
p467	z001_z002_z003_z004_z004_z005_z003_z008_z006_z009_z010	Av:0014	NA	NA	NA	NA	NA	Jeffreys443	NA
p468	z001_z002_z003_z004_z004_z005_z003_z018_z003_z006_z011_z008_z012_z008_z009	Rv:0164	NA	NA	NA	NA	NA	Jeffreys444	NA
p469	z001_z002_z003_z004_z004_z005_z003_z043_z003_z004_z004_z005_z048_z007_z008_z006_z009_z010	Av:0495	NA	NA	NA	NA	NA	Jeffreys445	NA
p470	z001_z002_z003_z004_z004_z005_z003_z045_z011_z011_z007_z008_z006_z009_z010	Dv:0516	NA	NA	NA	NA	NA	Jeffreys446	NA
p471	z001_z002_z003_z004_z004_z005_z003_z046_z005_z003_z006_z011_z007_z008_z006_z009_z010	Dv:0489	NA	NA	NA	NA	NA	Jeffreys447	NA
p472	z001_z002_z003_z004_z004_z005_z003_z049_z006_z006_z007_z008_z005_z003_z049_z006_z006_z007_z008_z006_z009_z010	Av:0524	NA	NA	NA	NA	NA	Jeffreys448	NA
p473	z001_z002_z003_z004_z004_z005_z004_z004_z003_z006_z007_z008_z006_z009_z010	Av:0154	NA	NA	NA	NA	NA	Jeffreys449	NA
p474	z001_z002_z003_z004_z004_z005_z004_z004_z005_z003_z006_z007_z008_z006_z009_z010	Av:0055	NA	NA	NA	NA	NA	Jeffreys450	NA
p475	z001_z002_z003_z004_z004_z005_z004_z004_z047_z004_z005_z003_z006_z007_z008_z006_z009_z010	Av:0047	NA	NA	NA	NA	NA	Jeffreys451	NA
p476	z001_z002_z003_z004_z004_z005_z004_z005_z003_z006_z007_z008_z006_z009_z010	Av:0040	NA	NA	NA	NA	NA	Jeffreys452	NA
p477	z001_z002_z003_z004_z004_z005_z004_z018_z003_z006_z011_z008_z012_z008_z009_z010	Rv:0246	NA	NA	NA	NA	NA	Jeffreys453	NA
p478	z001_z002_z003_z004_z004_z005_z005_z003_z006_z011_z007_z008_z006_z009_z010	Dv:0512	NA	NA	NA	NA	NA	Jeffreys455	NA
p479	z001_z002_z003_z004_z004_z005_z005_z004_z004_z003_z003_z006_z007_z008_z006_z009_z010	Av:0177	NA	NA	NA	NA	NA	Jeffreys456	NA
p480	z001_z002_z003_z004_z004_z005_z005_z005_z003_z006_z007_z005_z004_z005_z005_z003_z006_z020_z016_z006_z017_z010	Rv:0121	NA	NA	NA	NA	NA	Jeffreys457	NA
p481	z001_z002_z003_z004_z004_z005_z005_z005_z003_z006_z007_z011_z006_z017_z010	L20v:0056	NA	NA	NA	NA	NA	Jeffreys458	NA
p482	z001_z002_z003_z004_z004_z005_z005_z006_z009_z010	Av:0028	NA	NA	NA	NA	NA	Jeffreys459	NA
p483	z001_z002_z003_z004_z004_z005_z006_z007_z004_z003_z006_z007_z008_z006_z009_z010	Av:0527	NA	NA	NA	NA	NA	Jeffreys460	NA
p484	z001_z002_z003_z004_z004_z005_z006_z007_z006_z006_z003_z006_z007_z008_z006_z009_z010	Av:0178	NA	NA	NA	NA	NA	Jeffreys461	NA
p485	z001_z002_z003_z004_z004_z005_z006_z007_z008_z006_z009_z010	Av:0007	NA	NA	NA	NA	NA	Jeffreys462	NA
p486	z001_z002_z003_z004_z004_z005_z006_z009_z010	Av:0026	NA	NA	NA	NA	NA	Jeffreys463	NA
p487	z001_z002_z003_z004_z004_z005_z007_z008_z006_z009_z010	Av:0012	NA	NA	NA	NA	NA	Jeffreys464	NA
p488	z001_z002_z003_z004_z004_z005_z043_z005_z003_z006_z007_z008_z006_z009_z010	Av:0424	NA	NA	NA	NA	NA	Jeffreys465	NA
p489	z001_z002_z003_z004_z004_z005_z043_z005_z006_z007_z008_z006_z009_z010	Av:0029	NA	NA	NA	NA	NA	Jeffreys466	NA
p490	z001_z002_z003_z004_z004_z005_z043_z006_z007_z008_z006_z009_z006_z006_z006_z007_z008_z006_z009_z010	Av:0119	NA	NA	NA	NA	NA	Jeffreys467	NA
p491	z001_z002_z003_z004_z004_z005_z043_z043_z005_z003_z006_z007_z008_z006_z009_z010	Av:0462	NA	NA	NA	NA	NA	Jeffreys468	NA
p492	z001_z002_z003_z004_z004_z005_z043_z043_z005_z043_z004_z005_z003_z006_z007_z008_z006_z009_z010	Av:0094	NA	NA	NA	NA	NA	Jeffreys469	NA
p493	z001_z002_z003_z004_z004_z005_z050_z050_z003_z004_z004_z005_z003_z006_z007_z008_z006_z009_z010	Av:0065	NA	NA	NA	NA	NA	Jeffreys470	NA
p494	z001_z002_z003_z004_z004_z005_z051_z022_z003_z006_z007_z008_z006_z009_z010	Rv:0075	NA	NA	NA	NA	NA	Jeffreys471	NA
p495	z001_z002_z003_z004_z004_z005_z057_z010	Av:0122	NA	NA	NA	NA	NA	Jeffreys472	NA
p496	z001_z002_z003_z004_z004_z006_z005_z003_z021_z007_z008_z006_z009_z010	Av:0027	NA	NA	NA	NA	NA	Jeffreys473	NA
p497	z001_z002_z003_z004_z004_z006_z007_z008_z006_z009_z010	Av:0032	NA	NA	NA	NA	NA	Jeffreys474	NA
p498	z001_z002_z003_z004_z004_z006_z011_z008_z012_z008_z009_z010	Cv:0207	NA	NA	NA	NA	NA	Jeffreys475	NA
p499	z001_z002_z003_z004_z004_z018_z004_z003_z003_z006_z011_z008_z012_z015_z009_z010	L14v:0362	NA	NA	NA	NA	NA	Jeffreys476	NA
p500	z001_z002_z003_z004_z004_z018_z004_z018_z003_z006_z011_z008_z012_z008_z009_z010	L16v:0388	NA	NA	NA	NA	NA	Jeffreys477	NA
p501	z001_z002_z003_z004_z004_z022_z003_z004_z004_z005_z003_z006_z007_z008_z006_z009_z010	Rv:0068	NA	NA	NA	NA	NA	Jeffreys478	NA
p502	z001_z002_z003_z004_z004_z022_z003_z006_z003_z006_z003_z006_z007_z008_z006_z009_z010	L27v:0067	NA	NA	NA	NA	NA	Jeffreys479	NA
p503	z001_z002_z003_z004_z004_z022_z003_z006_z007_z008_z003_z004_z004_z022_z003_z006_z007_z008_z006_z009_z010	L27v:0077	NA	NA	NA	NA	NA	Jeffreys480	NA
p504	z001_z002_z003_z004_z004_z022_z003_z006_z007_z008_z004_z022_z003_z006_z007_z008_z006_z009_z010	L27v:0072	NA	NA	NA	NA	NA	Jeffreys481	NA
p505	z001_z002_z003_z004_z004_z022_z003_z006_z007_z008_z052_z052_z008_z052_z052_z008_z006_z009_z010	L27v:0074	NA	NA	NA	NA	NA	Jeffreys483	NA
p506	z001_z002_z003_z004_z004_z022_z004_z004_z022_z003_z006_z007_z008_z006_z009_z010	L27v:0080	NA	NA	NA	NA	NA	Jeffreys484	NA
p507	z001_z002_z003_z004_z004_z022_z005_z005_z003_z006_z007_z008_z006_z009_z010	Rv:0073	NA	NA	NA	NA	NA	Jeffreys485	NA
p508	z001_z002_z003_z004_z004_z043_z003_z003_z006_z011_z008_z012_z015_z009_z010	L14v:0348	NA	NA	NA	NA	NA	Jeffreys486	NA
p509	z001_z002_z003_z004_z004_z043_z004_z005_z003_z006_z007_z008_z006_z009_z010	Av:0153	NA	NA	NA	NA	NA	Jeffreys487	NA
p510	z001_z002_z003_z004_z004_z043_z005_z003_z006_z007_z008_z006_z009_z010	Av:0125	NA	NA	NA	NA	NA	Jeffreys488	NA
p511	z001_z002_z003_z004_z004_z043_z005_z003_z006_z011_z007_z008_z006_z009_z010	Dv:0510	NA	NA	NA	NA	NA	Jeffreys489	NA
p512	z001_z002_z003_z004_z004_z043_z018_z003_z006_z011_z008_z012_z008_z009_z010	Cv:0194	NA	NA	NA	NA	NA	Jeffreys490	NA
p513	z001_z002_z003_z004_z004_z047_z003_z004_z022_z003_z006_z007_z008_z006_z009_z010	L27v:0079	NA	NA	NA	NA	NA	Jeffreys491	NA
p514	z001_z002_z003_z004_z004_z047_z003_z005_z003_z006_z020_z016_z006_z017_z010	L24v:0108	NA	NA	NA	NA	NA	Jeffreys492	NA
p515	z001_z002_z003_z004_z004_z047_z004_z005_z003_z006_z007_z008_z006_z009_z010	Av:0421	NA	NA	NA	NA	NA	Jeffreys493	NA
p516	z001_z002_z003_z004_z004_z047_z005_z003_z006_z007_z008_z006_z009_z010	Av:0025	NA	NA	NA	NA	NA	Jeffreys494	NA
p517	z001_z002_z003_z004_z005_z004_z004_z005_z003_z006_z020_z016_z006_z017_z010	L24v:0106	NA	NA	NA	NA	NA	Jeffreys496	NA
p518	z001_z002_z003_z004_z006_z003_z006_z007_z008_z006_z009_z010	Av:0043	NA	NA	NA	NA	NA	Jeffreys497	NA
p519	z001_z002_z003_z004_z006_z007_z008_z006_z009_z010	Av:0005	NA	NA	NA	NA	NA	Jeffreys498	NA
p520	z001_z002_z003_z004_z014_z003_z006_z007_z008_z006_z009_z010	Av:0045	NA	NA	NA	NA	NA	Jeffreys501	NA
p521	z001_z002_z003_z004_z018_z003_z003_z003_z006_z011_z008_z012_z008_z009_z010	L16v:0381	NA	NA	NA	NA	NA	Jeffreys502	NA
p522	z001_z002_z003_z004_z018_z003_z003_z004_z003_z003_z006_z011_z008_z012_z008_z009_z010	Cv:0393	NA	NA	NA	NA	NA	Jeffreys503	NA
p523	z001_z002_z003_z004_z018_z003_z006_z004_z004_z005_z003_z006_z007_z008_z006_z009_z010	Rv:0259	NA	NA	NA	NA	NA	Jeffreys504	NA
p524	z001_z002_z003_z004_z018_z003_z006_z011_z003_z003_z006_z011_z008_z012_z008_z009_z010	L16v:0373	NA	NA	NA	NA	NA	Jeffreys505	NA
p525	z001_z002_z003_z004_z018_z003_z006_z011_z008_z031_z011_z008_z012_z008_z009_z010	L16v:0389	NA	NA	NA	NA	NA	Jeffreys506	NA
p526	z001_z002_z003_z004_z018_z003_z006_z011_z008_z003_z006_z011_z008_z006_z009_z010	Rv:0250	NA	NA	NA	NA	NA	Jeffreys507	NA
p527	z001_z002_z003_z004_z018_z003_z006_z011_z008_z008_z008_z012_z008_z009_z010	L16v:0383	NA	NA	NA	NA	NA	Jeffreys508	NA
p528	z001_z002_z003_z004_z018_z003_z006_z011_z008_z012_z008_z008_z012_z008_z009_z010	L16v:0390	NA	NA	NA	NA	NA	Jeffreys509	NA
p529	z001_z002_z003_z004_z018_z003_z006_z011_z008_z012_z008_z009	L15v:0159	NA	NA	NA	NA	NA	Jeffreys510	NA
p530	z001_z002_z003_z004_z018_z003_z006_z011_z008_z012_z008_z009_z008_z009_z010	L16v:0251	NA	NA	NA	NA	NA	Jeffreys511	NA
p531	z001_z002_z003_z004_z018_z003_z006_z011_z008_z012_z008_z018_z018_z004_z018_z003_z006_z011_z008_z012_z008_z009_z010	L16v:0387	NA	NA	NA	NA	NA	Jeffreys513	NA
p532	z001_z002_z003_z004_z018_z003_z006_z011_z008_z012_z015_z029_z012_z028_z008_z009_z010	Rv:0376	NA	NA	NA	NA	NA	Jeffreys514	NA
p533	z001_z002_z003_z004_z018_z003_z006_z011_z011_z036_z011_z008_z012_z008_z009_z010	L16v:0244	NA	NA	NA	NA	NA	Jeffreys515	NA
p534	z001_z002_z003_z004_z018_z003_z006_z048_z008_z012_z008_z012_z008_z009_z010	L16v:0249	NA	NA	NA	NA	NA	Jeffreys516	NA
p535	z001_z002_z003_z004_z018_z003_z006_z048_z052_z008_z008_z012_z008_z009_z010	L16v:0247	NA	NA	NA	NA	NA	Jeffreys517	NA
p536	z001_z002_z003_z004_z018_z003_z012_z008_z009_z010	Cv:0278	NA	NA	NA	NA	NA	Jeffreys518	NA
p537	z001_z002_z003_z004_z018_z004_z004_z003_z003_z006_z011_z008_z012_z008_z009_z010	Cv:0215	NA	NA	NA	NA	NA	Jeffreys519	NA
p538	z001_z002_z003_z004_z018_z004_z004_z004_z003_z003_z006_z011_z008_z012_z008_z009_z010	Cv:0305	NA	NA	NA	NA	NA	Jeffreys520	NA
p539	z001_z002_z003_z004_z018_z004_z004_z004_z003_z004_z004_z003_z003_z006_z011_z008_z012_z008_z009	L15v:0182	NA	NA	NA	NA	NA	Jeffreys521	NA
p540	z001_z002_z003_z004_z018_z004_z004_z005_z003_z006_z007_z008_z006_z009_z010	Rv:0253	NA	NA	NA	NA	NA	Jeffreys522	NA
p541	z001_z002_z003_z004_z018_z012_z003_z004_z018_z003_z006_z011_z008_z012_z008_z009_z010	L16v:0256	NA	NA	NA	NA	NA	Jeffreys523	NA
p542	z001_z002_z003_z004_z018_z018_z018_z004_z004_z005_z003_z006_z020_z016_z006_z017_z010	L24v:0111	NA	NA	NA	NA	NA	Jeffreys524	NA
p543	z001_z002_z003_z004_z018_z050_z003_z004_z004_z005_z003_z006_z007_z008_z006_z009_z010	Av:0392	NA	NA	NA	NA	NA	Jeffreys525	NA
p544	z001_z002_z003_z004_z022_z043_z004_z005_z003_z043_z004_z022_z003_z006_z007_z008_z006_z009_z010	Rv:0076	NA	NA	NA	NA	NA	Jeffreys526	NA
p545	z001_z002_z003_z004_z043_z004_z004_z005_z003_z006_z007_z008_z006_z009_z010	Av:0501	NA	NA	NA	NA	NA	Jeffreys527	NA
p546	z001_z002_z003_z004_z051_z004_z004_z003_z003_z006_z011_z008_z012_z008_z009	L15v:0158	NA	NA	NA	NA	NA	Jeffreys528	NA
p547	z001_z002_z003_z004_z055_z053_z003_z004_z004_z005_z003_z006_z007_z008_z006_z009_z010	Av:0107	NA	NA	NA	NA	NA	Jeffreys529	NA
p548	z001_z002_z003_z004_z067_z003_z004_z051_z067_z003_z004_z004_z003_z003_z006_z011_z008_z012_z008_z009	Rv:0188	NA	NA	NA	NA	NA	Jeffreys530	NA
p549	z001_z002_z003_z005_z003_z006_z007_z008_z006_z009_z010	Av:0030	NA	NA	NA	NA	NA	Jeffreys531	NA
p550	z001_z002_z003_z005_z004_z004_z004_z004_z005_z003_z006_z004_z004_z005_z003_z006_z007_z008_z006_z009_z010	Av:0520	NA	NA	NA	NA	NA	Jeffreys532	NA
p551	z001_z002_z003_z006_z007_z008_z006_z009_z010	Av:0001	NA	NA	NA	NA	NA	Jeffreys533	NA
p552	z001_z002_z003_z006_z011_z008_z012_z008_z009	L15v:0126	NA	NA	NA	NA	NA	Jeffreys534	NA
p553	z001_z002_z003_z006_z011_z008_z012_z008_z009_z010	Cv:0197	NA	NA	NA	NA	NA	Jeffreys535	NA
p554	z001_z002_z003_z006_z011_z008_z012_z015_z017_z004_z004_z003_z003_z006_z011_z008_z012_z015_z009_z010	L14v:0331	NA	NA	NA	NA	NA	Jeffreys536	NA
p555	z001_z002_z003_z008_z006_z009_z010	Av:0023	NA	NA	NA	NA	NA	Jeffreys537	NA
p556	z001_z002_z003_z011_z008_z012_z008_z009_z010	Cv:0191	NA	NA	NA	NA	NA	Jeffreys538	NA
p557	z001_z002_z003_z018_z004_z004_z003_z003_z003_z006_z011_z008_z012_z008_z009_z010	Cv:0276	NA	NA	NA	NA	NA	Jeffreys539	NA
p558	z001_z002_z003_z018_z004_z004_z003_z003_z006_z011_z008_z012_z008_z009	L15v:0133	NA	NA	NA	NA	NA	Jeffreys540	NA
p559	z001_z002_z003_z043_z003_z004_z004_z005_z003_z006_z007_z008_z006_z009_z010	Av:0152	NA	NA	NA	NA	NA	Jeffreys541	NA
p560	z001_z002_z003_z043_z004_z004_z004_z004_z003_z003_z006_z011_z008_z012_z008_z009_z010	Cv:0303	NA	NA	NA	NA	NA	Jeffreys542	NA
p561	z001_z002_z003_z051_z018_z004_z004_z005_z003_z006_z007_z008_z006_z009_z010	Av:0418	NA	NA	NA	NA	NA	Jeffreys543	NA
p562	z001_z002_z003_z051_z043_z051_z003_z004_z004_z003_z003_z006_z011_z008_z012_z008_z009_z010	Cv:0402	NA	NA	NA	NA	NA	Jeffreys544	NA
p563	z001_z002_z004_z004_z003_z003_z006_z011_z008_z012_z008_z009_z010	Cv:0210	NA	NA	NA	NA	NA	Jeffreys545	NA
p564	z001_z002_z004_z004_z003_z003_z006_z011_z008_z012_z015_z009_z010	L14v:0300	NA	NA	NA	NA	NA	Jeffreys546	NA
p565	z001_z002_z004_z004_z003_z004_z004_z005_z003_z006_z007_z008_z006_z009_z010	Av:0081	NA	NA	NA	NA	NA	Jeffreys547	NA
p566	z001_z002_z004_z004_z005_z003_z006_z007_z008_z006_z009_z010	Av:0002	NA	NA	NA	NA	NA	Jeffreys548	NA
p567	z001_z002_z007_z008_z006_z009_z010	Av:0021	NA	NA	NA	NA	NA	Jeffreys550	NA
p568	z001_z002_z043_z003_z004_z003_z004_z003_z004_z004_z005_z003_z006_z007_z008_z006_z009_z010	Av:0400	NA	NA	NA	NA	NA	Jeffreys551	NA
p569	z001_z002_z043_z004_z005_z003_z006_z007_z008_z006_z009_z010	Av:0004	NA	NA	NA	NA	NA	Jeffreys552	NA
p570	z001_z002_z043_z005_z003_z006_z007_z008_z006_z009_z010	Av:0010	NA	NA	NA	NA	NA	Jeffreys553	NA
p571	z001_z002_z046_z003_z004_z004_z005_z003_z006_z007_z008_z006_z009_z010	Av:0020	NA	NA	NA	NA	NA	Jeffreys554	NA
p572	z001_z002_z061_z018_z004_z004_z005_z003_z006_z007_z008_z006_z009_z010	Av:0123	NA	NA	NA	NA	NA	Jeffreys555	NA
p573	z001_z003_z004_z004_z003_z003_z006_z011_z008_z012_z008_z009	L15v:0155	NA	NA	NA	NA	NA	Jeffreys556	NA
p574	z001_z004_z004_z005_z003_z006_z007_z008_z006_z009_z010	Av:0008	NA	NA	NA	NA	NA	Jeffreys558	NA
p575	z001_z006_z007_z008_z006_z009_z010	Av:0019	NA	NA	NA	NA	NA	Jeffreys559	NA
p576	z001_z044_z003_z006_z007_z008_z006_z009_z010	Av:0124	NA	NA	NA	NA	NA	Jeffreys560	NA
p577	z001_z044_z003_z006_z011_z008_z012_z008_z009_z010	Cv:0277	NA	NA	NA	NA	NA	Jeffreys561	NA
p578	z001_z044_z004_z004_z005_z003_z006_z007_z008_z006_z009_z010	Av:0038	NA	NA	NA	NA	NA	Jeffreys562	NA
p579	z001_z062_z003_z003_z004_z004_z003_z003_z006_z011_z008_z012_z008_z009	L15v:0131	NA	NA	NA	NA	NA	Jeffreys563	NA
p580	z001_z002_z003_z069_z004_z005_z003_z006_z007_z008_z006_z009_z010	M5	NA	NA	NA	NA	L32	NA	NA
p581	z001_z002_z003_z004_z004_z005_z003_z006_z007_z008_z006_z070_z010	NA	NA	NA	NA	NA	L34	NA	NA
p582	z001_z002_z003_z004_z004_z005_z003_z071_z007_z008_z006_z009_z010	NA	NA	NA	NA	NA	L35	NA	NA
p583	z001_z002_z018_z004_z004_z005_z003_z006_z007_z008_z006_z009_z010	NA	NA	NA	NA	NA	L36	NA	NA
p584	z001_z002_z003_z004_z004_z005_z003_z068_z007_z008_z006_z017_z010	NA	NA	NA	NA	NA	L38	NA	NA
p585	z001_z002_z003_z004_z014_z003_z006_z007_z007_z008_z006_z009_z010	baudat_H	NA	NA	NA	NA	NA	NA	NA
p586	z001_z002_z003_z004_z004_z003_z003_z006_z011_z008_z012_z008_z008_z008_z009_z010	baudat_I	NA	NA	NA	NA	NA	NA	NA
p587	z001_z002_z003_z072_z004_z003_z003_z006_z007_z008_z006_z009_z010	M1	NA	NA	NA	NA	NA	NA	NA
p588	z001_z002_z003_z004_z004_z005_z003_z006_z007_z011_z017_z010	M11	NA	NA	NA	NA	NA	NA	NA
p589	z001_z002_z003_z004_z004_z003_z003_z003_z004_z004_z003_z006_z011_z008_z012_z028_z008_z009_z010	M12	NA	NA	NA	NA	NA	NA	NA
p590	z001_z002_z043_z004_z004_z003_z003_z003_z006_z011_z008_z012_z015_z009_z010	M13	NA	NA	NA	NA	NA	NA	NA
p591	z001_z002_z003_z004_z004_z003_z003_z003_z006_z011_z008_z076_z008_z009_z010	M14	NA	NA	NA	NA	NA	NA	NA
p592	z001_z002_z003_z004_z004_z043_z004_z004_z043_z043_z003_z006_z007_z008_z006_z009_z010	M15	NA	NA	NA	NA	NA	NA	NA
p593	z001_z002_z077_z004_z004_z005_z003_z006_z007_z008_z008_z006_z009_z010	M16	NA	NA	NA	NA	NA	NA	NA
p594	z001_z002_z003_z004_z004_z004_z003_z003_z006_z007_z008_z006_z010	M17	NA	NA	NA	NA	NA	NA	NA
p595	z001_z002_z003_z004_z004_z003_z003_z006_z011_z008_z012_z048_z009_z010	M18	NA	NA	NA	NA	NA	NA	NA
p596	z001_z002_z003_z004_z004_z005_z003_z068_z007_z008_z006_z009_z010	M19	NA	NA	NA	NA	NA	NA	NA
p597	z001_z002_z003_z018_z004_z005_z003_z006_z007_z008_z006_z009_z010	M2	NA	NA	NA	NA	NA	NA	NA
p598	z001_z002_z003_z003_z003_z006_z007_z008_z006_z009_z010	M20	NA	NA	NA	NA	NA	NA	NA
p599	z001_z002_z003_z004_z004_z005_z003_z004_z005_z003_z006_z007_z008_z008_z006_z009_z010	M21	NA	NA	NA	NA	NA	NA	NA
p600	z001_z002_z003_z072_z078_z003_z003_z006_z007_z008_z006_z009_z010	M22	NA	NA	NA	NA	NA	NA	NA
p601	z001_z002_z003_z004_z004_z079_z003_z006_z007_z008_z006_z009_z010	M23	NA	NA	NA	NA	NA	NA	NA
p602	z001_z002_z003_z004_z004_z005_z003_z006_z007_z008_z006_z009_z080	M24	NA	NA	NA	NA	NA	NA	NA
p603	z001_z002_z003_z004_z004_z003_z003_z006_z048_z008_z008_z009_z010	M25	NA	NA	NA	NA	NA	NA	NA
p604	z001_z002_z003_z081_z004_z005_z003_z006_z007_z008_z006_z009_z010	M26	NA	NA	NA	NA	NA	NA	NA
p605	z001_z002_z003_z004_z004_z005_z082_z006_z007_z008_z006_z009_z010	M27	NA	NA	NA	NA	NA	NA	NA
p606	z001_z002_z003_z004_z004_z005_z003_z006_z011_z008_z012_z015_z009_z010	M28	NA	NA	NA	NA	NA	NA	NA
p607	z001_z002_z003_z004_z004_z003_z003_z006_z048_z008_z012_z008_z009_z010	M29	NA	NA	NA	NA	NA	NA	NA
p608	z001_z002_z003_z004_z005_z003_z006_z007_z008_z045_z010	M3	NA	NA	NA	NA	NA	NA	NA
p609	z001_z083_z003_z004_z004_z005_z003_z006_z007_z011_z006_z017_z010	M30	NA	NA	NA	NA	NA	NA	NA
p610	z001_z002_z003_z004_z004_z003_z003_z006_z007_z008_z006_z063_z009_z010	M31	NA	NA	NA	NA	NA	NA	NA
p611	z001_z002_z003_z043_z004_z005_z003_z006_z007_z008_z006_z009_z010	M32	NA	NA	NA	NA	NA	NA	NA
p612	z001_z002_z003_z004_z004_z073_z003_z006_z007_z008_z006_z009_z010	M6	NA	NA	NA	NA	NA	NA	NA
p613	z001_z002_z003_z004_z043_z003_z003_z006_z007_z008_z006_z009_z010	M7	NA	NA	NA	NA	NA	NA	NA
p614	z001_z002_z003_z004_z004_z003_z003_z006_z007_z074_z006_z009_z010	M8	NA	NA	NA	NA	NA	NA	NA
p615	z001_z002_z003_z004_z004_z005_z003_z006_z007_z008_z006_z075_z010	M9	NA	NA	NA	NA	NA	NA	NA
p616	z001_z002_z003_z004_z003_z003_z006_z007_z008_z006_z009_z010	NA	NA	NA	chr5:23526974:DN.4	NA	NA	NA	NA
