StandardName	StandardZnfContent
PR001	ZN001_ZN002_ZN003_ZN004_ZN004_ZN005_ZN003_ZN006_ZN007_ZN008_ZN006_ZN009_ZN010
PR002	ZN001_ZN002_ZN003_ZN004_ZN004_ZN003_ZN003_ZN006_ZN007_ZN008_ZN006_ZN009_ZN010
PR003	ZN001_ZN002_ZN003_ZN004_ZN004_ZN003_ZN003_ZN006_ZN011_ZN008_ZN012_ZN008_ZN009_ZN010
PR004	ZN001_ZN002_ZN003_ZN004_ZN004_ZN005_ZN003_ZN006_ZN011_ZN007_ZN008_ZN006_ZN009_ZN010
PR005	ZN001_ZN002_ZN003_ZN004_ZN008_ZN006_ZN009_ZN010
PR006	ZN001_ZN002_ZN003_ZN004_ZN007_ZN008_ZN006_ZN009_ZN010
PR007	ZN001_ZN003_ZN004_ZN004_ZN005_ZN003_ZN006_ZN007_ZN008_ZN006_ZN009_ZN010
PR008	ZN001_ZN002_ZN003_ZN004_ZN004_ZN005_ZN003_ZN006_ZN007_ZN008_ZN009_ZN010
PR009	ZN001_ZN002_ZN003_ZN004_ZN004_ZN003_ZN003_ZN003_ZN006_ZN007_ZN008_ZN006_ZN010
PR010	ZN001_ZN002_ZN003_ZN004_ZN004_ZN005_ZN003_ZN006_ZN007_ZN008_ZN017_ZN009_ZN010
PR011	ZN001_ZN002_ZN003_ZN004_ZN004_ZN003_ZN003_ZN006_ZN011_ZN008_ZN012_ZN015_ZN009_ZN010
PR012	ZN001_ZN002_ZN003_ZN004_ZN004_ZN003_ZN003_ZN006_ZN011_ZN008_ZN012_ZN008_ZN009
PR013	ZN001_ZN002_ZN003_ZN004_ZN018_ZN003_ZN006_ZN011_ZN008_ZN012_ZN008_ZN009_ZN010
PR014	ZN001_ZN002_ZN003_ZN004_ZN004_ZN011_ZN003_ZN003_ZN006_ZN011_ZN008_ZN012_ZN008_ZN009_ZN010
PR015	ZN001_ZN002_ZN004_ZN004_ZN019_ZN003_ZN006_ZN011_ZN008_ZN012_ZN015_ZN009_ZN010
PR016	ZN001_ZN002_ZN003_ZN004_ZN004_ZN003_ZN003_ZN006_ZN011_ZN008_ZN012_ZN008_ZN017_ZN009_ZN010
PR017	ZN001_ZN002_ZN003_ZN004_ZN004_ZN003_ZN006_ZN007_ZN008_ZN006_ZN009_ZN010
PR018	ZN001_ZN002_ZN003_ZN004_ZN004_ZN005_ZN003_ZN006_ZN007_ZN011_ZN006_ZN017_ZN010
PR019	ZN001_ZN002_ZN003_ZN004_ZN004_ZN005_ZN005_ZN003_ZN006_ZN007_ZN008_ZN006_ZN009_ZN010
PR020	ZN001_ZN002_ZN003_ZN004_ZN004_ZN005_ZN003_ZN006_ZN007_ZN008_ZN008_ZN006_ZN009_ZN010
PR021	ZN001_ZN002_ZN003_ZN004_ZN004_ZN005_ZN003_ZN006_ZN006_ZN008_ZN006_ZN017_ZN010
PR022	ZN001_ZN002_ZN003_ZN004_ZN004_ZN005_ZN003_ZN006_ZN020_ZN016_ZN006_ZN017_ZN010
PR023	ZN001_ZN002_ZN003_ZN004_ZN005_ZN003_ZN006_ZN007_ZN008_ZN006_ZN009_ZN010
PR024	ZN001_ZN002_ZN003_ZN004_ZN004_ZN003_ZN003_ZN003_ZN004_ZN004_ZN003_ZN006_ZN011_ZN008_ZN012_ZN008_ZN009_ZN010
PR025	ZN001_ZN002_ZN003_ZN004_ZN004_ZN005_ZN003_ZN006_ZN009_ZN010
PR026	ZN001_ZN002_ZN003_ZN004_ZN004_ZN003_ZN003_ZN003_ZN006_ZN011_ZN008_ZN012_ZN015_ZN009_ZN010
PR027	ZN001_ZN002_ZN003_ZN004_ZN004_ZN003_ZN003_ZN006_ZN007_ZN008_ZN006_ZN010
PR028	ZN001_ZN002_ZN003_ZN004_ZN004_ZN005_ZN003_ZN003_ZN006_ZN011_ZN008_ZN012_ZN008_ZN009_ZN010
PR029	ZN001_ZN002_ZN003_ZN004_ZN004_ZN005_ZN003_ZN006_ZN007_ZN016_ZN006_ZN017_ZN010
PR030	ZN001_ZN002_ZN003_ZN004_ZN004_ZN005_ZN003_ZN006_ZN021_ZN008_ZN006_ZN009_ZN010
PR031	ZN001_ZN002_ZN003_ZN004_ZN004_ZN005_ZN003_ZN006_ZN007_ZN008_ZN006_ZN017_ZN010
PR032	ZN001_ZN002_ZN003_ZN004_ZN004_ZN022_ZN003_ZN006_ZN007_ZN008_ZN006_ZN009_ZN010
PR033	ZN001_ZN002_ZN003_ZN004_ZN004_ZN005_ZN003_ZN003_ZN006_ZN013_ZN010
PR034	ZN001_ZN002_ZN003_ZN003_ZN004_ZN003_ZN003_ZN006_ZN011_ZN008_ZN012_ZN008_ZN008_ZN008_ZN009_ZN010
PR035	ZN001_ZN002_ZN003_ZN004_ZN007_ZN008_ZN006_ZN009_ZN007_ZN008_ZN006_ZN009_ZN010
PR036	ZN001_ZN002_ZN003_ZN004_ZN005_ZN003_ZN004_ZN003_ZN003_ZN006_ZN007_ZN008_ZN006_ZN009_ZN010
PR037	ZN001_ZN002_ZN003_ZN004_ZN004_ZN008_ZN003_ZN006_ZN011_ZN008_ZN012_ZN008_ZN009_ZN010
PR038	ZN001_ZN002_ZN005_ZN003_ZN006_ZN007_ZN008_ZN006_ZN009_ZN010
PR039	ZN001_ZN002_ZN003_ZN004_ZN004_ZN004_ZN005_ZN003_ZN006_ZN007_ZN008_ZN006_ZN009_ZN010
PR040	ZN001_ZN002_ZN003_ZN024_ZN004_ZN005_ZN003_ZN006_ZN007_ZN008_ZN006_ZN009_ZN010
PR041	ZN001_ZN002_ZN003_ZN004_ZN004_ZN005_ZN003_ZN006_ZN007_ZN008_ZN006_ZN025_ZN010
PR042	ZN001_ZN002_ZN003_ZN004_ZN004_ZN005_ZN003_ZN026_ZN007_ZN008_ZN006_ZN009_ZN010
PR043	ZN001_ZN002_ZN018_ZN004_ZN004_ZN005_ZN003_ZN006_ZN007_ZN008_ZN006_ZN009_ZN010
PR044	ZN001_ZN002_ZN003_ZN004_ZN004_ZN005_ZN003_ZN023_ZN007_ZN008_ZN006_ZN017_ZN010
PR045	ZN001_ZN002_ZN003_ZN004_ZN014_ZN003_ZN006_ZN007_ZN007_ZN008_ZN006_ZN009_ZN010
PR046	ZN001_ZN002_ZN003_ZN004_ZN004_ZN003_ZN003_ZN006_ZN011_ZN008_ZN012_ZN008_ZN008_ZN008_ZN009_ZN010
PR047	ZN001_ZN002_ZN003_ZN027_ZN004_ZN003_ZN003_ZN006_ZN007_ZN008_ZN006_ZN009_ZN010
PR048	ZN001_ZN002_ZN003_ZN004_ZN004_ZN005_ZN003_ZN006_ZN007_ZN011_ZN017_ZN010
PR049	ZN001_ZN002_ZN003_ZN004_ZN004_ZN003_ZN003_ZN003_ZN004_ZN004_ZN003_ZN006_ZN011_ZN008_ZN012_zn041_ZN008_ZN009_ZN010
PR050	ZN001_ZN002_zn002_ZN004_ZN004_ZN003_ZN003_ZN003_ZN006_ZN011_ZN008_ZN012_ZN015_ZN009_ZN010
PR051	ZN001_ZN002_ZN003_ZN004_ZN004_ZN003_ZN003_ZN003_ZN006_ZN011_ZN008_ZN031_ZN008_ZN009_ZN010
PR052	ZN001_ZN002_ZN003_ZN004_ZN004_zn002_ZN004_ZN004_zn002_zn002_ZN003_ZN006_ZN007_ZN008_ZN006_ZN009_ZN010
PR053	ZN001_ZN002_ZN032_ZN004_ZN004_ZN005_ZN003_ZN006_ZN007_ZN008_ZN008_ZN006_ZN009_ZN010
PR054	ZN001_ZN002_ZN003_ZN004_ZN004_ZN004_ZN003_ZN003_ZN006_ZN007_ZN008_ZN006_ZN010
PR055	ZN001_ZN002_ZN003_ZN004_ZN004_ZN003_ZN003_ZN006_ZN011_ZN008_ZN012_zn007_ZN009_ZN010
PR056	ZN001_ZN002_ZN003_ZN004_ZN004_ZN005_ZN003_ZN023_ZN007_ZN008_ZN006_ZN009_ZN010
PR057	ZN001_ZN002_ZN003_ZN018_ZN004_ZN005_ZN003_ZN006_ZN007_ZN008_ZN006_ZN009_ZN010
PR058	ZN001_ZN002_ZN003_ZN003_ZN003_ZN006_ZN007_ZN008_ZN006_ZN009_ZN010
PR059	ZN001_ZN002_ZN003_ZN004_ZN004_ZN005_ZN003_ZN004_ZN005_ZN003_ZN006_ZN007_ZN008_ZN008_ZN006_ZN009_ZN010
PR060	ZN001_ZN002_ZN003_ZN027_ZN033_ZN003_ZN003_ZN006_ZN007_ZN008_ZN006_ZN009_ZN010
PR061	ZN001_ZN002_ZN003_ZN004_ZN004_ZN034_ZN003_ZN006_ZN007_ZN008_ZN006_ZN009_ZN010
PR062	ZN001_ZN002_ZN003_ZN004_ZN004_ZN005_ZN003_ZN006_ZN007_ZN008_ZN006_ZN009_ZN035
PR063	ZN001_ZN002_ZN003_ZN004_ZN004_ZN003_ZN003_ZN006_zn007_ZN008_ZN008_ZN009_ZN010
PR064	ZN001_ZN002_ZN003_ZN036_ZN004_ZN005_ZN003_ZN006_ZN007_ZN008_ZN006_ZN009_ZN010
PR065	ZN001_ZN002_ZN003_ZN004_ZN004_ZN005_ZN037_ZN006_ZN007_ZN008_ZN006_ZN009_ZN010
PR066	ZN001_ZN002_ZN003_ZN004_ZN004_ZN005_ZN003_ZN006_ZN011_ZN008_ZN012_ZN015_ZN009_ZN010
PR067	ZN001_ZN002_ZN003_ZN004_ZN004_ZN003_ZN003_ZN006_zn007_ZN008_ZN012_ZN008_ZN009_ZN010
PR068	ZN001_ZN002_ZN003_ZN004_ZN005_ZN003_ZN006_ZN007_ZN008_zn004_ZN010
PR069	ZN001_ZN038_ZN003_ZN004_ZN004_ZN005_ZN003_ZN006_ZN007_ZN011_ZN006_ZN017_ZN010
PR070	ZN001_ZN002_ZN003_ZN004_ZN004_ZN003_ZN003_ZN006_ZN007_ZN008_ZN006_zn022_ZN009_ZN010
PR071	ZN001_ZN002_ZN003_zn002_ZN004_ZN005_ZN003_ZN006_ZN007_ZN008_ZN006_ZN009_ZN010
PR072	ZN001_ZN002_ZN003_ZN004_ZN004_ZN028_ZN003_ZN006_ZN007_ZN008_ZN006_ZN009_ZN010
PR073	ZN001_ZN002_ZN003_ZN004_zn002_ZN003_ZN003_ZN006_ZN007_ZN008_ZN006_ZN009_ZN010
PR074	ZN001_ZN002_ZN003_ZN004_ZN004_ZN003_ZN003_ZN006_ZN007_ZN029_ZN006_ZN009_ZN010
PR075	ZN001_ZN002_ZN003_ZN004_ZN004_ZN005_ZN003_ZN006_ZN007_ZN008_ZN006_ZN030_ZN010
pr001	zn027_ZN011_ZN008_ZN012_ZN008_ZN009_ZN010
pr002	ZN001_ZN002_ZN002_ZN003_ZN004_ZN004_ZN003_ZN003_ZN006_ZN011_ZN008_ZN012_ZN008_ZN009_ZN010
pr003	ZN001_ZN002_ZN003_ZN003_ZN002_ZN003_ZN004_ZN004_ZN022_ZN003_ZN006_ZN007_ZN008_ZN006_ZN009_ZN010
pr004	ZN001_ZN002_ZN003_ZN003_ZN003_ZN003_ZN004_ZN004_ZN003_ZN003_ZN006_ZN011_ZN008_ZN012_ZN015_ZN009_ZN010
pr005	ZN001_ZN002_ZN003_ZN003_ZN003_ZN003_ZN004_ZN004_ZN005_ZN003_ZN006_ZN007_ZN008_ZN006_ZN009_ZN010
pr006	ZN001_ZN002_ZN003_ZN003_ZN003_ZN006_ZN011_ZN008_ZN012_ZN008_ZN009
pr007	ZN001_ZN002_ZN003_ZN003_ZN003_zn002_ZN004_ZN003_ZN003_ZN006_ZN011_ZN008_ZN012_ZN015_ZN009_ZN010
pr008	ZN001_ZN002_ZN003_ZN003_ZN004_ZN004_ZN003_ZN003_ZN006_ZN011_ZN008_ZN012_ZN008_ZN009_ZN010
pr009	ZN001_ZN002_ZN003_ZN003_ZN004_ZN004_ZN005_ZN003_ZN006_ZN007_ZN008_ZN006_ZN009_ZN010
pr010	ZN001_ZN002_ZN003_ZN003_ZN004_ZN004_ZN005_ZN003_ZN006_ZN011_ZN007_ZN008_ZN006_ZN009_ZN010
pr011	ZN001_ZN002_ZN003_ZN003_ZN004_ZN004_ZN005_zn012_ZN003_ZN004_ZN004_ZN005_ZN003_ZN006_ZN007_ZN008_ZN006_ZN009_ZN010
pr012	ZN001_ZN002_ZN003_ZN003_ZN006_ZN007_ZN008_ZN006_ZN009_ZN010
pr013	ZN001_ZN002_ZN003_ZN003_ZN006_ZN011_ZN008_ZN012_ZN008_ZN009
pr014	ZN001_ZN002_ZN003_ZN003_ZN006_ZN011_ZN008_ZN012_ZN008_ZN009_ZN010
pr015	ZN001_ZN002_ZN003_ZN004_zn030_ZN006_ZN007_ZN008_ZN006_ZN009_ZN010
pr016	ZN001_ZN002_ZN003_ZN004_ZN003_ZN003_ZN003_ZN004_ZN004_ZN003_ZN003_ZN006_ZN011_ZN008_ZN012_ZN015_ZN009_ZN010
pr017	ZN001_ZN002_ZN003_ZN004_ZN003_ZN003_ZN004_ZN003_zn002_ZN004_ZN005_ZN003_ZN006_ZN007_ZN008_ZN006_ZN009_ZN010
pr018	ZN001_ZN002_ZN003_ZN004_ZN003_ZN003_ZN006_ZN011_ZN008_ZN012_ZN008_ZN009
pr019	ZN001_ZN002_ZN003_ZN004_ZN003_ZN003_ZN006_ZN011_ZN008_ZN012_ZN008_ZN009_ZN010
pr020	ZN001_ZN002_ZN003_ZN004_ZN003_ZN003_ZN006_ZN011_ZN008_ZN012_ZN015_ZN009_ZN010
pr021	ZN001_ZN002_ZN003_ZN004_ZN003_ZN004_ZN004_ZN003_ZN003_ZN003_ZN006_ZN007_ZN008_ZN006_ZN010
pr022	ZN001_ZN002_ZN003_ZN004_ZN003_ZN004_ZN004_ZN003_ZN003_ZN006_ZN011_ZN008_ZN012_ZN008_ZN009_ZN010
pr023	ZN001_ZN002_ZN003_ZN004_ZN003_ZN004_ZN004_ZN005_ZN003_ZN004_ZN003_ZN004_ZN004_ZN005_ZN003_ZN006_ZN007_ZN008_ZN006_ZN009_ZN010
pr024	ZN001_ZN002_ZN003_ZN004_ZN003_ZN004_ZN004_ZN005_ZN003_ZN006_ZN007_ZN008_ZN006_ZN009_ZN010
pr025	ZN001_ZN002_ZN003_ZN004_ZN003_ZN004_ZN018_ZN003_ZN006_ZN011_ZN008_ZN012_ZN008_ZN009_ZN010
pr026	ZN001_ZN002_ZN003_ZN004_ZN004_ZN002_zn002_zn029_ZN002_zn002_ZN004_ZN003_ZN003_ZN006_ZN011_ZN008_ZN012_ZN008_ZN009_ZN010
pr027	ZN001_ZN002_ZN003_ZN004_ZN004_ZN003_zn032_ZN009_ZN010
pr028	ZN001_ZN002_ZN003_ZN004_ZN004_ZN003_ZN003_ZN003_ZN003_ZN003_ZN003_ZN006_ZN007_ZN008_ZN006_ZN010
pr029	ZN001_ZN002_ZN003_ZN004_ZN004_ZN003_ZN003_ZN003_ZN003_ZN004_ZN014_ZN003_ZN006_ZN007_ZN008_ZN006_ZN009_ZN010
pr030	ZN001_ZN002_ZN003_ZN004_ZN004_ZN003_ZN003_ZN003_ZN004_ZN004_ZN003_ZN004_ZN004_ZN003_ZN003_ZN006_ZN011_ZN008_ZN012_ZN008_ZN009_ZN010
pr031	ZN001_ZN002_ZN003_ZN004_ZN004_ZN003_ZN003_ZN003_ZN005_ZN003_ZN006_ZN007_ZN008_ZN006_ZN009_ZN010
pr032	ZN001_ZN002_ZN003_ZN004_ZN004_ZN003_ZN003_ZN003_ZN006_ZN006_ZN011_ZN008_ZN012_ZN015_ZN009_ZN010
pr033	ZN001_ZN002_ZN003_ZN004_ZN004_ZN003_ZN003_ZN003_ZN006_ZN007_ZN003_ZN005_ZN003_ZN006_ZN007_ZN008_ZN006_ZN009_ZN010
pr034	ZN001_ZN002_ZN003_ZN004_ZN004_ZN003_ZN003_ZN003_ZN006_ZN007_ZN006_ZN006_ZN007_ZN006_ZN006_ZN007_ZN008_ZN006_ZN010
pr035	ZN001_ZN002_ZN003_ZN004_ZN004_ZN003_ZN003_ZN003_ZN006_ZN007_ZN007_zn011_ZN008_ZN006_ZN010
pr036	ZN001_ZN002_ZN003_ZN004_ZN004_ZN003_ZN003_ZN003_ZN006_ZN007_ZN008_ZN006_ZN006_ZN007_ZN008_ZN006_ZN008_zn004_ZN010
pr037	ZN001_ZN002_ZN003_ZN004_ZN004_ZN003_ZN003_ZN003_ZN006_ZN007_ZN008_ZN006_ZN006_ZN007_ZN008_ZN006_ZN010
pr038	ZN001_ZN002_ZN003_ZN004_ZN004_ZN003_ZN003_ZN003_ZN006_ZN007_ZN008_ZN006_ZN007_ZN008_ZN006_ZN010
pr039	ZN001_ZN002_ZN003_ZN004_ZN004_ZN003_ZN003_ZN003_ZN006_ZN007_ZN008_ZN006_ZN009_ZN010
pr040	ZN001_ZN002_ZN003_ZN004_ZN004_ZN003_ZN003_ZN003_ZN006_ZN007_ZN008_ZN006_ZN011_ZN008_ZN008_ZN017_ZN010
pr041	ZN001_ZN002_ZN003_ZN004_ZN004_ZN003_ZN003_ZN003_ZN006_ZN007_ZN008_ZN007_ZN008_ZN006_ZN010
pr042	ZN001_ZN002_ZN003_ZN004_ZN004_ZN003_ZN003_ZN003_ZN006_ZN007_ZN008_ZN007_ZN008_ZN007_ZN007_ZN008_ZN012_ZN008_ZN009_ZN010
pr043	ZN001_ZN002_ZN003_ZN004_ZN004_ZN003_ZN003_ZN003_ZN006_ZN007_ZN008_ZN012_ZN008_ZN009_ZN010
pr044	ZN001_ZN002_ZN003_ZN004_ZN004_ZN003_ZN003_ZN003_ZN006_ZN007_ZN008_zn004_ZN017_ZN017_ZN010
pr045	ZN001_ZN002_ZN003_ZN004_ZN004_ZN003_ZN003_ZN003_ZN006_ZN007_ZN011_ZN008_zn007_ZN008_ZN006_ZN010
pr046	ZN001_ZN002_ZN003_ZN004_ZN004_ZN003_ZN003_ZN003_ZN006_ZN008_ZN006_ZN007_ZN008_ZN006_ZN010
pr047	ZN001_ZN002_ZN003_ZN004_ZN004_ZN003_ZN003_ZN003_ZN006_ZN011_ZN008_ZN012_ZN008_ZN009
pr048	ZN001_ZN002_ZN003_ZN004_ZN004_ZN003_ZN003_ZN003_ZN006_ZN011_ZN008_ZN012_ZN008_ZN009_ZN010
pr049	ZN001_ZN002_ZN003_ZN004_ZN004_ZN003_ZN003_ZN003_ZN006_ZN011_ZN008_ZN018_ZN003_ZN006_ZN011_ZN008_ZN012_ZN008_ZN009_ZN010
pr050	ZN001_ZN002_ZN003_ZN004_ZN004_ZN003_ZN003_ZN004_ZN004_ZN003_ZN003_ZN003_ZN003_ZN006_ZN011_ZN008_ZN012_ZN015_ZN009_ZN010
pr051	ZN001_ZN002_ZN003_ZN004_ZN004_ZN003_ZN003_ZN004_ZN004_ZN003_ZN003_ZN003_ZN006_ZN007_ZN008_ZN006_ZN010
pr052	ZN001_ZN002_ZN003_ZN004_ZN004_ZN003_ZN003_ZN004_ZN004_ZN003_ZN003_ZN006_ZN011_ZN008_ZN012_ZN008_ZN009_ZN010
pr053	ZN001_ZN002_ZN003_ZN004_ZN004_ZN003_ZN003_ZN004_ZN004_ZN005_ZN003_ZN006_ZN007_ZN008_ZN006_ZN009_ZN010
pr054	ZN001_ZN002_ZN003_ZN004_ZN004_ZN003_ZN003_ZN004_ZN018_ZN003_ZN006_ZN011_ZN008_ZN012_ZN008_ZN009_ZN010
pr055	ZN001_ZN002_ZN003_ZN004_ZN004_ZN003_ZN003_ZN005_ZN003_ZN006_ZN007_ZN008_ZN006_ZN009_ZN010
pr056	ZN001_ZN002_ZN003_ZN004_ZN004_ZN003_ZN003_ZN006_zn031_ZN004_ZN004_ZN003_ZN003_ZN004_ZN004_ZN003_ZN003_ZN011_ZN008_ZN012_ZN008_ZN009_ZN010
pr057	ZN001_ZN002_ZN003_ZN004_ZN004_ZN003_ZN003_ZN006_zn033_ZN009_ZN010
pr058	ZN001_ZN002_ZN003_ZN004_ZN004_ZN003_ZN003_ZN006_ZN003_ZN006_ZN011_ZN008_ZN012_ZN015_ZN009_ZN010
pr059	ZN001_ZN002_ZN003_ZN004_ZN004_ZN003_ZN003_ZN006_ZN005_ZN003_ZN006_ZN007_ZN008_ZN006_ZN009_ZN010
pr060	ZN001_ZN002_ZN003_ZN004_ZN004_ZN003_ZN003_ZN006_ZN006_ZN011_ZN008_ZN012_ZN008_ZN009_ZN010
pr061	ZN001_ZN002_ZN003_ZN004_ZN004_ZN003_ZN003_ZN006_ZN006_ZN011_ZN008_ZN012_ZN015_ZN009_ZN010
pr062	ZN001_ZN002_ZN003_ZN004_ZN004_ZN003_ZN003_ZN006_ZN007_ZN008_ZN011_ZN008_ZN012_ZN015_ZN009_ZN010
pr063	ZN001_ZN002_ZN003_ZN004_ZN004_ZN003_ZN003_ZN006_ZN007_ZN011_ZN008_ZN012_ZN008_ZN009
pr064	ZN001_ZN002_ZN003_ZN004_ZN004_ZN003_ZN003_ZN006_ZN007_ZN011_ZN008_ZN012_ZN015_ZN009_ZN010
pr065	ZN001_ZN002_ZN003_ZN004_ZN004_ZN003_ZN003_ZN006_ZN008_ZN011_ZN008_ZN012_ZN015_ZN009_ZN010
pr066	ZN001_ZN002_ZN003_ZN004_ZN004_ZN003_ZN003_ZN006_ZN008_ZN012_ZN008_ZN009
pr067	ZN001_ZN002_ZN003_ZN004_ZN004_ZN003_ZN003_ZN006_ZN008_ZN012_ZN008_ZN009_ZN010
pr068	ZN001_ZN002_ZN003_ZN004_ZN004_ZN003_ZN003_ZN006_ZN008_ZN012_ZN011_ZN008_ZN012_ZN015_ZN009_ZN010
pr069	ZN001_ZN002_ZN003_ZN004_ZN004_ZN003_ZN003_ZN006_ZN010
pr070	ZN001_ZN002_ZN003_ZN004_ZN004_ZN003_ZN003_ZN006_ZN011_zn030_ZN012_zn030_ZN012_ZN008_ZN009_ZN010
pr071	ZN001_ZN002_ZN003_ZN004_ZN004_ZN003_ZN003_ZN006_ZN011_ZN003_ZN003_ZN006_ZN011_ZN008_ZN012_ZN008_ZN009_ZN010
pr072	ZN001_ZN002_ZN003_ZN004_ZN004_ZN003_ZN003_ZN006_ZN011_ZN003_ZN006_ZN011_ZN008_ZN012_ZN015_ZN009_ZN010
pr073	ZN001_ZN002_ZN003_ZN004_ZN004_ZN003_ZN003_ZN006_ZN011_ZN008_zn041_ZN012_ZN008_ZN009_ZN010
pr074	ZN001_ZN002_ZN003_ZN004_ZN004_ZN003_ZN003_ZN006_ZN011_ZN008_zn028_ZN003_ZN008_ZN012_ZN008_ZN009_ZN010
pr075	ZN001_ZN002_ZN003_ZN004_ZN004_ZN003_ZN003_ZN006_ZN011_ZN008_ZN003_ZN003_ZN006_ZN011_ZN008_ZN008_ZN012_ZN008_ZN009
pr076	ZN001_ZN002_ZN003_ZN004_ZN004_ZN003_ZN003_ZN006_ZN011_ZN008_ZN003_ZN003_ZN006_ZN011_ZN008_ZN012_ZN015_ZN009_ZN010
pr077	ZN001_ZN002_ZN003_ZN004_ZN004_ZN003_ZN003_ZN006_ZN011_ZN008_ZN003_ZN004_ZN004_ZN003_ZN003_ZN006_ZN011_ZN008_ZN012_ZN008_ZN009_ZN010
pr078	ZN001_ZN002_ZN003_ZN004_ZN004_ZN003_ZN003_ZN006_ZN011_ZN008_ZN003_ZN006_ZN006_ZN011_ZN008_zn011_ZN012_ZN008_ZN009_ZN010
pr079	ZN001_ZN002_ZN003_ZN004_ZN004_ZN003_ZN003_ZN006_ZN011_ZN008_ZN003_ZN006_ZN011_ZN008_ZN008_zn019_ZN012_ZN008_ZN009_ZN010
pr080	ZN001_ZN002_ZN003_ZN004_ZN004_ZN003_ZN003_ZN006_ZN011_ZN008_ZN003_ZN006_ZN011_ZN008_ZN012_ZN008_ZN009_ZN010
pr081	ZN001_ZN002_ZN003_ZN004_ZN004_ZN003_ZN003_ZN006_ZN011_ZN008_ZN003_ZN006_ZN011_ZN008_ZN012_ZN015_ZN009_ZN010
pr082	ZN001_ZN002_ZN003_ZN004_ZN004_ZN003_ZN003_ZN006_ZN011_ZN008_ZN003_ZN006_ZN011_ZN015_ZN009_ZN010
pr083	ZN001_ZN002_ZN003_ZN004_ZN004_ZN003_ZN003_ZN006_ZN011_ZN008_ZN003_ZN008_ZN012_ZN008_ZN009_ZN010
pr084	ZN001_ZN002_ZN003_ZN004_ZN004_ZN003_ZN003_ZN006_ZN011_ZN008_ZN003_ZN012_ZN008_ZN009_ZN010
pr085	ZN001_ZN002_ZN003_ZN004_ZN004_ZN003_ZN003_ZN006_ZN011_ZN008_ZN004_ZN003_ZN003_ZN006_ZN011_ZN008_ZN012_ZN008_ZN009
pr086	ZN001_ZN002_ZN003_ZN004_ZN004_ZN003_ZN003_ZN006_ZN011_ZN008_ZN004_ZN004_ZN003_ZN003_ZN006_ZN011_ZN008_ZN012_ZN008_ZN009
pr087	ZN001_ZN002_ZN003_ZN004_ZN004_ZN003_ZN003_ZN006_ZN011_ZN008_ZN004_ZN004_ZN003_ZN003_ZN006_ZN011_ZN008_ZN012_ZN015_ZN009_ZN010
pr088	ZN001_ZN002_ZN003_ZN004_ZN004_ZN003_ZN003_ZN006_ZN011_ZN008_ZN006_ZN007_ZN008_ZN012_ZN008_ZN009
pr089	ZN001_ZN002_ZN003_ZN004_ZN004_ZN003_ZN003_ZN006_ZN011_ZN008_ZN006_ZN008_ZN012_ZN008_ZN009
pr090	ZN001_ZN002_ZN003_ZN004_ZN004_ZN003_ZN003_ZN006_ZN011_ZN008_ZN006_ZN011_zn028_ZN006_ZN011_ZN008_ZN012_ZN015_ZN009_ZN010
pr091	ZN001_ZN002_ZN003_ZN004_ZN004_ZN003_ZN003_ZN006_ZN011_ZN008_ZN006_ZN011_ZN008_ZN012_ZN006_ZN011_ZN008_ZN012_ZN008_ZN009
pr092	ZN001_ZN002_ZN003_ZN004_ZN004_ZN003_ZN003_ZN006_ZN011_ZN008_ZN006_ZN012_ZN008_ZN005_ZN012_ZN008_ZN009
pr093	ZN001_ZN002_ZN003_ZN004_ZN004_ZN003_ZN003_ZN006_ZN011_ZN008_ZN006_ZN012_ZN008_ZN009_ZN010
pr094	ZN001_ZN002_ZN003_ZN004_ZN004_ZN003_ZN003_ZN006_ZN011_ZN008_ZN008_ZN009
pr095	ZN001_ZN002_ZN003_ZN004_ZN004_ZN003_ZN003_ZN006_ZN011_ZN008_ZN008_ZN009_ZN010
pr096	ZN001_ZN002_ZN003_ZN004_ZN004_ZN003_ZN003_ZN006_ZN011_ZN008_ZN008_ZN011_ZN011_ZN008_ZN008_ZN012_ZN015_ZN009_ZN010
pr097	ZN001_ZN002_ZN003_ZN004_ZN004_ZN003_ZN003_ZN006_ZN011_ZN008_ZN008_ZN012_ZN008_ZN009_ZN010
pr098	ZN001_ZN002_ZN003_ZN004_ZN004_ZN003_ZN003_ZN006_ZN011_ZN008_ZN009
pr099	ZN001_ZN002_ZN003_ZN004_ZN004_ZN003_ZN003_ZN006_ZN011_ZN008_ZN009_ZN010
pr100	ZN001_ZN002_ZN003_ZN004_ZN004_ZN003_ZN003_ZN006_ZN011_ZN008_ZN011_ZN008_ZN012_ZN015_ZN009_ZN010
pr101	ZN001_ZN002_ZN003_ZN004_ZN004_ZN003_ZN003_ZN006_ZN011_ZN008_ZN011_ZN011_ZN007_ZN012_ZN015_ZN009_ZN010
pr102	ZN001_ZN002_ZN003_ZN004_ZN004_ZN003_ZN003_ZN006_ZN011_ZN008_ZN011_ZN011_ZN008_ZN011_ZN008_ZN012_ZN008_ZN009_ZN010
pr103	ZN001_ZN002_ZN003_ZN004_ZN004_ZN003_ZN003_ZN006_ZN011_ZN008_ZN012_zn038_ZN009_ZN010_ZN010
pr104	ZN001_ZN002_ZN003_ZN004_ZN004_ZN003_ZN003_ZN006_ZN011_ZN008_ZN012_ZN005_ZN005_ZN015_ZN009_ZN010
pr105	ZN001_ZN002_ZN003_ZN004_ZN004_ZN003_ZN003_ZN006_ZN011_ZN008_ZN012_ZN006_ZN011_ZN008_ZN009_ZN010
pr106	ZN001_ZN002_ZN003_ZN004_ZN004_ZN003_ZN003_ZN006_ZN011_ZN008_ZN012_ZN006_ZN011_ZN008_ZN012_ZN008_ZN009_ZN010
pr107	ZN001_ZN002_ZN003_ZN004_ZN004_ZN003_ZN003_ZN006_ZN011_ZN008_ZN012_ZN006_ZN012_ZN006_ZN008_ZN009
pr108	ZN001_ZN002_ZN003_ZN004_ZN004_ZN003_ZN003_ZN006_ZN011_ZN008_ZN012_ZN008_ZN003_ZN003_ZN009_ZN010
pr109	ZN001_ZN002_ZN003_ZN004_ZN004_ZN003_ZN003_ZN006_ZN011_ZN008_ZN012_ZN008_ZN003_ZN006_ZN011_ZN008_ZN011_ZN008_ZN012_ZN008_ZN009_ZN010
pr110	ZN001_ZN002_ZN003_ZN004_ZN004_ZN003_ZN003_ZN006_ZN011_ZN008_ZN012_ZN008_ZN003_ZN006_ZN011_ZN008_ZN012_ZN008_ZN009
pr111	ZN001_ZN002_ZN003_ZN004_ZN004_ZN003_ZN003_ZN006_ZN011_ZN008_ZN012_ZN008_ZN003_ZN006_ZN011_ZN015_ZN009_ZN010
pr112	ZN001_ZN002_ZN003_ZN004_ZN004_ZN003_ZN003_ZN006_ZN011_ZN008_ZN012_ZN008_ZN003_ZN011_ZN008_ZN012_ZN012_ZN015_ZN009_ZN010
pr113	ZN001_ZN002_ZN003_ZN004_ZN004_ZN003_ZN003_ZN006_ZN011_ZN008_ZN012_ZN008_ZN006_ZN007_ZN008_ZN006_ZN009_ZN010
pr114	ZN001_ZN002_ZN003_ZN004_ZN004_ZN003_ZN003_ZN006_ZN011_ZN008_ZN012_ZN008_ZN006_ZN009_ZN010
pr115	ZN001_ZN002_ZN003_ZN004_ZN004_ZN003_ZN003_ZN006_ZN011_ZN008_ZN012_ZN008_ZN006_ZN011_ZN008_ZN012_ZN008_ZN012_ZN015_ZN009_ZN010
pr116	ZN001_ZN002_ZN003_ZN004_ZN004_ZN003_ZN003_ZN006_ZN011_ZN008_ZN012_ZN008_ZN008_ZN009_ZN010
pr117	ZN001_ZN002_ZN003_ZN004_ZN004_ZN003_ZN003_ZN006_ZN011_ZN008_ZN012_ZN008_ZN008_ZN012_ZN008_ZN009_ZN010
pr118	ZN001_ZN002_ZN003_ZN004_ZN004_ZN003_ZN003_ZN006_ZN011_ZN008_ZN012_ZN008_ZN009_zn035_ZN009_ZN010
pr119	ZN001_ZN002_ZN003_ZN004_ZN004_ZN003_ZN003_ZN006_ZN011_ZN008_ZN012_ZN008_ZN009_zn042_ZN006_ZN011_ZN008_ZN012_ZN008_ZN009_ZN010
pr120	ZN001_ZN002_ZN003_ZN004_ZN004_ZN003_ZN003_ZN006_ZN011_ZN008_ZN012_ZN008_ZN009_ZN010_ZN010
pr121	ZN001_ZN002_ZN003_ZN004_ZN004_ZN003_ZN003_ZN006_ZN011_ZN008_ZN012_ZN008_ZN009_zn004_ZN010
pr122	ZN001_ZN002_ZN003_ZN004_ZN004_ZN003_ZN003_ZN006_ZN011_ZN008_ZN012_ZN008_ZN009_zn024_ZN009_ZN010
pr123	ZN001_ZN002_ZN003_ZN004_ZN004_ZN003_ZN003_ZN006_ZN011_ZN008_ZN012_ZN008_ZN011_ZN008_ZN012_ZN008_ZN011_ZN008_ZN012_ZN008_ZN009_ZN010
pr124	ZN001_ZN002_ZN003_ZN004_ZN004_ZN003_ZN003_ZN006_ZN011_ZN008_ZN012_ZN008_ZN012_ZN008_ZN008_ZN009_ZN010
pr125	ZN001_ZN002_ZN003_ZN004_ZN004_ZN003_ZN003_ZN006_ZN011_ZN008_ZN012_ZN008_ZN012_ZN008_ZN009_ZN010
pr126	ZN001_ZN002_ZN003_ZN004_ZN004_ZN003_ZN003_ZN006_ZN011_ZN008_ZN012_ZN008_ZN012_ZN008_ZN015_ZN009_ZN010
pr127	ZN001_ZN002_ZN003_ZN004_ZN004_ZN003_ZN003_ZN006_ZN011_ZN008_ZN012_ZN008_ZN012_ZN009_ZN010
pr128	ZN001_ZN002_ZN003_ZN004_ZN004_ZN003_ZN003_ZN006_ZN011_ZN008_ZN012_ZN008_ZN012_ZN012_ZN008_ZN012_ZN012_ZN008_ZN009_ZN010
pr129	ZN001_ZN002_ZN003_ZN004_ZN004_ZN003_ZN003_ZN006_ZN011_ZN008_ZN012_ZN008_ZN012_ZN015_ZN009_ZN010
pr130	ZN001_ZN002_ZN003_ZN004_ZN004_ZN003_ZN003_ZN006_ZN011_ZN008_ZN012_ZN008_ZN012_zn008_ZN009_ZN010
pr131	ZN001_ZN002_ZN003_ZN004_ZN004_ZN003_ZN003_ZN006_ZN011_ZN008_ZN012_ZN008_ZN012_zn017_ZN010
pr132	ZN001_ZN002_ZN003_ZN004_ZN004_ZN003_ZN003_ZN006_ZN011_ZN008_ZN012_ZN008_ZN015_ZN009_ZN010
pr133	ZN001_ZN002_ZN003_ZN004_ZN004_ZN003_ZN003_ZN006_ZN011_ZN008_ZN012_ZN008_ZN017_ZN006_ZN010
pr134	ZN001_ZN002_ZN003_ZN004_ZN004_ZN003_ZN003_ZN006_ZN011_ZN008_ZN012_ZN008_ZN017_ZN008_ZN009_ZN010
pr135	ZN001_ZN002_ZN003_ZN004_ZN004_ZN003_ZN003_ZN006_ZN011_ZN008_ZN012_ZN008_ZN017_ZN011_ZN008_ZN012_ZN008_ZN009_ZN010
pr136	ZN001_ZN002_ZN003_ZN004_ZN004_ZN003_ZN003_ZN006_ZN011_ZN008_ZN012_ZN008_ZN017_ZN012_ZN008_ZN009_ZN010
pr137	ZN001_ZN002_ZN003_ZN004_ZN004_ZN003_ZN003_ZN006_ZN011_ZN008_ZN012_ZN008_ZN017_ZN017_ZN008_ZN009_ZN010
pr138	ZN001_ZN002_ZN003_ZN004_ZN004_ZN003_ZN003_ZN006_ZN011_ZN008_ZN012_ZN008_zn022_ZN009
pr139	ZN001_ZN002_ZN003_ZN004_ZN004_ZN003_ZN003_ZN006_ZN011_ZN008_ZN012_ZN008_zn024_ZN009
pr140	ZN001_ZN002_ZN003_ZN004_ZN004_ZN003_ZN003_ZN006_ZN011_ZN008_ZN012_ZN009
pr141	ZN001_ZN002_ZN003_ZN004_ZN004_ZN003_ZN003_ZN006_ZN011_ZN008_ZN012_ZN009_ZN010
pr142	ZN001_ZN002_ZN003_ZN004_ZN004_ZN003_ZN003_ZN006_ZN011_ZN008_ZN012_ZN010
pr143	ZN001_ZN002_ZN003_ZN004_ZN004_ZN003_ZN003_ZN006_ZN011_ZN008_ZN012_ZN011_ZN008_ZN005_ZN008_ZN009_ZN010
pr144	ZN001_ZN002_ZN003_ZN004_ZN004_ZN003_ZN003_ZN006_ZN011_ZN008_ZN012_ZN011_ZN008_ZN009_ZN010
pr145	ZN001_ZN002_ZN003_ZN004_ZN004_ZN003_ZN003_ZN006_ZN011_ZN008_ZN012_ZN011_ZN008_ZN012_ZN008_ZN009_ZN010
pr146	ZN001_ZN002_ZN003_ZN004_ZN004_ZN003_ZN003_ZN006_ZN011_ZN008_ZN012_ZN011_ZN008_ZN012_ZN008_ZN012_zn017_ZN010
pr147	ZN001_ZN002_ZN003_ZN004_ZN004_ZN003_ZN003_ZN006_ZN011_ZN008_ZN012_ZN011_ZN008_ZN012_ZN015_ZN009_ZN010
pr148	ZN001_ZN002_ZN003_ZN004_ZN004_ZN003_ZN003_ZN006_ZN011_ZN008_ZN012_ZN011_ZN017_zn022_ZN008_ZN012_ZN008_zn004_ZN010
pr149	ZN001_ZN002_ZN003_ZN004_ZN004_ZN003_ZN003_ZN006_ZN011_ZN008_ZN012_ZN012_ZN005_ZN003_ZN006_ZN011_ZN015_ZN009_ZN010
pr150	ZN001_ZN002_ZN003_ZN004_ZN004_ZN003_ZN003_ZN006_ZN011_ZN008_ZN012_ZN012_ZN005_ZN012_ZN015_ZN009_ZN010
pr151	ZN001_ZN002_ZN003_ZN004_ZN004_ZN003_ZN003_ZN006_ZN011_ZN008_ZN012_ZN012_ZN008_ZN009_ZN010
pr152	ZN001_ZN002_ZN003_ZN004_ZN004_ZN003_ZN003_ZN006_ZN011_ZN008_ZN012_ZN012_ZN011_ZN008_ZN012_ZN008_ZN009_ZN010
pr153	ZN001_ZN002_ZN003_ZN004_ZN004_ZN003_ZN003_ZN006_ZN011_ZN008_ZN012_ZN012_ZN011_ZN008_ZN012_ZN012_ZN008_ZN009_ZN010
pr154	ZN001_ZN002_ZN003_ZN004_ZN004_ZN003_ZN003_ZN006_ZN011_ZN008_ZN012_ZN012_ZN012_ZN008_ZN009_ZN010
pr155	ZN001_ZN002_ZN003_ZN004_ZN004_ZN003_ZN003_ZN006_ZN011_ZN008_ZN012_ZN012_ZN015_ZN009_ZN010
pr156	ZN001_ZN002_ZN003_ZN004_ZN004_ZN003_ZN003_ZN006_ZN011_ZN008_ZN012_ZN014_ZN005_ZN008_ZN009
pr157	ZN001_ZN002_ZN003_ZN004_ZN004_ZN003_ZN003_ZN006_ZN011_ZN008_ZN012_ZN015_ZN008_zn036_ZN009_ZN010
pr158	ZN001_ZN002_ZN003_ZN004_ZN004_ZN003_ZN003_ZN006_ZN011_ZN008_ZN012_ZN015_ZN008_ZN012_ZN015_ZN009_ZN010
pr159	ZN001_ZN002_ZN003_ZN004_ZN004_ZN003_ZN003_ZN006_ZN011_ZN008_ZN012_ZN015_ZN009_ZN009_ZN009_ZN010
pr160	ZN001_ZN002_ZN003_ZN004_ZN004_ZN003_ZN003_ZN006_ZN011_ZN008_ZN012_ZN015_ZN009_ZN012_ZN012_ZN015_ZN009_ZN010
pr161	ZN001_ZN002_ZN003_ZN004_ZN004_ZN003_ZN003_ZN006_ZN011_ZN008_ZN012_ZN015_ZN012_ZN008_ZN012_ZN008_ZN009_ZN010
pr162	ZN001_ZN002_ZN003_ZN004_ZN004_ZN003_ZN003_ZN006_ZN011_ZN008_ZN012_ZN015_ZN012_ZN015_ZN009_ZN010
pr163	ZN001_ZN002_ZN003_ZN004_ZN004_ZN003_ZN003_ZN006_ZN011_ZN008_ZN012_ZN015_ZN017_ZN008_ZN012_ZN015_ZN009_ZN010
pr164	ZN001_ZN002_ZN003_ZN004_ZN004_ZN003_ZN003_ZN006_ZN011_ZN008_ZN012_ZN015_ZN017_ZN008_ZN017_ZN008_ZN009_ZN010
pr165	ZN001_ZN002_ZN003_ZN004_ZN004_ZN003_ZN003_ZN006_ZN011_ZN008_ZN012_ZN015_ZN017_ZN009_ZN010
pr166	ZN001_ZN002_ZN003_ZN004_ZN004_ZN003_ZN003_ZN006_ZN011_ZN008_ZN012_ZN015_ZN017_ZN012_ZN015_ZN009_ZN010
pr167	ZN001_ZN002_ZN003_ZN004_ZN004_ZN003_ZN003_ZN006_ZN011_ZN008_ZN012_ZN015_ZN017_ZN015_ZN009_ZN010
pr168	ZN001_ZN002_ZN003_ZN004_ZN004_ZN003_ZN003_ZN006_ZN011_ZN008_ZN012_zn007_ZN008_ZN012_ZN008_ZN009_ZN010
pr169	ZN001_ZN002_ZN003_ZN004_ZN004_ZN003_ZN003_ZN006_ZN011_ZN008_ZN012_zn007_zn008_ZN009_ZN010
pr170	ZN001_ZN002_ZN003_ZN004_ZN004_ZN003_ZN003_ZN006_ZN011_ZN008_ZN012_zn017
pr171	ZN001_ZN002_ZN003_ZN004_ZN004_ZN003_ZN003_ZN006_ZN011_ZN008_ZN012_zn017_ZN010
pr172	ZN001_ZN002_ZN003_ZN004_ZN004_ZN003_ZN003_ZN006_ZN011_ZN008_ZN012_zn017_ZN012_ZN008_ZN003_ZN008_ZN009_ZN010
pr173	ZN001_ZN002_ZN003_ZN004_ZN004_ZN003_ZN003_ZN006_ZN011_ZN008_ZN012_zn017_ZN017_ZN009_ZN010
pr174	ZN001_ZN002_ZN003_ZN004_ZN004_ZN003_ZN003_ZN006_ZN011_ZN008_ZN015_ZN009_ZN010
pr175	ZN001_ZN002_ZN003_ZN004_ZN004_ZN003_ZN003_ZN006_ZN011_ZN008_zn018
pr176	ZN001_ZN002_ZN003_ZN004_ZN004_ZN003_ZN003_ZN006_ZN011_ZN008_zn018_zn034
pr177	ZN001_ZN002_ZN003_ZN004_ZN004_ZN003_ZN003_ZN006_ZN011_ZN009_ZN010
pr178	ZN001_ZN002_ZN003_ZN004_ZN004_ZN003_ZN003_ZN006_ZN011_ZN010
pr179	ZN001_ZN002_ZN003_ZN004_ZN004_ZN003_ZN003_ZN006_ZN011_ZN011_ZN003_ZN006_ZN011_ZN008_ZN012_ZN015_ZN009_ZN010
pr180	ZN001_ZN002_ZN003_ZN004_ZN004_ZN003_ZN003_ZN006_ZN011_ZN011_ZN008_ZN012_ZN008_ZN009_ZN010
pr181	ZN001_ZN002_ZN003_ZN004_ZN004_ZN003_ZN003_ZN006_ZN011_ZN011_ZN008_ZN012_ZN015_ZN009_ZN010
pr182	ZN001_ZN002_ZN003_ZN004_ZN004_ZN003_ZN003_ZN006_ZN011_ZN011_ZN011_ZN006_ZN011_ZN006_ZN006_ZN011_ZN008_ZN012_ZN008_ZN009_ZN010
pr183	ZN001_ZN002_ZN003_ZN004_ZN004_ZN003_ZN003_ZN006_ZN011_ZN012_ZN003_ZN018_ZN012_ZN003_ZN006_ZN011_ZN008_ZN012_ZN015_ZN009_ZN010
pr184	ZN001_ZN002_ZN003_ZN004_ZN004_ZN003_ZN003_ZN006_ZN011_ZN012_ZN008_ZN009
pr185	ZN001_ZN002_ZN003_ZN004_ZN004_ZN003_ZN003_ZN006_ZN011_ZN012_ZN008_ZN009_ZN010
pr186	ZN001_ZN002_ZN003_ZN004_ZN004_ZN003_ZN003_ZN006_ZN011_ZN012_ZN008_ZN012_ZN008_ZN009_ZN010
pr187	ZN001_ZN002_ZN003_ZN004_ZN004_ZN003_ZN003_ZN006_ZN011_ZN012_ZN015_ZN009_ZN010
pr188	ZN001_ZN002_ZN003_ZN004_ZN004_ZN003_ZN003_ZN006_ZN011_ZN012_zn011_ZN012_ZN008_ZN012_ZN008_ZN009
pr189	ZN001_ZN002_ZN003_ZN004_ZN004_ZN003_ZN003_ZN006_ZN011_ZN015_ZN009_ZN010
pr190	ZN001_ZN002_ZN003_ZN004_ZN004_ZN003_ZN003_ZN006_ZN011_ZN015_ZN017_ZN006_ZN012_ZN015_ZN009_ZN010
pr191	ZN001_ZN002_ZN003_ZN004_ZN004_ZN003_ZN003_ZN006_ZN011_zn007_ZN012_ZN011_zn007_ZN012_ZN008_ZN012_ZN015_ZN009_ZN010
pr192	ZN001_ZN002_ZN003_ZN004_ZN004_ZN003_ZN003_ZN006_ZN012_ZN008_ZN009
pr193	ZN001_ZN002_ZN003_ZN004_ZN004_ZN003_ZN003_ZN006_ZN012_ZN008_ZN009_ZN010
pr194	ZN001_ZN002_ZN003_ZN004_ZN004_ZN003_ZN003_ZN006_ZN018_ZN006_ZN011_ZN008_ZN012_ZN015_ZN009_ZN010
pr195	ZN001_ZN002_ZN003_ZN004_ZN004_ZN003_ZN003_ZN006_zn007_ZN008_ZN006_ZN011_ZN008_ZN012_ZN008_ZN009
pr196	ZN001_ZN002_ZN003_ZN004_ZN004_ZN003_ZN003_ZN006_zn019_ZN006_ZN006_ZN011_ZN008_ZN012_ZN015_ZN009_ZN010
pr197	ZN001_ZN002_ZN003_ZN004_ZN004_ZN003_ZN003_ZN007_ZN006_ZN011_ZN008_ZN012_ZN008_ZN009
pr198	ZN001_ZN002_ZN003_ZN004_ZN004_ZN003_ZN003_ZN008_ZN009_ZN010
pr199	ZN001_ZN002_ZN003_ZN004_ZN004_ZN003_ZN003_ZN011_ZN008_ZN012_ZN008_ZN009_ZN010
pr200	ZN001_ZN002_ZN003_ZN004_ZN004_ZN003_ZN003_ZN012_ZN008_ZN009_ZN010
pr201	ZN001_ZN002_ZN003_ZN004_ZN004_ZN003_ZN003_ZN018_ZN004_ZN018_ZN003_ZN006_ZN011_ZN008_ZN012_ZN008_ZN009_ZN010
pr202	ZN001_ZN002_ZN003_ZN004_ZN004_ZN003_ZN003_zn004_ZN010
pr203	ZN001_ZN002_ZN003_ZN004_ZN004_ZN003_ZN003_zn008_ZN008_ZN006_zn025_ZN006_ZN011_ZN008_ZN012_ZN008_ZN009
pr204	ZN001_ZN002_ZN003_ZN004_ZN004_ZN003_ZN004_ZN004_ZN003_ZN003_ZN003_ZN006_ZN007_ZN008_ZN006_ZN010
pr205	ZN001_ZN002_ZN003_ZN004_ZN004_ZN003_ZN004_ZN004_ZN003_ZN003_ZN006_ZN011_ZN008_ZN012_ZN008_ZN009
pr206	ZN001_ZN002_ZN003_ZN004_ZN004_ZN003_ZN004_ZN004_ZN003_ZN003_ZN006_ZN011_ZN008_ZN012_ZN008_ZN009_ZN010
pr207	ZN001_ZN002_ZN003_ZN004_ZN004_ZN003_ZN004_ZN004_ZN003_ZN003_ZN006_ZN011_ZN008_ZN012_ZN015_ZN009_ZN010
pr208	ZN001_ZN002_ZN003_ZN004_ZN004_ZN003_ZN004_ZN004_ZN003_ZN008_ZN003_ZN006_ZN011_ZN008_ZN012_ZN015_ZN009_ZN010
pr209	ZN001_ZN002_ZN003_ZN004_ZN004_ZN003_ZN004_ZN004_ZN004_ZN003_ZN004_ZN004_ZN005_ZN003_ZN006_ZN007_ZN008_ZN006_ZN009_ZN010
pr210	ZN001_ZN002_ZN003_ZN004_ZN004_ZN003_ZN004_ZN004_ZN005_ZN003_ZN006_ZN007_ZN008_ZN006_ZN009_ZN010
pr211	ZN001_ZN002_ZN003_ZN004_ZN004_ZN003_ZN004_ZN004_ZN005_ZN005_ZN004_ZN004_ZN003_ZN004_ZN004_ZN005_ZN003_ZN006_ZN007_ZN008_ZN006_ZN009_ZN010
pr212	ZN001_ZN002_ZN003_ZN004_ZN004_ZN003_ZN004_ZN004_ZN014_ZN003_ZN006_ZN007_ZN008_ZN006_ZN009_ZN010
pr213	ZN001_ZN002_ZN003_ZN004_ZN004_ZN003_ZN004_ZN005_ZN003_ZN006_ZN007_ZN008_ZN006_ZN009_ZN010
pr214	ZN001_ZN002_ZN003_ZN004_ZN004_ZN003_ZN004_ZN018_ZN003_ZN006_ZN011_ZN008_ZN012_ZN008_ZN009_ZN010
pr215	ZN001_ZN002_ZN003_ZN004_ZN004_ZN003_ZN005_ZN003_ZN006_ZN007_ZN008_ZN006_ZN009_ZN010
pr216	ZN001_ZN002_ZN003_ZN004_ZN004_ZN003_ZN006_ZN007_zn011_ZN004_ZN004_ZN003_ZN005_ZN003_ZN006_ZN007_ZN008_ZN006_ZN009_ZN010
pr217	ZN001_ZN002_ZN003_ZN004_ZN004_ZN003_ZN006_ZN011_ZN008_ZN012_ZN008_ZN009
pr218	ZN001_ZN002_ZN003_ZN004_ZN004_ZN003_ZN006_ZN011_ZN008_ZN012_ZN008_ZN009_ZN010
pr219	ZN001_ZN002_ZN003_ZN004_ZN004_ZN003_ZN006_ZN011_ZN008_ZN012_ZN015_ZN009_ZN010
pr220	ZN001_ZN002_ZN003_ZN004_ZN004_ZN003_ZN012_ZN008_ZN009_ZN010
pr221	ZN001_ZN002_ZN003_ZN004_ZN004_ZN003_ZN018_ZN003_ZN006_ZN011_ZN008_ZN012_ZN008_ZN009_ZN010
pr222	ZN001_ZN002_ZN003_ZN004_ZN004_ZN003_ZN018_ZN003_ZN006_ZN011_ZN008_ZN012_ZN015_ZN009_ZN010
pr223	ZN001_ZN002_ZN003_ZN004_ZN004_ZN003_zn002_ZN003_ZN003_ZN006_ZN011_ZN008_ZN012_ZN008_ZN009_ZN010
pr224	ZN001_ZN002_ZN003_ZN004_ZN004_ZN003_zn002_ZN004_ZN003_ZN003_ZN006_ZN011_ZN008_ZN012_ZN008_ZN009
pr225	ZN001_ZN002_ZN003_ZN004_ZN004_ZN003_zn002_ZN005_ZN003_ZN006_ZN007_ZN008_ZN006_ZN009_ZN010
pr226	ZN001_ZN002_ZN003_ZN004_ZN004_ZN003_zn002_ZN018_ZN004_ZN004_ZN005_ZN003_ZN006_ZN007_ZN008_ZN006_ZN009_ZN010
pr227	ZN001_ZN002_ZN003_ZN004_ZN004_ZN003_zn010_ZN003_ZN003_ZN006_ZN011_ZN008_ZN012_ZN008_ZN009_ZN010
pr228	ZN001_ZN002_ZN003_ZN004_ZN004_ZN003_zn010_ZN003_ZN006_ZN011_ZN008_ZN012_ZN015_ZN009_ZN010
pr229	ZN001_ZN002_ZN003_ZN004_ZN004_ZN004_ZN003_ZN003_ZN006_ZN007_ZN008_ZN006_ZN009_ZN010
pr230	ZN001_ZN002_ZN003_ZN004_ZN004_ZN004_ZN003_ZN003_ZN006_ZN011_ZN008_ZN012_ZN008_ZN009
pr231	ZN001_ZN002_ZN003_ZN004_ZN004_ZN004_ZN003_ZN003_ZN006_ZN011_ZN008_ZN012_ZN008_ZN009_ZN010
pr232	ZN001_ZN002_ZN003_ZN004_ZN004_ZN004_ZN003_ZN003_ZN006_ZN011_ZN008_ZN012_ZN015_ZN009_ZN010
pr233	ZN001_ZN002_ZN003_ZN004_ZN004_ZN004_ZN003_ZN004_ZN004_ZN005_ZN003_ZN006_ZN007_ZN008_ZN006_ZN009_ZN010
pr234	ZN001_ZN002_ZN003_ZN004_ZN004_ZN004_ZN004_ZN003_ZN003_ZN006_ZN011_ZN008_ZN012_ZN008_ZN009_ZN010
pr235	ZN001_ZN002_ZN003_ZN004_ZN004_ZN004_ZN004_ZN003_ZN004_ZN004_ZN003_ZN003_ZN006_ZN011_ZN008_ZN012_ZN015_ZN009_ZN010
pr236	ZN001_ZN002_ZN003_ZN004_ZN004_ZN004_ZN004_ZN004_ZN003_ZN003_ZN006_ZN011_ZN008_ZN012_ZN008_ZN009_ZN010
pr237	ZN001_ZN002_ZN003_ZN004_ZN004_ZN004_ZN004_ZN005_ZN003_ZN006_ZN007_ZN008_ZN006_ZN009_ZN010
pr238	ZN001_ZN002_ZN003_ZN004_ZN004_ZN004_ZN005_ZN003_ZN006_ZN011_ZN007_ZN008_ZN006_ZN009_ZN010
pr239	ZN001_ZN002_ZN003_ZN004_ZN004_ZN004_ZN006_ZN011_ZN008_ZN012_ZN008_ZN009_ZN010
pr240	ZN001_ZN002_ZN003_ZN004_ZN004_ZN004_ZN018_ZN003_ZN003_ZN006_ZN011_ZN008_ZN012_ZN008_ZN009_ZN010
pr241	ZN001_ZN002_ZN003_ZN004_ZN004_ZN004_ZN018_ZN003_zn002_ZN004_ZN018_ZN003_ZN006_ZN011_ZN008_ZN012_ZN008_ZN009_ZN010
pr242	ZN001_ZN002_ZN003_ZN004_ZN004_ZN004_ZN018_ZN004_ZN004_ZN003_ZN003_ZN006_ZN011_ZN008_ZN012_ZN008_ZN009_ZN010
pr243	ZN001_ZN002_ZN003_ZN004_ZN004_ZN004_ZN022_ZN018_ZN004_ZN004_ZN022_ZN003_ZN006_ZN007_ZN008_ZN006_ZN009_ZN010
pr244	ZN001_ZN002_ZN003_ZN004_ZN004_ZN004_zn010_ZN004_ZN004_ZN005_ZN003_ZN006_ZN011_ZN007_ZN008_ZN006_ZN009_ZN010
pr245	ZN001_ZN002_ZN003_ZN004_ZN004_ZN004_zn010_zn010_zn010_ZN004_ZN004_ZN003_ZN003_ZN006_ZN011_ZN008_ZN012_ZN015_ZN009_ZN010
pr246	ZN001_ZN002_ZN003_ZN004_ZN004_ZN005_ZN003_zn045_ZN004_ZN004_ZN005_ZN003_ZN006_ZN011_ZN007_ZN008_ZN006_ZN009_ZN010
pr247	ZN001_ZN002_ZN003_ZN004_ZN004_ZN005_ZN003_ZN003_ZN003_ZN006_ZN007_ZN008_ZN006_ZN009_ZN010
pr248	ZN001_ZN002_ZN003_ZN004_ZN004_ZN005_ZN003_ZN003_ZN004_ZN005_ZN003_ZN003_ZN006_ZN020_ZN016_ZN006_ZN017_ZN010
pr249	ZN001_ZN002_ZN003_ZN004_ZN004_ZN005_ZN003_ZN003_ZN004_ZN005_ZN003_ZN006_ZN007_ZN008_ZN006_ZN009_ZN010
pr250	ZN001_ZN002_ZN003_ZN004_ZN004_ZN005_ZN003_ZN003_ZN006_ZN007_ZN008_ZN006_ZN009_ZN010
pr251	ZN001_ZN002_ZN003_ZN004_ZN004_ZN005_ZN003_ZN003_ZN006_ZN011_ZN007_ZN008_ZN006_ZN009_ZN010
pr252	ZN001_ZN002_ZN003_ZN004_ZN004_ZN005_ZN003_ZN003_ZN006_ZN011_ZN008_ZN012_ZN008_ZN009
pr253	ZN001_ZN002_ZN003_ZN004_ZN004_ZN005_ZN003_ZN004_ZN004_ZN005_ZN003_ZN006_ZN007_ZN008_ZN006_ZN009_ZN010
pr254	ZN001_ZN002_ZN003_ZN004_ZN004_ZN005_ZN003_ZN004_ZN004_ZN005_ZN003_ZN006_ZN011_ZN007_ZN008_ZN006_ZN009_ZN010
pr255	ZN001_ZN002_ZN003_ZN004_ZN004_ZN005_ZN003_ZN004_ZN004_ZN005_ZN003_ZN006_ZN020_ZN016_ZN006_ZN017_ZN010
pr256	ZN001_ZN002_ZN003_ZN004_ZN004_ZN005_ZN003_ZN004_zn007_ZN011_ZN007_ZN008_ZN006_ZN009_ZN010
pr257	ZN001_ZN002_ZN003_ZN004_ZN004_ZN005_ZN003_ZN005_ZN003_ZN003_ZN006_ZN011_ZN008_ZN012_ZN008_ZN009_ZN010
pr258	ZN001_ZN002_ZN003_ZN004_ZN004_ZN005_ZN003_ZN005_ZN003_ZN006_ZN007_ZN008_ZN006_ZN009_ZN010
pr259	ZN001_ZN002_ZN003_ZN004_ZN004_ZN005_ZN003_ZN006_ZN003_ZN006_ZN007_ZN011_ZN006_ZN017_ZN010
pr260	ZN001_ZN002_ZN003_ZN004_ZN004_ZN005_ZN003_ZN006_ZN003_ZN006_ZN011_ZN007_ZN008_ZN006_ZN009_ZN010
pr261	ZN001_ZN002_ZN003_ZN004_ZN004_ZN005_ZN003_ZN006_ZN004_ZN003_ZN006_ZN011_ZN007_ZN008_ZN006_ZN009_ZN010
pr262	ZN001_ZN002_ZN003_ZN004_ZN004_ZN005_ZN003_ZN006_ZN004_ZN004_ZN004_ZN005_ZN003_ZN006_ZN007_ZN008_ZN006_ZN009_ZN010
pr263	ZN001_ZN002_ZN003_ZN004_ZN004_ZN005_ZN003_ZN006_ZN004_ZN005_ZN003_ZN006_ZN007_ZN008_ZN006_ZN009_ZN010
pr264	ZN001_ZN002_ZN003_ZN004_ZN004_ZN005_ZN003_ZN006_ZN005_ZN005_ZN003_ZN006_ZN007_ZN008_ZN006_ZN009_ZN010
pr265	ZN001_ZN002_ZN003_ZN004_ZN004_ZN005_ZN003_ZN006_ZN006_ZN007_ZN008_ZN006_ZN009_ZN010
pr266	ZN001_ZN002_ZN003_ZN004_ZN004_ZN005_ZN003_ZN006_ZN006_ZN009_ZN010
pr267	ZN001_ZN002_ZN003_ZN004_ZN004_ZN005_ZN003_ZN006_ZN006_ZN011_ZN007_ZN008_ZN006_ZN009_ZN010
pr268	ZN001_ZN002_ZN003_ZN004_ZN004_ZN005_ZN003_ZN006_ZN007_ZN003_ZN004_ZN004_ZN004_ZN005_ZN003_ZN006_ZN011_ZN007_ZN008_ZN006_ZN009_ZN010
pr269	ZN001_ZN002_ZN003_ZN004_ZN004_ZN005_ZN003_ZN006_ZN007_ZN003_ZN006_ZN007_ZN008_ZN006_ZN009_ZN010
pr270	ZN001_ZN002_ZN003_ZN004_ZN004_ZN005_ZN003_ZN006_ZN007_ZN003_ZN006_ZN008_ZN006_ZN009_ZN010
pr271	ZN001_ZN002_ZN003_ZN004_ZN004_ZN005_ZN003_ZN006_ZN007_ZN004_ZN004_ZN005_ZN003_ZN006_ZN011_ZN007_ZN008_ZN006_ZN009_ZN010
pr272	ZN001_ZN002_ZN003_ZN004_ZN004_ZN005_ZN003_ZN006_ZN007_ZN005_ZN003_ZN006_ZN007_ZN006_ZN007_ZN011_ZN006_ZN017_ZN010
pr273	ZN001_ZN002_ZN003_ZN004_ZN004_ZN005_ZN003_ZN006_ZN007_ZN006_ZN007_ZN006_ZN011_ZN007_ZN008_ZN006_ZN009_ZN010
pr274	ZN001_ZN002_ZN003_ZN004_ZN004_ZN005_ZN003_ZN006_ZN007_ZN006_ZN007_ZN008_ZN006_ZN009_ZN010
pr275	ZN001_ZN002_ZN003_ZN004_ZN004_ZN005_ZN003_ZN006_ZN007_ZN006_ZN008_ZN006_ZN009_ZN010
pr276	ZN001_ZN002_ZN003_ZN004_ZN004_ZN005_ZN003_ZN006_ZN007_ZN006_ZN009_ZN010
pr277	ZN001_ZN002_ZN003_ZN004_ZN004_ZN005_ZN003_ZN006_ZN007_ZN007_ZN005_ZN003_ZN006_ZN007_ZN008_ZN006_ZN009_ZN010
pr278	ZN001_ZN002_ZN003_ZN004_ZN004_ZN005_ZN003_ZN006_ZN007_ZN007_ZN007_ZN007_ZN007_ZN008_ZN006_ZN009_ZN007_ZN007_ZN007_ZN007_ZN007_ZN008_ZN006_ZN009_ZN010
pr279	ZN001_ZN002_ZN003_ZN004_ZN004_ZN005_ZN003_ZN006_ZN007_ZN007_ZN007_ZN008_ZN006_ZN009_ZN010
pr280	ZN001_ZN002_ZN003_ZN004_ZN004_ZN005_ZN003_ZN006_ZN007_ZN007_ZN007_ZN017_ZN003_ZN006_ZN011_ZN007_ZN008_ZN006_ZN009_ZN010
pr281	ZN001_ZN002_ZN003_ZN004_ZN004_ZN005_ZN003_ZN006_ZN007_ZN007_ZN008_ZN006_ZN009_ZN010
pr282	ZN001_ZN002_ZN003_ZN004_ZN004_ZN005_ZN003_ZN006_ZN007_ZN008_zn028_ZN004_ZN004_ZN005_ZN003_ZN006_ZN011_ZN007_ZN008_ZN006_ZN009_ZN010
pr283	ZN001_ZN002_ZN003_ZN004_ZN004_ZN005_ZN003_ZN006_ZN007_ZN008_ZN004_ZN004_ZN005_ZN003_ZN006_ZN008_ZN004_ZN004_ZN005_ZN003_ZN006_ZN009_ZN010
pr284	ZN001_ZN002_ZN003_ZN004_ZN004_ZN005_ZN003_ZN006_ZN007_ZN008_ZN004_ZN005_ZN003_ZN006_ZN004_ZN005_ZN003_ZN006_ZN007_ZN008_ZN006_ZN009_ZN010
pr285	ZN001_ZN002_ZN003_ZN004_ZN004_ZN005_ZN003_ZN006_ZN007_ZN008_ZN006_zn037_ZN017_ZN017_ZN015_ZN009_ZN010
pr286	ZN001_ZN002_ZN003_ZN004_ZN004_ZN005_ZN003_ZN006_ZN007_ZN008_ZN006_ZN003_ZN006_ZN007_ZN008_ZN006_ZN006_ZN009_ZN010
pr287	ZN001_ZN002_ZN003_ZN004_ZN004_ZN005_ZN003_ZN006_ZN007_ZN008_ZN006_ZN006_ZN009_ZN010
pr288	ZN001_ZN002_ZN003_ZN004_ZN004_ZN005_ZN003_ZN006_ZN007_ZN008_ZN006_ZN007_ZN008_ZN006_ZN009_ZN010
pr289	ZN001_ZN002_ZN003_ZN004_ZN004_ZN005_ZN003_ZN006_ZN007_ZN008_ZN006_ZN007_ZN011_ZN006_ZN009_ZN010
pr290	ZN001_ZN002_ZN003_ZN004_ZN004_ZN005_ZN003_ZN006_ZN007_ZN008_ZN006_ZN007_ZN011_ZN006_ZN017_ZN010
pr291	ZN001_ZN002_ZN003_ZN004_ZN004_ZN005_ZN003_ZN006_ZN007_ZN008_ZN006_ZN008_ZN006_ZN007_ZN006_ZN009_ZN010
pr292	ZN001_ZN002_ZN003_ZN004_ZN004_ZN005_ZN003_ZN006_ZN007_ZN008_ZN006_ZN008_ZN006_ZN009_ZN010
pr293	ZN001_ZN002_ZN003_ZN004_ZN004_ZN005_ZN003_ZN006_ZN007_ZN008_ZN006_ZN008_zn004_ZN010
pr294	ZN001_ZN002_ZN003_ZN004_ZN004_ZN005_ZN003_ZN006_ZN007_ZN008_ZN006_ZN008_zn011_ZN009_ZN010
pr295	ZN001_ZN002_ZN003_ZN004_ZN004_ZN005_ZN003_ZN006_ZN007_ZN008_ZN006_ZN009
pr296	ZN001_ZN002_ZN003_ZN004_ZN004_ZN005_ZN003_ZN006_ZN007_ZN008_ZN006_ZN009_ZN008_ZN006_ZN008_ZN006_ZN009_ZN010
pr297	ZN001_ZN002_ZN003_ZN004_ZN004_ZN005_ZN003_ZN006_ZN007_ZN008_ZN006_ZN009_ZN008_ZN006_ZN009_ZN008_ZN006_ZN009_ZN010
pr298	ZN001_ZN002_ZN003_ZN004_ZN004_ZN005_ZN003_ZN006_ZN007_ZN008_ZN006_ZN009_ZN010_ZN010
pr299	ZN001_ZN002_ZN003_ZN004_ZN004_ZN005_ZN003_ZN006_ZN007_ZN008_ZN006_ZN009_ZN010_zn007_ZN007_ZN008_ZN009_ZN010
pr300	ZN001_ZN002_ZN003_ZN004_ZN004_ZN005_ZN003_ZN006_ZN007_ZN008_ZN006_ZN009_ZN017_ZN006_ZN007_ZN008_ZN006_ZN009_ZN010
pr301	ZN001_ZN002_ZN003_ZN004_ZN004_ZN005_ZN003_ZN006_ZN007_ZN008_ZN006_ZN009_ZN017_ZN009_ZN010
pr302	ZN001_ZN002_ZN003_ZN004_ZN004_ZN005_ZN003_ZN006_ZN007_ZN008_ZN006_ZN009_zn004_ZN010
pr303	ZN001_ZN002_ZN003_ZN004_ZN004_ZN005_ZN003_ZN006_ZN007_ZN008_ZN006_ZN009_zn023_ZN010
pr304	ZN001_ZN002_ZN003_ZN004_ZN004_ZN005_ZN003_ZN006_ZN007_ZN008_ZN006_ZN009_zn024_ZN008_ZN006_ZN009_ZN010
pr305	ZN001_ZN002_ZN003_ZN004_ZN004_ZN005_ZN003_ZN006_ZN007_ZN008_ZN006_ZN010
pr306	ZN001_ZN002_ZN003_ZN004_ZN004_ZN005_ZN003_ZN006_ZN007_ZN008_ZN006_ZN011_ZN006_ZN009_ZN010
pr307	ZN001_ZN002_ZN003_ZN004_ZN004_ZN005_ZN003_ZN006_ZN007_ZN008_ZN006_ZN015_ZN011_ZN012_ZN015_ZN009_ZN010
pr308	ZN001_ZN002_ZN003_ZN004_ZN004_ZN005_ZN003_ZN006_ZN007_ZN008_ZN006_ZN017_ZN006_ZN003_ZN011_ZN007_ZN008_ZN006_ZN009_ZN010
pr309	ZN001_ZN002_ZN003_ZN004_ZN004_ZN005_ZN003_ZN006_ZN007_ZN008_ZN006_ZN017_ZN006_ZN006_ZN007_ZN008_ZN006_ZN009_ZN010
pr310	ZN001_ZN002_ZN003_ZN004_ZN004_ZN005_ZN003_ZN006_ZN007_ZN008_ZN006_ZN017_ZN006_ZN009_ZN010
pr311	ZN001_ZN002_ZN003_ZN004_ZN004_ZN005_ZN003_ZN006_ZN007_ZN008_ZN006_ZN017_ZN006_ZN017_ZN009_ZN010
pr312	ZN001_ZN002_ZN003_ZN004_ZN004_ZN005_ZN003_ZN006_ZN007_ZN008_ZN006_ZN017_ZN007_ZN008_ZN006_ZN009_ZN010
pr313	ZN001_ZN002_ZN003_ZN004_ZN004_ZN005_ZN003_ZN006_ZN007_ZN008_ZN006_ZN017_ZN007_ZN008_ZN006_ZN017_ZN006_ZN009_ZN010
pr314	ZN001_ZN002_ZN003_ZN004_ZN004_ZN005_ZN003_ZN006_ZN007_ZN008_ZN006_ZN017_ZN008_ZN006_ZN009_ZN010
pr315	ZN001_ZN002_ZN003_ZN004_ZN004_ZN005_ZN003_ZN006_ZN007_ZN008_ZN006_ZN017_ZN008_ZN009_ZN010
pr316	ZN001_ZN002_ZN003_ZN004_ZN004_ZN005_ZN003_ZN006_ZN007_ZN008_ZN006_ZN017_ZN008_ZN012_ZN015_ZN009_ZN010
pr317	ZN001_ZN002_ZN003_ZN004_ZN004_ZN005_ZN003_ZN006_ZN007_ZN008_ZN006_ZN017_ZN009_ZN010
pr318	ZN001_ZN002_ZN003_ZN004_ZN004_ZN005_ZN003_ZN006_ZN007_ZN008_ZN006_ZN017_ZN017_ZN008_ZN006_zn043_ZN009_ZN010
pr319	ZN001_ZN002_ZN003_ZN004_ZN004_ZN005_ZN003_ZN006_ZN007_ZN008_ZN006_ZN017_ZN017_ZN009_ZN010
pr320	ZN001_ZN002_ZN003_ZN004_ZN004_ZN005_ZN003_ZN006_ZN007_ZN008_ZN006_ZN017_zn022_ZN009_ZN010
pr321	ZN001_ZN002_ZN003_ZN004_ZN004_ZN005_ZN003_ZN006_ZN007_ZN008_ZN006_zn004_ZN004_ZN003_ZN006_ZN004_ZN005_ZN003_ZN006_ZN007_ZN008_ZN006_ZN009_ZN010
pr322	ZN001_ZN002_ZN003_ZN004_ZN004_ZN005_ZN003_ZN006_ZN007_ZN008_ZN007_ZN008_ZN006_ZN009_ZN010
pr323	ZN001_ZN002_ZN003_ZN004_ZN004_ZN005_ZN003_ZN006_ZN007_ZN008_ZN007_ZN008_ZN007_ZN007_ZN011_ZN007_ZN008_ZN006_ZN009_ZN010
pr324	ZN001_ZN002_ZN003_ZN004_ZN004_ZN005_ZN003_ZN006_ZN007_ZN008_ZN007_ZN011_ZN007_ZN008_ZN006_ZN009_ZN010
pr325	ZN001_ZN002_ZN003_ZN004_ZN004_ZN005_ZN003_ZN006_ZN007_ZN008_ZN008_ZN006_ZN017_ZN008_ZN006_ZN009_ZN010
pr326	ZN001_ZN002_ZN003_ZN004_ZN004_ZN005_ZN003_ZN006_ZN007_ZN008_ZN008_ZN007_ZN008_ZN007_ZN008_ZN008_ZN006_ZN009_ZN010
pr327	ZN001_ZN002_ZN003_ZN004_ZN004_ZN005_ZN003_ZN006_ZN007_ZN008_ZN008_ZN012_ZN006_ZN009_ZN010
pr328	ZN001_ZN002_ZN003_ZN004_ZN004_ZN005_ZN003_ZN006_ZN007_ZN008_ZN011_ZN007_ZN008_ZN006_ZN009_ZN010
pr329	ZN001_ZN002_ZN003_ZN004_ZN004_ZN005_ZN003_ZN006_ZN007_ZN008_zn002_ZN004_ZN005_ZN003_ZN006_ZN011_ZN007_ZN008_ZN006_ZN009_ZN010
pr330	ZN001_ZN002_ZN003_ZN004_ZN004_ZN005_ZN003_ZN006_ZN007_ZN008_zn004
pr331	ZN001_ZN002_ZN003_ZN004_ZN004_ZN005_ZN003_ZN006_ZN007_ZN008_zn004_ZN010
pr332	ZN001_ZN002_ZN003_ZN004_ZN004_ZN005_ZN003_ZN006_ZN007_ZN008_zn008_ZN004_ZN004_ZN005_ZN003_ZN006_ZN007_ZN008_ZN006_ZN007_ZN008_ZN006_ZN009_ZN010
pr333	ZN001_ZN002_ZN003_ZN004_ZN004_ZN005_ZN003_ZN006_ZN007_ZN008_zn008_ZN004_ZN004_ZN005_ZN003_ZN006_ZN007_ZN008_ZN006_ZN009_ZN010
pr334	ZN001_ZN002_ZN003_ZN004_ZN004_ZN005_ZN003_ZN006_ZN007_ZN008_zn008_ZN017_ZN007_ZN011_ZN006_ZN009_ZN010
pr335	ZN001_ZN002_ZN003_ZN004_ZN004_ZN005_ZN003_ZN006_ZN007_ZN008_zn011_zn028_ZN011_ZN007_ZN008_ZN006_ZN009_ZN010
pr336	ZN001_ZN002_ZN003_ZN004_ZN004_ZN005_ZN003_ZN006_ZN007_ZN008_zn011_ZN006_ZN006_ZN009_ZN010
pr337	ZN001_ZN002_ZN003_ZN004_ZN004_ZN005_ZN003_ZN006_ZN007_ZN009_ZN010
pr338	ZN001_ZN002_ZN003_ZN004_ZN004_ZN005_ZN003_ZN006_ZN007_ZN011_ZN005_ZN003_ZN006_ZN007_ZN008_ZN006_ZN009_ZN010
pr339	ZN001_ZN002_ZN003_ZN004_ZN004_ZN005_ZN003_ZN006_ZN007_ZN011_ZN006_ZN006_ZN006_ZN017_ZN010
pr340	ZN001_ZN002_ZN003_ZN004_ZN004_ZN005_ZN003_ZN006_ZN007_ZN011_ZN006_ZN007_ZN011_ZN017_ZN010
pr341	ZN001_ZN002_ZN003_ZN004_ZN004_ZN005_ZN003_ZN006_ZN007_ZN011_ZN006_ZN011_ZN007_ZN008_ZN006_ZN009_ZN010
pr342	ZN001_ZN002_ZN003_ZN004_ZN004_ZN005_ZN003_ZN006_ZN007_ZN011_ZN006_ZN017_ZN011_ZN006_ZN017_ZN010
pr343	ZN001_ZN002_ZN003_ZN004_ZN004_ZN005_ZN003_ZN006_ZN007_ZN011_ZN007_ZN008_ZN006_ZN009_ZN010
pr344	ZN001_ZN002_ZN003_ZN004_ZN004_ZN005_ZN003_ZN006_ZN007_ZN012_ZN008_ZN008_ZN006_ZN009_ZN010
pr345	ZN001_ZN002_ZN003_ZN004_ZN004_ZN005_ZN003_ZN006_ZN007_ZN016_zn013_ZN008_ZN006_ZN009_ZN010
pr346	ZN001_ZN002_ZN003_ZN004_ZN004_ZN005_ZN003_ZN006_ZN007_zn007_ZN006_ZN007_ZN011_ZN006_ZN017_ZN010
pr347	ZN001_ZN002_ZN003_ZN004_ZN004_ZN005_ZN003_ZN006_ZN007_zn007_ZN006_ZN009_ZN006_ZN017_zn004_ZN011_ZN017_ZN009_ZN010
pr348	ZN001_ZN002_ZN003_ZN004_ZN004_ZN005_ZN003_ZN006_ZN007_zn007_zn007_ZN011_ZN007_ZN008_ZN006_ZN009_ZN010
pr349	ZN001_ZN002_ZN003_ZN004_ZN004_ZN005_ZN003_ZN006_ZN007_zn011_ZN003_ZN006_ZN007_ZN008_ZN006_ZN009_ZN010
pr350	ZN001_ZN002_ZN003_ZN004_ZN004_ZN005_ZN003_ZN006_ZN007_zn013_ZN007_ZN008_ZN006_ZN009_ZN010
pr351	ZN001_ZN002_ZN003_ZN004_ZN004_ZN005_ZN003_ZN006_ZN007_zn015_ZN007_ZN007_ZN006_ZN007_zn011_ZN006_ZN020_ZN016_ZN006_ZN009_ZN010
pr352	ZN001_ZN002_ZN003_ZN004_ZN004_ZN005_ZN003_ZN006_ZN007_zn017
pr353	ZN001_ZN002_ZN003_ZN004_ZN004_ZN005_ZN003_ZN006_ZN007_zn017_ZN010
pr354	ZN001_ZN002_ZN003_ZN004_ZN004_ZN005_ZN003_ZN006_ZN008_ZN005_ZN003_ZN006_ZN006_ZN007_ZN008_ZN006_ZN009_ZN010
pr355	ZN001_ZN002_ZN003_ZN004_ZN004_ZN005_ZN003_ZN006_ZN008_ZN006_ZN009_ZN010
pr356	ZN001_ZN002_ZN003_ZN004_ZN004_ZN005_ZN003_ZN006_ZN008_ZN009_ZN010
pr357	ZN001_ZN002_ZN003_ZN004_ZN004_ZN005_ZN003_ZN006_ZN008_zn017_ZN003_ZN008_ZN008_ZN008_ZN008_ZN003_ZN011_ZN007_ZN008_ZN006_ZN009_ZN010
pr358	ZN001_ZN002_ZN003_ZN004_ZN004_ZN005_ZN003_ZN006_ZN011_ZN003_ZN006_ZN007_ZN008_ZN006_ZN009_ZN010
pr359	ZN001_ZN002_ZN003_ZN004_ZN004_ZN005_ZN003_ZN006_ZN011_ZN004_ZN004_ZN005_ZN003_ZN006_ZN011_ZN007_ZN008_ZN006_ZN009_ZN010
pr360	ZN001_ZN002_ZN003_ZN004_ZN004_ZN005_ZN003_ZN006_ZN011_ZN006_ZN006_ZN007_ZN008_ZN006_ZN009_ZN010
pr361	ZN001_ZN002_ZN003_ZN004_ZN004_ZN005_ZN003_ZN006_ZN011_ZN006_ZN007_ZN008_ZN006_ZN009_ZN010
pr362	ZN001_ZN002_ZN003_ZN004_ZN004_ZN005_ZN003_ZN006_ZN011_ZN007_zn044_ZN006_ZN011_ZN007_ZN008_ZN006_ZN009_ZN010
pr363	ZN001_ZN002_ZN003_ZN004_ZN004_ZN005_ZN003_ZN006_ZN011_ZN007_ZN004_ZN004_ZN005_ZN003_ZN006_ZN011_ZN007_ZN008_ZN006_ZN009_ZN010
pr364	ZN001_ZN002_ZN003_ZN004_ZN004_ZN005_ZN003_ZN006_ZN011_ZN007_ZN005_ZN003_ZN006_ZN011_ZN007_ZN008_ZN006_ZN009_ZN010
pr365	ZN001_ZN002_ZN003_ZN004_ZN004_ZN005_ZN003_ZN006_ZN011_ZN007_ZN006_ZN004_ZN005_ZN003_ZN006_ZN011_ZN007_ZN008_ZN006_ZN009_ZN010
pr366	ZN001_ZN002_ZN003_ZN004_ZN004_ZN005_ZN003_ZN006_ZN011_ZN007_ZN006_ZN006_ZN008_ZN006_ZN009_ZN010
pr367	ZN001_ZN002_ZN003_ZN004_ZN004_ZN005_ZN003_ZN006_ZN011_ZN007_ZN006_ZN007_ZN008_ZN006_ZN009_ZN010
pr368	ZN001_ZN002_ZN003_ZN004_ZN004_ZN005_ZN003_ZN006_ZN011_ZN007_ZN006_ZN008_ZN006_ZN008_ZN006_ZN009_ZN010
pr369	ZN001_ZN002_ZN003_ZN004_ZN004_ZN005_ZN003_ZN006_ZN011_ZN007_ZN007_ZN008_ZN006_ZN009_ZN010
pr370	ZN001_ZN002_ZN003_ZN004_ZN004_ZN005_ZN003_ZN006_ZN011_ZN007_ZN008_ZN002_ZN003_ZN004_ZN004_ZN005_ZN003_ZN006_ZN007_ZN008_ZN006_ZN009_ZN010
pr371	ZN001_ZN002_ZN003_ZN004_ZN004_ZN005_ZN003_ZN006_ZN011_ZN007_ZN008_ZN002_ZN003_ZN004_ZN004_ZN005_ZN003_ZN006_ZN011_ZN007_ZN006_ZN009_ZN010
pr372	ZN001_ZN002_ZN003_ZN004_ZN004_ZN005_ZN003_ZN006_ZN011_ZN007_ZN008_ZN004_ZN004_ZN005_ZN003_ZN006_ZN011_ZN007_ZN008_ZN006_ZN009_ZN010
pr373	ZN001_ZN002_ZN003_ZN004_ZN004_ZN005_ZN003_ZN006_ZN011_ZN007_ZN008_ZN005_ZN003_ZN006_ZN007_ZN008_ZN006_ZN009_ZN010
pr374	ZN001_ZN002_ZN003_ZN004_ZN004_ZN005_ZN003_ZN006_ZN011_ZN007_ZN008_ZN006_ZN003_ZN006_ZN007_ZN008_ZN006_ZN009_ZN010
pr375	ZN001_ZN002_ZN003_ZN004_ZN004_ZN005_ZN003_ZN006_ZN011_ZN007_ZN008_ZN006_ZN003_ZN006_ZN011_ZN007_ZN008_ZN006_ZN009_ZN010
pr376	ZN001_ZN002_ZN003_ZN004_ZN004_ZN005_ZN003_ZN006_ZN011_ZN007_ZN008_ZN006_ZN006_ZN009_ZN010
pr377	ZN001_ZN002_ZN003_ZN004_ZN004_ZN005_ZN003_ZN006_ZN011_ZN007_ZN008_ZN006_ZN007_ZN008_ZN006_ZN007_ZN008_ZN006_ZN009_ZN010
pr378	ZN001_ZN002_ZN003_ZN004_ZN004_ZN005_ZN003_ZN006_ZN011_ZN007_ZN008_ZN006_ZN007_ZN008_ZN006_ZN009_ZN010
pr379	ZN001_ZN002_ZN003_ZN004_ZN004_ZN005_ZN003_ZN006_ZN011_ZN007_ZN008_ZN006_ZN008_ZN006_ZN009_ZN010
pr380	ZN001_ZN002_ZN003_ZN004_ZN004_ZN005_ZN003_ZN006_ZN011_ZN007_ZN008_ZN006_ZN009_ZN007_ZN006_ZN007_ZN008_ZN006_ZN007_ZN008_ZN006_ZN009_ZN010
pr381	ZN001_ZN002_ZN003_ZN004_ZN004_ZN005_ZN003_ZN006_ZN011_ZN007_ZN008_ZN006_ZN009_ZN011_ZN011_ZN007_ZN008_ZN006_ZN009_ZN010
pr382	ZN001_ZN002_ZN003_ZN004_ZN004_ZN005_ZN003_ZN006_ZN011_ZN007_ZN008_ZN006_ZN009_zn024_ZN005_ZN003_ZN006_ZN011_ZN007_ZN008_ZN006_ZN009_ZN010
pr383	ZN001_ZN002_ZN003_ZN004_ZN004_ZN005_ZN003_ZN006_ZN011_ZN007_ZN008_ZN006_ZN017_ZN006_ZN006_ZN011_ZN007_ZN008_ZN006_ZN009_ZN010
pr384	ZN001_ZN002_ZN003_ZN004_ZN004_ZN005_ZN003_ZN006_ZN011_ZN007_ZN008_ZN006_ZN017_ZN006_ZN017_ZN006_ZN009_ZN010
pr385	ZN001_ZN002_ZN003_ZN004_ZN004_ZN005_ZN003_ZN006_ZN011_ZN007_ZN008_ZN006_ZN017_ZN007_ZN008_ZN006_ZN009_ZN010
pr386	ZN001_ZN002_ZN003_ZN004_ZN004_ZN005_ZN003_ZN006_ZN011_ZN007_ZN008_ZN006_ZN017_ZN008_ZN009_ZN010
pr387	ZN001_ZN002_ZN003_ZN004_ZN004_ZN005_ZN003_ZN006_ZN011_ZN007_ZN008_ZN006_ZN017_ZN009_ZN010
pr388	ZN001_ZN002_ZN003_ZN004_ZN004_ZN005_ZN003_ZN006_ZN011_ZN007_ZN008_ZN006_ZN017_zn007_ZN007_ZN008_ZN006_ZN009_ZN010
pr389	ZN001_ZN002_ZN003_ZN004_ZN004_ZN005_ZN003_ZN006_ZN011_ZN007_ZN008_ZN006_zn022_ZN017_ZN009_ZN010
pr390	ZN001_ZN002_ZN003_ZN004_ZN004_ZN005_ZN003_ZN006_ZN011_ZN007_ZN008_ZN007_ZN007_ZN008_ZN011_ZN008_ZN006_ZN009_ZN010
pr391	ZN001_ZN002_ZN003_ZN004_ZN004_ZN005_ZN003_ZN006_ZN011_ZN007_ZN008_ZN007_ZN011_ZN007_ZN008_ZN006_ZN009_ZN010
pr392	ZN001_ZN002_ZN003_ZN004_ZN004_ZN005_ZN003_ZN006_ZN011_ZN007_ZN008_ZN008_ZN006_ZN009_ZN010
pr393	ZN001_ZN002_ZN003_ZN004_ZN004_ZN005_ZN003_ZN006_ZN011_ZN007_ZN008_ZN008_ZN008_ZN006_ZN009_ZN010
pr394	ZN001_ZN002_ZN003_ZN004_ZN004_ZN005_ZN003_ZN006_ZN011_ZN007_ZN008_ZN011_ZN006_ZN009_ZN010
pr395	ZN001_ZN002_ZN003_ZN004_ZN004_ZN005_ZN003_ZN006_ZN011_ZN007_ZN008_ZN017_ZN008_ZN006_ZN009_ZN010
pr396	ZN001_ZN002_ZN003_ZN004_ZN004_ZN005_ZN003_ZN006_ZN011_ZN007_ZN008_ZN017_ZN009_ZN006_ZN009_ZN010
pr397	ZN001_ZN002_ZN003_ZN004_ZN004_ZN005_ZN003_ZN006_ZN011_ZN007_ZN008_zn004_ZN006_ZN006_ZN003_ZN006_ZN011_ZN007_ZN008_ZN006_ZN009_ZN010
pr398	ZN001_ZN002_ZN003_ZN004_ZN004_ZN005_ZN003_ZN006_ZN011_ZN007_ZN008_zn004_ZN007_ZN008_ZN006_ZN009_ZN010
pr399	ZN001_ZN002_ZN003_ZN004_ZN004_ZN005_ZN003_ZN006_ZN011_ZN007_ZN008_zn007_ZN006_ZN009_ZN010
pr400	ZN001_ZN002_ZN003_ZN004_ZN004_ZN005_ZN003_ZN006_ZN011_ZN007_ZN008_zn008_zn008_zn008_ZN006_ZN009_ZN010
pr401	ZN001_ZN002_ZN003_ZN004_ZN004_ZN005_ZN003_ZN006_ZN011_ZN007_ZN011_ZN006_ZN008_ZN006_ZN009_ZN010
pr402	ZN001_ZN002_ZN003_ZN004_ZN004_ZN005_ZN003_ZN006_ZN011_ZN007_ZN011_ZN007_ZN008_ZN006_ZN009_ZN010
pr403	ZN001_ZN002_ZN003_ZN004_ZN004_ZN005_ZN003_ZN006_ZN011_ZN007_ZN021_ZN008_ZN006_ZN009_ZN010
pr404	ZN001_ZN002_ZN003_ZN004_ZN004_ZN005_ZN003_ZN006_ZN011_ZN007_zn011_zn007_zn011_ZN003_ZN011_ZN007_ZN008_ZN006_ZN009_ZN010
pr405	ZN001_ZN002_ZN003_ZN004_ZN004_ZN005_ZN003_ZN006_ZN011_ZN008_ZN006_ZN007_ZN008_ZN006_ZN009_ZN010
pr406	ZN001_ZN002_ZN003_ZN004_ZN004_ZN005_ZN003_ZN006_ZN011_ZN008_ZN006_ZN011_ZN006_ZN011_ZN007_ZN006_ZN011_ZN007_ZN008_ZN006_ZN009_ZN010
pr407	ZN001_ZN002_ZN003_ZN004_ZN004_ZN005_ZN003_ZN006_ZN011_ZN011_ZN007_ZN008_ZN006_ZN009_ZN010
pr408	ZN001_ZN002_ZN003_ZN004_ZN004_ZN005_ZN003_ZN006_ZN011_zn007_ZN008_ZN006_ZN007_ZN008_ZN006_ZN009_ZN010
pr409	ZN001_ZN002_ZN003_ZN004_ZN004_ZN005_ZN003_ZN006_ZN011_zn007_ZN009_ZN010
pr410	ZN001_ZN002_ZN003_ZN004_ZN004_ZN005_ZN003_ZN006_ZN011_zn019_ZN003_ZN004_ZN004_ZN005_ZN003_zn007_ZN007_ZN008_ZN006_ZN009_ZN010
pr411	ZN001_ZN002_ZN003_ZN004_ZN004_ZN005_ZN003_ZN006_ZN017_ZN011_ZN007_ZN008_ZN006_ZN009_ZN010
pr412	ZN001_ZN002_ZN003_ZN004_ZN004_ZN005_ZN003_ZN006_ZN018_ZN006_ZN007_ZN008_ZN006_ZN009_ZN010
pr413	ZN001_ZN002_ZN003_ZN004_ZN004_ZN005_ZN003_ZN006_ZN020_ZN016_ZN006_ZN017_ZN006_ZN017_ZN010
pr414	ZN001_ZN002_ZN003_ZN004_ZN004_ZN005_ZN003_ZN006_ZN020_ZN016_ZN006_ZN017_ZN008_ZN006_ZN017_ZN010
pr415	ZN001_ZN002_ZN003_ZN004_ZN004_ZN005_ZN003_ZN006_ZN020_ZN016_ZN006_ZN017_ZN020_ZN016_ZN006_ZN017_ZN010
pr416	ZN001_ZN002_ZN003_ZN004_ZN004_ZN005_ZN003_ZN006_ZN020_ZN016_ZN006_ZN020_ZN016_ZN006_ZN017_ZN010
pr417	ZN001_ZN002_ZN003_ZN004_ZN004_ZN005_ZN003_ZN006_ZN020_ZN016_ZN020_ZN016_ZN006_ZN017_ZN010
pr418	ZN001_ZN002_ZN003_ZN004_ZN004_ZN005_ZN003_ZN006_zn001_ZN010
pr419	ZN001_ZN002_ZN003_ZN004_ZN004_ZN005_ZN003_ZN006_zn002_ZN004_ZN005_ZN003_ZN007_ZN008_ZN006_ZN009_ZN010
pr420	ZN001_ZN002_ZN003_ZN004_ZN004_ZN005_ZN003_ZN006_zn007_ZN006_ZN011_ZN007_ZN008_ZN006_ZN009_ZN010
pr421	ZN001_ZN002_ZN003_ZN004_ZN004_ZN005_ZN003_ZN006_zn007_ZN007_ZN008_ZN006_ZN011_ZN007_ZN008_ZN006_ZN009_ZN010
pr422	ZN001_ZN002_ZN003_ZN004_ZN004_ZN005_ZN003_ZN006_zn007_zn007_ZN007_ZN008_ZN006_ZN009_ZN010
pr423	ZN001_ZN002_ZN003_ZN004_ZN004_ZN005_ZN003_ZN006_zn007_zn007_zn008_ZN007_ZN008_ZN006_ZN009_ZN010
pr424	ZN001_ZN002_ZN003_ZN004_ZN004_ZN005_ZN003_ZN006_zn019_ZN006_ZN009_ZN010
pr425	ZN001_ZN002_ZN003_ZN004_ZN004_ZN005_ZN003_ZN006_zn019_ZN007_zn019_zn019_ZN007_ZN008_ZN006_ZN009_ZN010
pr426	ZN001_ZN002_ZN003_ZN004_ZN004_ZN005_ZN003_ZN006_zn019_ZN011_ZN007_ZN008_ZN006_ZN009_ZN010
pr427	ZN001_ZN002_ZN003_ZN004_ZN004_ZN005_ZN003_ZN007_ZN008_ZN006_ZN009_ZN010
pr428	ZN001_ZN002_ZN003_ZN004_ZN004_ZN005_ZN003_ZN008_ZN006_ZN009_ZN010
pr429	ZN001_ZN002_ZN003_ZN004_ZN004_ZN005_ZN003_ZN018_ZN003_ZN006_ZN011_ZN008_ZN012_ZN008_ZN009
pr430	ZN001_ZN002_ZN003_ZN004_ZN004_ZN005_ZN003_zn002_ZN003_ZN004_ZN004_ZN005_zn007_ZN007_ZN008_ZN006_ZN009_ZN010
pr431	ZN001_ZN002_ZN003_ZN004_ZN004_ZN005_ZN003_zn004_ZN011_ZN011_ZN007_ZN008_ZN006_ZN009_ZN010
pr432	ZN001_ZN002_ZN003_ZN004_ZN004_ZN005_ZN003_zn005_ZN005_ZN003_ZN006_ZN011_ZN007_ZN008_ZN006_ZN009_ZN010
pr433	ZN001_ZN002_ZN003_ZN004_ZN004_ZN005_ZN003_zn008_ZN006_ZN006_ZN007_ZN008_ZN005_ZN003_zn008_ZN006_ZN006_ZN007_ZN008_ZN006_ZN009_ZN010
pr434	ZN001_ZN002_ZN003_ZN004_ZN004_ZN005_ZN004_ZN004_ZN003_ZN006_ZN007_ZN008_ZN006_ZN009_ZN010
pr435	ZN001_ZN002_ZN003_ZN004_ZN004_ZN005_ZN004_ZN004_ZN005_ZN003_ZN006_ZN007_ZN008_ZN006_ZN009_ZN010
pr436	ZN001_ZN002_ZN003_ZN004_ZN004_ZN005_ZN004_ZN004_zn006_ZN004_ZN005_ZN003_ZN006_ZN007_ZN008_ZN006_ZN009_ZN010
pr437	ZN001_ZN002_ZN003_ZN004_ZN004_ZN005_ZN004_ZN005_ZN003_ZN006_ZN007_ZN008_ZN006_ZN009_ZN010
pr438	ZN001_ZN002_ZN003_ZN004_ZN004_ZN005_ZN004_ZN018_ZN003_ZN006_ZN011_ZN008_ZN012_ZN008_ZN009_ZN010
pr439	ZN001_ZN002_ZN003_ZN004_ZN004_ZN005_ZN005_ZN003_ZN006_ZN011_ZN007_ZN008_ZN006_ZN009_ZN010
pr440	ZN001_ZN002_ZN003_ZN004_ZN004_ZN005_ZN005_ZN004_ZN004_ZN003_ZN003_ZN006_ZN007_ZN008_ZN006_ZN009_ZN010
pr441	ZN001_ZN002_ZN003_ZN004_ZN004_ZN005_ZN005_ZN005_ZN003_ZN006_ZN007_ZN005_ZN004_ZN005_ZN005_ZN003_ZN006_ZN020_ZN016_ZN006_ZN017_ZN010
pr442	ZN001_ZN002_ZN003_ZN004_ZN004_ZN005_ZN005_ZN005_ZN003_ZN006_ZN007_ZN011_ZN006_ZN017_ZN010
pr443	ZN001_ZN002_ZN003_ZN004_ZN004_ZN005_ZN005_ZN006_ZN009_ZN010
pr444	ZN001_ZN002_ZN003_ZN004_ZN004_ZN005_ZN006_ZN007_ZN004_ZN003_ZN006_ZN007_ZN008_ZN006_ZN009_ZN010
pr445	ZN001_ZN002_ZN003_ZN004_ZN004_ZN005_ZN006_ZN007_ZN006_ZN006_ZN003_ZN006_ZN007_ZN008_ZN006_ZN009_ZN010
pr446	ZN001_ZN002_ZN003_ZN004_ZN004_ZN005_ZN006_ZN007_ZN008_ZN006_ZN009_ZN010
pr447	ZN001_ZN002_ZN003_ZN004_ZN004_ZN005_ZN006_ZN009_ZN010
pr448	ZN001_ZN002_ZN003_ZN004_ZN004_ZN005_ZN007_ZN008_ZN006_ZN009_ZN010
pr449	ZN001_ZN002_ZN003_ZN004_ZN004_ZN005_zn002_ZN005_ZN003_ZN006_ZN007_ZN008_ZN006_ZN009_ZN010
pr450	ZN001_ZN002_ZN003_ZN004_ZN004_ZN005_zn002_ZN005_ZN006_ZN007_ZN008_ZN006_ZN009_ZN010
pr451	ZN001_ZN002_ZN003_ZN004_ZN004_ZN005_zn002_ZN006_ZN007_ZN008_ZN006_ZN009_ZN006_ZN006_ZN006_ZN007_ZN008_ZN006_ZN009_ZN010
pr452	ZN001_ZN002_ZN003_ZN004_ZN004_ZN005_zn002_zn002_ZN005_ZN003_ZN006_ZN007_ZN008_ZN006_ZN009_ZN010
pr453	ZN001_ZN002_ZN003_ZN004_ZN004_ZN005_zn002_zn002_ZN005_zn002_ZN004_ZN005_ZN003_ZN006_ZN007_ZN008_ZN006_ZN009_ZN010
pr454	ZN001_ZN002_ZN003_ZN004_ZN004_ZN005_zn009_zn009_ZN003_ZN004_ZN004_ZN005_ZN003_ZN006_ZN007_ZN008_ZN006_ZN009_ZN010
pr455	ZN001_ZN002_ZN003_ZN004_ZN004_ZN005_zn010_ZN022_ZN003_ZN006_ZN007_ZN008_ZN006_ZN009_ZN010
pr456	ZN001_ZN002_ZN003_ZN004_ZN004_ZN005_zn016_ZN010
pr457	ZN001_ZN002_ZN003_ZN004_ZN004_ZN006_ZN005_ZN003_ZN021_ZN007_ZN008_ZN006_ZN009_ZN010
pr458	ZN001_ZN002_ZN003_ZN004_ZN004_ZN006_ZN007_ZN008_ZN006_ZN009_ZN010
pr459	ZN001_ZN002_ZN003_ZN004_ZN004_ZN006_ZN011_ZN008_ZN012_ZN008_ZN009_ZN010
pr460	ZN001_ZN002_ZN003_ZN004_ZN004_ZN018_ZN004_ZN003_ZN003_ZN006_ZN011_ZN008_ZN012_ZN015_ZN009_ZN010
pr461	ZN001_ZN002_ZN003_ZN004_ZN004_ZN018_ZN004_ZN018_ZN003_ZN006_ZN011_ZN008_ZN012_ZN008_ZN009_ZN010
pr462	ZN001_ZN002_ZN003_ZN004_ZN004_ZN022_ZN003_ZN004_ZN004_ZN005_ZN003_ZN006_ZN007_ZN008_ZN006_ZN009_ZN010
pr463	ZN001_ZN002_ZN003_ZN004_ZN004_ZN022_ZN003_ZN006_ZN003_ZN006_ZN003_ZN006_ZN007_ZN008_ZN006_ZN009_ZN010
pr464	ZN001_ZN002_ZN003_ZN004_ZN004_ZN022_ZN003_ZN006_ZN007_ZN008_ZN003_ZN004_ZN004_ZN022_ZN003_ZN006_ZN007_ZN008_ZN006_ZN009_ZN010
pr465	ZN001_ZN002_ZN003_ZN004_ZN004_ZN022_ZN003_ZN006_ZN007_ZN008_ZN004_ZN022_ZN003_ZN006_ZN007_ZN008_ZN006_ZN009_ZN010
pr466	ZN001_ZN002_ZN003_ZN004_ZN004_ZN022_ZN003_ZN006_ZN007_ZN008_zn011_zn011_ZN008_zn011_zn011_ZN008_ZN006_ZN009_ZN010
pr467	ZN001_ZN002_ZN003_ZN004_ZN004_ZN022_ZN004_ZN004_ZN022_ZN003_ZN006_ZN007_ZN008_ZN006_ZN009_ZN010
pr468	ZN001_ZN002_ZN003_ZN004_ZN004_ZN022_ZN005_ZN005_ZN003_ZN006_ZN007_ZN008_ZN006_ZN009_ZN010
pr469	ZN001_ZN002_ZN003_ZN004_ZN004_zn002_ZN003_ZN003_ZN006_ZN011_ZN008_ZN012_ZN015_ZN009_ZN010
pr470	ZN001_ZN002_ZN003_ZN004_ZN004_zn002_ZN004_ZN005_ZN003_ZN006_ZN007_ZN008_ZN006_ZN009_ZN010
pr471	ZN001_ZN002_ZN003_ZN004_ZN004_zn002_ZN005_ZN003_ZN006_ZN007_ZN008_ZN006_ZN009_ZN010
pr472	ZN001_ZN002_ZN003_ZN004_ZN004_zn002_ZN005_ZN003_ZN006_ZN011_ZN007_ZN008_ZN006_ZN009_ZN010
pr473	ZN001_ZN002_ZN003_ZN004_ZN004_zn002_ZN018_ZN003_ZN006_ZN011_ZN008_ZN012_ZN008_ZN009_ZN010
pr474	ZN001_ZN002_ZN003_ZN004_ZN004_zn006_ZN003_ZN004_ZN022_ZN003_ZN006_ZN007_ZN008_ZN006_ZN009_ZN010
pr475	ZN001_ZN002_ZN003_ZN004_ZN004_zn006_ZN003_ZN005_ZN003_ZN006_ZN020_ZN016_ZN006_ZN017_ZN010
pr476	ZN001_ZN002_ZN003_ZN004_ZN004_zn006_ZN004_ZN005_ZN003_ZN006_ZN007_ZN008_ZN006_ZN009_ZN010
pr477	ZN001_ZN002_ZN003_ZN004_ZN004_zn006_ZN005_ZN003_ZN006_ZN007_ZN008_ZN006_ZN009_ZN010
pr478	ZN001_ZN002_ZN003_ZN004_ZN005_ZN004_ZN004_ZN005_ZN003_ZN006_ZN020_ZN016_ZN006_ZN017_ZN010
pr479	ZN001_ZN002_ZN003_ZN004_ZN006_ZN003_ZN006_ZN007_ZN008_ZN006_ZN009_ZN010
pr480	ZN001_ZN002_ZN003_ZN004_ZN006_ZN007_ZN008_ZN006_ZN009_ZN010
pr481	ZN001_ZN002_ZN003_ZN004_ZN014_ZN003_ZN006_ZN007_ZN008_ZN006_ZN009_ZN010
pr482	ZN001_ZN002_ZN003_ZN004_ZN018_ZN003_ZN003_ZN003_ZN006_ZN011_ZN008_ZN012_ZN008_ZN009_ZN010
pr483	ZN001_ZN002_ZN003_ZN004_ZN018_ZN003_ZN003_ZN004_ZN003_ZN003_ZN006_ZN011_ZN008_ZN012_ZN008_ZN009_ZN010
pr484	ZN001_ZN002_ZN003_ZN004_ZN018_ZN003_ZN006_ZN004_ZN004_ZN005_ZN003_ZN006_ZN007_ZN008_ZN006_ZN009_ZN010
pr485	ZN001_ZN002_ZN003_ZN004_ZN018_ZN003_ZN006_ZN011_ZN003_ZN003_ZN006_ZN011_ZN008_ZN012_ZN008_ZN009_ZN010
pr486	ZN001_ZN002_ZN003_ZN004_ZN018_ZN003_ZN006_ZN011_ZN008_zn039_ZN011_ZN008_ZN012_ZN008_ZN009_ZN010
pr487	ZN001_ZN002_ZN003_ZN004_ZN018_ZN003_ZN006_ZN011_ZN008_ZN003_ZN006_ZN011_ZN008_ZN006_ZN009_ZN010
pr488	ZN001_ZN002_ZN003_ZN004_ZN018_ZN003_ZN006_ZN011_ZN008_ZN008_ZN008_ZN012_ZN008_ZN009_ZN010
pr489	ZN001_ZN002_ZN003_ZN004_ZN018_ZN003_ZN006_ZN011_ZN008_ZN012_ZN008_ZN008_ZN012_ZN008_ZN009_ZN010
pr490	ZN001_ZN002_ZN003_ZN004_ZN018_ZN003_ZN006_ZN011_ZN008_ZN012_ZN008_ZN009
pr491	ZN001_ZN002_ZN003_ZN004_ZN018_ZN003_ZN006_ZN011_ZN008_ZN012_ZN008_ZN009_ZN008_ZN009_ZN010
pr492	ZN001_ZN002_ZN003_ZN004_ZN018_ZN003_ZN006_ZN011_ZN008_ZN012_ZN008_ZN018_ZN018_ZN004_ZN018_ZN003_ZN006_ZN011_ZN008_ZN012_ZN008_ZN009_ZN010
pr493	ZN001_ZN002_ZN003_ZN004_ZN018_ZN003_ZN006_ZN011_ZN008_ZN012_ZN015_zn040_ZN012_zn041_ZN008_ZN009_ZN010
pr494	ZN001_ZN002_ZN003_ZN004_ZN018_ZN003_ZN006_ZN011_ZN011_zn030_ZN011_ZN008_ZN012_ZN008_ZN009_ZN010
pr495	ZN001_ZN002_ZN003_ZN004_ZN018_ZN003_ZN006_zn007_ZN008_ZN012_ZN008_ZN012_ZN008_ZN009_ZN010
pr496	ZN001_ZN002_ZN003_ZN004_ZN018_ZN003_ZN006_zn007_zn011_ZN008_ZN008_ZN012_ZN008_ZN009_ZN010
pr497	ZN001_ZN002_ZN003_ZN004_ZN018_ZN003_ZN012_ZN008_ZN009_ZN010
pr498	ZN001_ZN002_ZN003_ZN004_ZN018_ZN004_ZN004_ZN003_ZN003_ZN006_ZN011_ZN008_ZN012_ZN008_ZN009_ZN010
pr499	ZN001_ZN002_ZN003_ZN004_ZN018_ZN004_ZN004_ZN004_ZN003_ZN003_ZN006_ZN011_ZN008_ZN012_ZN008_ZN009_ZN010
pr500	ZN001_ZN002_ZN003_ZN004_ZN018_ZN004_ZN004_ZN004_ZN003_ZN004_ZN004_ZN003_ZN003_ZN006_ZN011_ZN008_ZN012_ZN008_ZN009
pr501	ZN001_ZN002_ZN003_ZN004_ZN018_ZN004_ZN004_ZN005_ZN003_ZN006_ZN007_ZN008_ZN006_ZN009_ZN010
pr502	ZN001_ZN002_ZN003_ZN004_ZN018_ZN012_ZN003_ZN004_ZN018_ZN003_ZN006_ZN011_ZN008_ZN012_ZN008_ZN009_ZN010
pr503	ZN001_ZN002_ZN003_ZN004_ZN018_ZN018_ZN018_ZN004_ZN004_ZN005_ZN003_ZN006_ZN020_ZN016_ZN006_ZN017_ZN010
pr504	ZN001_ZN002_ZN003_ZN004_ZN018_zn009_ZN003_ZN004_ZN004_ZN005_ZN003_ZN006_ZN007_ZN008_ZN006_ZN009_ZN010
pr505	ZN001_ZN002_ZN003_ZN004_ZN022_zn002_ZN004_ZN005_ZN003_zn002_ZN004_ZN022_ZN003_ZN006_ZN007_ZN008_ZN006_ZN009_ZN010
pr506	ZN001_ZN002_ZN003_ZN004_zn002_ZN004_ZN004_ZN005_ZN003_ZN006_ZN007_ZN008_ZN006_ZN009_ZN010
pr507	ZN001_ZN002_ZN003_ZN004_zn010_ZN004_ZN004_ZN003_ZN003_ZN006_ZN011_ZN008_ZN012_ZN008_ZN009
pr508	ZN001_ZN002_ZN003_ZN004_zn014_zn012_ZN003_ZN004_ZN004_ZN005_ZN003_ZN006_ZN007_ZN008_ZN006_ZN009_ZN010
pr509	ZN001_ZN002_ZN003_ZN004_zn026_ZN003_ZN004_zn010_zn026_ZN003_ZN004_ZN004_ZN003_ZN003_ZN006_ZN011_ZN008_ZN012_ZN008_ZN009
pr510	ZN001_ZN002_ZN003_ZN005_ZN003_ZN006_ZN007_ZN008_ZN006_ZN009_ZN010
pr511	ZN001_ZN002_ZN003_ZN005_ZN004_ZN004_ZN004_ZN004_ZN005_ZN003_ZN006_ZN004_ZN004_ZN005_ZN003_ZN006_ZN007_ZN008_ZN006_ZN009_ZN010
pr512	ZN001_ZN002_ZN003_ZN006_ZN007_ZN008_ZN006_ZN009_ZN010
pr513	ZN001_ZN002_ZN003_ZN006_ZN011_ZN008_ZN012_ZN008_ZN009
pr514	ZN001_ZN002_ZN003_ZN006_ZN011_ZN008_ZN012_ZN008_ZN009_ZN010
pr515	ZN001_ZN002_ZN003_ZN006_ZN011_ZN008_ZN012_ZN015_ZN017_ZN004_ZN004_ZN003_ZN003_ZN006_ZN011_ZN008_ZN012_ZN015_ZN009_ZN010
pr516	ZN001_ZN002_ZN003_ZN008_ZN006_ZN009_ZN010
pr517	ZN001_ZN002_ZN003_ZN011_ZN008_ZN012_ZN008_ZN009_ZN010
pr518	ZN001_ZN002_ZN003_ZN018_ZN004_ZN004_ZN003_ZN003_ZN003_ZN006_ZN011_ZN008_ZN012_ZN008_ZN009_ZN010
pr519	ZN001_ZN002_ZN003_ZN018_ZN004_ZN004_ZN003_ZN003_ZN006_ZN011_ZN008_ZN012_ZN008_ZN009
pr520	ZN001_ZN002_ZN003_zn002_ZN003_ZN004_ZN004_ZN005_ZN003_ZN006_ZN007_ZN008_ZN006_ZN009_ZN010
pr521	ZN001_ZN002_ZN003_zn002_ZN004_ZN004_ZN004_ZN004_ZN003_ZN003_ZN006_ZN011_ZN008_ZN012_ZN008_ZN009_ZN010
pr522	ZN001_ZN002_ZN003_zn010_ZN018_ZN004_ZN004_ZN005_ZN003_ZN006_ZN007_ZN008_ZN006_ZN009_ZN010
pr523	ZN001_ZN002_ZN003_zn010_zn002_zn010_ZN003_ZN004_ZN004_ZN003_ZN003_ZN006_ZN011_ZN008_ZN012_ZN008_ZN009_ZN010
pr524	ZN001_ZN002_ZN004_ZN004_ZN003_ZN003_ZN006_ZN011_ZN008_ZN012_ZN008_ZN009_ZN010
pr525	ZN001_ZN002_ZN004_ZN004_ZN003_ZN003_ZN006_ZN011_ZN008_ZN012_ZN015_ZN009_ZN010
pr526	ZN001_ZN002_ZN004_ZN004_ZN003_ZN004_ZN004_ZN005_ZN003_ZN006_ZN007_ZN008_ZN006_ZN009_ZN010
pr527	ZN001_ZN002_ZN004_ZN004_ZN005_ZN003_ZN006_ZN007_ZN008_ZN006_ZN009_ZN010
pr528	ZN001_ZN002_ZN007_ZN008_ZN006_ZN009_ZN010
pr529	ZN001_ZN002_zn002_ZN003_ZN004_ZN003_ZN004_ZN003_ZN004_ZN004_ZN005_ZN003_ZN006_ZN007_ZN008_ZN006_ZN009_ZN010
pr530	ZN001_ZN002_zn002_ZN004_ZN005_ZN003_ZN006_ZN007_ZN008_ZN006_ZN009_ZN010
pr531	ZN001_ZN002_zn002_ZN005_ZN003_ZN006_ZN007_ZN008_ZN006_ZN009_ZN010
pr532	ZN001_ZN002_zn005_ZN003_ZN004_ZN004_ZN005_ZN003_ZN006_ZN007_ZN008_ZN006_ZN009_ZN010
pr533	ZN001_ZN002_zn020_ZN018_ZN004_ZN004_ZN005_ZN003_ZN006_ZN007_ZN008_ZN006_ZN009_ZN010
pr534	ZN001_ZN003_ZN004_ZN004_ZN003_ZN003_ZN006_ZN011_ZN008_ZN012_ZN008_ZN009
pr535	ZN001_ZN004_ZN004_ZN005_ZN003_ZN006_ZN007_ZN008_ZN006_ZN009_ZN010
pr536	ZN001_ZN006_ZN007_ZN008_ZN006_ZN009_ZN010
pr537	ZN001_zn003_ZN003_ZN006_ZN007_ZN008_ZN006_ZN009_ZN010
pr538	ZN001_zn003_ZN003_ZN006_ZN011_ZN008_ZN012_ZN008_ZN009_ZN010
pr539	ZN001_zn003_ZN004_ZN004_ZN005_ZN003_ZN006_ZN007_ZN008_ZN006_ZN009_ZN010
pr540	ZN001_zn021_ZN003_ZN003_ZN004_ZN004_ZN003_ZN003_ZN006_ZN011_ZN008_ZN012_ZN008_ZN009
